{"type": "FeatureCollection", "features": [{"type": "Feature", "geometry": {"type": "Polygon", "coordinates": [[[61.210817, 35.650072], [62.230651, 35.270664], [62.984662, 35.404041], [63.193538, 35.857166], [63.982896, 36.007957], [64.546479, 36.312073], [64.746105, 37.111818], [65.588948, 37.305217], [65.745631, 37.661164], [66.217385, 37.39379], [66.518607, 37.362784], [67.075782, 37.356144], [67.83, 37.144994], [68.135562, 37.023115], [68.859446, 37.344336], [69.196273, 37.151144], [69.518785, 37.608997], [70.116578, 37.588223], [70.270574, 37.735165], [70.376304, 38.138396], [70.806821, 38.486282], [71.348131, 38.258905], [71.239404, 37.953265], [71.541918, 37.905774], [71.448693, 37.065645], [71.844638, 36.738171], [72.193041, 36.948288], [72.63689, 37.047558], [73.260056, 37.495257], [73.948696, 37.421566], [74.980002, 37.41999], [75.158028, 37.133031], [74.575893, 37.020841], [74.067552, 36.836176], [72.920025, 36.720007], [71.846292, 36.509942], [71.262348, 36.074388], [71.498768, 35.650563], [71.613076, 35.153203], [71.115019, 34.733126], [71.156773, 34.348911], [70.881803, 33.988856], [69.930543, 34.02012], [70.323594, 33.358533], [69.687147, 33.105499], [69.262522, 32.501944], [69.317764, 31.901412], [68.926677, 31.620189], [68.556932, 31.71331], [67.792689, 31.58293], [67.683394, 31.303154], [66.938891, 31.304911], [66.381458, 30.738899], [66.346473, 29.887943], [65.046862, 29.472181], [64.350419, 29.560031], [64.148002, 29.340819], [63.550261, 29.468331], [62.549857, 29.318572], [60.874248, 29.829239], [61.781222, 30.73585], [61.699314, 31.379506], [60.941945, 31.548075], [60.863655, 32.18292], [60.536078, 32.981269], [60.9637, 33.528832], [60.52843, 33.676446], [60.803193, 34.404102], [61.210817, 35.650072]]]}, "properties": {"name": "Afghanistan"}, "id": "AFG"}, {"type": "Feature", "geometry": {"type": "MultiPolygon", "coordinates": [[[[23.912215, -10.926826], [24.017894, -11.237298], [23.904154, -11.722282], [24.079905, -12.191297], [23.930922, -12.565848], [24.016137, -12.911046], [21.933886, -12.898437], [21.887843, -16.08031], [22.562478, -16.898451], [23.215048, -17.523116], [21.377176, -17.930636], [18.956187, -17.789095], [18.263309, -17.309951], [14.209707, -17.353101], [14.058501, -17.423381], [13.462362, -16.971212], [12.814081, -16.941343], [12.215461, -17.111668], [11.734199, -17.301889], [11.640096, -16.673142], [11.778537, -15.793816], [12.123581, -14.878316], [12.175619, -14.449144], [12.500095, -13.5477], [12.738479, -13.137906], [13.312914, -12.48363], [13.633721, -12.038645], [13.738728, -11.297863], [13.686379, -10.731076], [13.387328, -10.373578], [13.120988, -9.766897], [12.87537, -9.166934], [12.929061, -8.959091], [13.236433, -8.562629], [12.93304, -7.596539], [12.728298, -6.927122], [12.227347, -6.294448], [12.322432, -6.100092], [12.735171, -5.965682], [13.024869, -5.984389], [13.375597, -5.864241], [16.326528, -5.87747], [16.57318, -6.622645], [16.860191, -7.222298], [17.089996, -7.545689], [17.47297, -8.068551], [18.134222, -7.987678], [18.464176, -7.847014], [19.016752, -7.988246], [19.166613, -7.738184], [19.417502, -7.155429], [20.037723, -7.116361], [20.091622, -6.94309], [20.601823, -6.939318], [20.514748, -7.299606], [21.728111, -7.290872], [21.746456, -7.920085], [21.949131, -8.305901], [21.801801, -8.908707], [21.875182, -9.523708], [22.208753, -9.894796], [22.155268, -11.084801], [22.402798, -10.993075], [22.837345, -11.017622], [23.456791, -10.867863], [23.912215, -10.926826]]], [[[12.182337, -5.789931], [11.914963, -5.037987], [12.318608, -4.60623], [12.62076, -4.438023], [12.995517, -4.781103], [12.631612, -4.991271], [12.468004, -5.248362], [12.436688, -5.684304], [12.182337, -5.789931]]]]}, "properties": {"name": "Angola"}, "id": "AGO"}, {"type": "Feature", "geometry": {"type": "Polygon", "coordinates": [[[20.59024608101784, 41.85540894969745], [20.590247, 41.855404], [20.463175, 41.515089], [20.605182, 41.086226], [21.02004, 40.842727], [20.99999, 40.580004], [20.674997, 40.435], [20.615, 40.110007], [20.150016, 39.624998], [19.98, 39.694993], [19.960002, 39.915006], [19.406082, 40.250773], [19.319059, 40.72723], [19.40355, 41.409566], [19.540027, 41.719986], [19.371769, 41.877548], [19.3717684562836, 41.87755057136166], [19.304486, 42.195745], [19.738051, 42.688247], [19.801613, 42.500093], [20.0707, 42.58863], [20.283755, 42.32026], [20.52295, 42.21787], [20.59024608101784, 41.85540894969745]]]}, "properties": {"name": "Albania"}, "id": "ALB"}, {"type": "Feature", "geometry": {"type": "Polygon", "coordinates": [[[51.579519, 24.245497], [51.757441, 24.294073], [51.794389, 24.019826], [52.577081, 24.177439], [53.404007, 24.151317], [54.008001, 24.121758], [54.693024, 24.797892], [55.439025, 25.439145], [56.070821, 26.055464], [56.261042, 25.714606], [56.396847, 24.924732], [55.886233, 24.920831], [55.804119, 24.269604], [55.981214, 24.130543], [55.528632, 23.933604], [55.525841, 23.524869], [55.234489, 23.110993], [55.208341, 22.70833], [55.006803, 22.496948], [52.000733, 23.001154], [51.617708, 24.014219], [51.579519, 24.245497]]]}, "properties": {"name": "United Arab Emirates"}, "id": "ARE"}, {"type": "Feature", "geometry": {"type": "MultiPolygon", "coordinates": [[[[-66.95992, -54.89681], [-67.56244, -54.87001], [-68.63335, -54.8695], [-68.63401, -52.63637], [-68.25, -53.1], [-67.75, -53.85], [-66.45, -54.45], [-65.05, -54.7], [-65.5, -55.2], [-66.45, -55.25], [-66.95992, -54.89681]]], [[[-62.685057, -22.249029], [-60.846565, -23.880713], [-60.028966, -24.032796], [-58.807128, -24.771459], [-57.777217, -25.16234], [-57.63366, -25.603657], [-58.618174, -27.123719], [-57.60976, -27.395899], [-56.486702, -27.548499], [-55.695846, -27.387837], [-54.788795, -26.621786], [-54.625291, -25.739255], [-54.13005, -25.547639], [-53.628349, -26.124865], [-53.648735, -26.923473], [-54.490725, -27.474757], [-55.162286, -27.881915], [-56.2909, -28.852761], [-57.625133, -30.216295], [-57.874937, -31.016556], [-58.14244, -32.044504], [-58.132648, -33.040567], [-58.349611, -33.263189], [-58.427074, -33.909454], [-58.495442, -34.43149], [-57.22583, -35.288027], [-57.362359, -35.97739], [-56.737487, -36.413126], [-56.788285, -36.901572], [-57.749157, -38.183871], [-59.231857, -38.72022], [-61.237445, -38.928425], [-62.335957, -38.827707], [-62.125763, -39.424105], [-62.330531, -40.172586], [-62.145994, -40.676897], [-62.745803, -41.028761], [-63.770495, -41.166789], [-64.73209, -40.802677], [-65.118035, -41.064315], [-64.978561, -42.058001], [-64.303408, -42.359016], [-63.755948, -42.043687], [-63.458059, -42.563138], [-64.378804, -42.873558], [-65.181804, -43.495381], [-65.328823, -44.501366], [-65.565269, -45.036786], [-66.509966, -45.039628], [-67.293794, -45.551896], [-67.580546, -46.301773], [-66.597066, -47.033925], [-65.641027, -47.236135], [-65.985088, -48.133289], [-67.166179, -48.697337], [-67.816088, -49.869669], [-68.728745, -50.264218], [-69.138539, -50.73251], [-68.815561, -51.771104], [-68.149995, -52.349983], [-68.571545, -52.299444], [-69.498362, -52.142761], [-71.914804, -52.009022], [-72.329404, -51.425956], [-72.309974, -50.67701], [-72.975747, -50.74145], [-73.328051, -50.378785], [-73.415436, -49.318436], [-72.648247, -48.878618], [-72.331161, -48.244238], [-72.447355, -47.738533], [-71.917258, -46.884838], [-71.552009, -45.560733], [-71.659316, -44.973689], [-71.222779, -44.784243], [-71.329801, -44.407522], [-71.793623, -44.207172], [-71.464056, -43.787611], [-71.915424, -43.408565], [-72.148898, -42.254888], [-71.746804, -42.051386], [-71.915734, -40.832339], [-71.680761, -39.808164], [-71.413517, -38.916022], [-70.814664, -38.552995], [-71.118625, -37.576827], [-71.121881, -36.658124], [-70.364769, -36.005089], [-70.388049, -35.169688], [-69.817309, -34.193571], [-69.814777, -33.273886], [-70.074399, -33.09121], [-70.535069, -31.36501], [-69.919008, -30.336339], [-70.01355, -29.367923], [-69.65613, -28.459141], [-69.001235, -27.521214], [-68.295542, -26.89934], [-68.5948, -26.506909], [-68.386001, -26.185016], [-68.417653, -24.518555], [-67.328443, -24.025303], [-66.985234, -22.986349], [-67.106674, -22.735925], [-66.273339, -21.83231], [-64.964892, -22.075862], [-64.377021, -22.798091], [-63.986838, -21.993644], [-62.846468, -22.034985], [-62.685057, -22.249029]]]]}, "properties": {"name": "Argentina"}, "id": "ARG"}, {"type": "Feature", "geometry": {"type": "Polygon", "coordinates": [[[43.582746, 41.092143], [44.97248, 41.248129], [45.179496, 40.985354], [45.560351, 40.81229], [45.359175, 40.561504], [45.891907, 40.218476], [45.610012, 39.899994], [46.034534, 39.628021], [46.483499, 39.464155], [46.50572, 38.770605], [46.143623, 38.741201], [45.735379, 39.319719], [45.739978, 39.473999], [45.298145, 39.471751], [45.001987, 39.740004], [44.79399, 39.713003], [44.400009, 40.005], [43.656436, 40.253564], [43.752658, 40.740201], [43.582746, 41.092143]]]}, "properties": {"name": "Armenia"}, "id": "ARM"}, {"type": "Feature", "geometry": {"type": "Polygon", "coordinates": [[[68.935, -48.625], [69.58, -48.94], [70.525, -49.065], [70.56, -49.255], [70.28, -49.71], [68.745, -49.775], [68.72, -49.2425], [68.8675, -48.83], [68.935, -48.625]]]}, "properties": {"name": "French Southern and Antarctic Lands"}, "id": "ATF"}, {"type": "Feature", "geometry": {"type": "MultiPolygon", "coordinates": [[[[145.397978, -40.792549], [146.364121, -41.137695], [146.908584, -41.000546], [147.689259, -40.808258], [148.289068, -40.875438], [148.359865, -42.062445], [148.017301, -42.407024], [147.914052, -43.211522], [147.564564, -42.937689], [146.870343, -43.634597], [146.663327, -43.580854], [146.048378, -43.549745], [145.43193, -42.693776], [145.29509, -42.03361], [144.718071, -41.162552], [144.743755, -40.703975], [145.397978, -40.792549]]], [[[143.561811, -13.763656], [143.922099, -14.548311], [144.563714, -14.171176], [144.894908, -14.594458], [145.374724, -14.984976], [145.271991, -15.428205], [145.48526, -16.285672], [145.637033, -16.784918], [145.888904, -16.906926], [146.160309, -17.761655], [146.063674, -18.280073], [146.387478, -18.958274], [147.471082, -19.480723], [148.177602, -19.955939], [148.848414, -20.39121], [148.717465, -20.633469], [149.28942, -21.260511], [149.678337, -22.342512], [150.077382, -22.122784], [150.482939, -22.556142], [150.727265, -22.402405], [150.899554, -23.462237], [151.609175, -24.076256], [152.07354, -24.457887], [152.855197, -25.267501], [153.136162, -26.071173], [153.161949, -26.641319], [153.092909, -27.2603], [153.569469, -28.110067], [153.512108, -28.995077], [153.339095, -29.458202], [153.069241, -30.35024], [153.089602, -30.923642], [152.891578, -31.640446], [152.450002, -32.550003], [151.709117, -33.041342], [151.343972, -33.816023], [151.010555, -34.31036], [150.714139, -35.17346], [150.32822, -35.671879], [150.075212, -36.420206], [149.946124, -37.109052], [149.997284, -37.425261], [149.423882, -37.772681], [148.304622, -37.809061], [147.381733, -38.219217], [146.922123, -38.606532], [146.317922, -39.035757], [145.489652, -38.593768], [144.876976, -38.417448], [145.032212, -37.896188], [144.485682, -38.085324], [143.609974, -38.809465], [142.745427, -38.538268], [142.17833, -38.380034], [141.606582, -38.308514], [140.638579, -38.019333], [139.992158, -37.402936], [139.806588, -36.643603], [139.574148, -36.138362], [139.082808, -35.732754], [138.120748, -35.612296], [138.449462, -35.127261], [138.207564, -34.384723], [137.71917, -35.076825], [136.829406, -35.260535], [137.352371, -34.707339], [137.503886, -34.130268], [137.890116, -33.640479], [137.810328, -32.900007], [136.996837, -33.752771], [136.372069, -34.094766], [135.989043, -34.890118], [135.208213, -34.47867], [135.239218, -33.947953], [134.613417, -33.222778], [134.085904, -32.848072], [134.273903, -32.617234], [132.990777, -32.011224], [132.288081, -31.982647], [131.326331, -31.495803], [129.535794, -31.590423], [128.240938, -31.948489], [127.102867, -32.282267], [126.148714, -32.215966], [125.088623, -32.728751], [124.221648, -32.959487], [124.028947, -33.483847], [123.659667, -33.890179], [122.811036, -33.914467], [122.183064, -34.003402], [121.299191, -33.821036], [120.580268, -33.930177], [119.893695, -33.976065], [119.298899, -34.509366], [119.007341, -34.464149], [118.505718, -34.746819], [118.024972, -35.064733], [117.295507, -35.025459], [116.625109, -35.025097], [115.564347, -34.386428], [115.026809, -34.196517], [115.048616, -33.623425], [115.545123, -33.487258], [115.714674, -33.259572], [115.679379, -32.900369], [115.801645, -32.205062], [115.689611, -31.612437], [115.160909, -30.601594], [114.997043, -30.030725], [115.040038, -29.461095], [114.641974, -28.810231], [114.616498, -28.516399], [114.173579, -28.118077], [114.048884, -27.334765], [113.477498, -26.543134], [113.338953, -26.116545], [113.778358, -26.549025], [113.440962, -25.621278], [113.936901, -25.911235], [114.232852, -26.298446], [114.216161, -25.786281], [113.721255, -24.998939], [113.625344, -24.683971], [113.393523, -24.384764], [113.502044, -23.80635], [113.706993, -23.560215], [113.843418, -23.059987], [113.736552, -22.475475], [114.149756, -21.755881], [114.225307, -22.517488], [114.647762, -21.82952], [115.460167, -21.495173], [115.947373, -21.068688], [116.711615, -20.701682], [117.166316, -20.623599], [117.441545, -20.746899], [118.229559, -20.374208], [118.836085, -20.263311], [118.987807, -20.044203], [119.252494, -19.952942], [119.805225, -19.976506], [120.85622, -19.683708], [121.399856, -19.239756], [121.655138, -18.705318], [122.241665, -18.197649], [122.286624, -17.798603], [122.312772, -17.254967], [123.012574, -16.4052], [123.433789, -17.268558], [123.859345, -17.069035], [123.503242, -16.596506], [123.817073, -16.111316], [124.258287, -16.327944], [124.379726, -15.56706], [124.926153, -15.0751], [125.167275, -14.680396], [125.670087, -14.51007], [125.685796, -14.230656], [126.125149, -14.347341], [126.142823, -14.095987], [126.582589, -13.952791], [127.065867, -13.817968], [127.804633, -14.276906], [128.35969, -14.86917], [128.985543, -14.875991], [129.621473, -14.969784], [129.4096, -14.42067], [129.888641, -13.618703], [130.339466, -13.357376], [130.183506, -13.10752], [130.617795, -12.536392], [131.223495, -12.183649], [131.735091, -12.302453], [132.575298, -12.114041], [132.557212, -11.603012], [131.824698, -11.273782], [132.357224, -11.128519], [133.019561, -11.376411], [133.550846, -11.786515], [134.393068, -12.042365], [134.678632, -11.941183], [135.298491, -12.248606], [135.882693, -11.962267], [136.258381, -12.049342], [136.492475, -11.857209], [136.95162, -12.351959], [136.685125, -12.887223], [136.305407, -13.29123], [135.961758, -13.324509], [136.077617, -13.724278], [135.783836, -14.223989], [135.428664, -14.715432], [135.500184, -14.997741], [136.295175, -15.550265], [137.06536, -15.870762], [137.580471, -16.215082], [138.303217, -16.807604], [138.585164, -16.806622], [139.108543, -17.062679], [139.260575, -17.371601], [140.215245, -17.710805], [140.875463, -17.369069], [141.07111, -16.832047], [141.274095, -16.38887], [141.398222, -15.840532], [141.702183, -15.044921], [141.56338, -14.561333], [141.63552, -14.270395], [141.519869, -13.698078], [141.65092, -12.944688], [141.842691, -12.741548], [141.68699, -12.407614], [141.928629, -11.877466], [142.118488, -11.328042], [142.143706, -11.042737], [142.51526, -10.668186], [142.79731, -11.157355], [142.866763, -11.784707], [143.115947, -11.90563], [143.158632, -12.325656], [143.522124, -12.834358], [143.597158, -13.400422], [143.561811, -13.763656]]]]}, "properties": {"name": "Australia"}, "id": "AUS"}, {"type": "Feature", "geometry": {"type": "Polygon", "coordinates": [[[16.979667, 48.123497], [16.903754, 47.714866], [16.340584, 47.712902], [16.534268, 47.496171], [16.202298, 46.852386], [16.011664, 46.683611], [15.137092, 46.658703], [14.632472, 46.431817], [13.806475, 46.509306], [12.376485, 46.767559], [12.153088, 47.115393], [11.164828, 46.941579], [11.048556, 46.751359], [10.442701, 46.893546], [9.932448, 46.920728], [9.47997, 47.10281], [9.632932, 47.347601], [9.594226, 47.525058], [9.896068, 47.580197], [10.402084, 47.302488], [10.544504, 47.566399], [11.426414, 47.523766], [12.141357, 47.703083], [12.62076, 47.672388], [12.932627, 47.467646], [13.025851, 47.637584], [12.884103, 48.289146], [13.243357, 48.416115], [13.595946, 48.877172], [14.338898, 48.555305], [14.901447, 48.964402], [15.253416, 49.039074], [16.029647, 48.733899], [16.499283, 48.785808], [16.960288, 48.596982], [16.879983, 48.470013], [16.979667, 48.123497]]]}, "properties": {"name": "Austria"}, "id": "AUT"}, {"type": "Feature", "geometry": {"type": "MultiPolygon", "coordinates": [[[[46.50572, 38.770605], [46.483499, 39.464155], [46.034534, 39.628021], [45.610012, 39.899994], [45.891907, 40.218476], [45.359175, 40.561504], [45.560351, 40.81229], [45.179496, 40.985354], [44.97248, 41.248129], [45.217426, 41.411452], [45.962601, 41.123873], [46.501637, 41.064445], [46.637908, 41.181673], [46.145432, 41.722802], [46.404951, 41.860675], [46.686071, 41.827137], [47.373315, 41.219732], [47.815666, 41.151416], [47.987283, 41.405819], [48.58435388036503, 41.80886911851005], [49.110264, 41.282287], [49.618915, 40.572924], [50.08483, 40.526157], [50.392821, 40.256561], [49.569202, 40.176101], [49.395259, 39.399482], [49.223228, 39.049219], [48.856532, 38.815486], [48.883249, 38.320245], [48.634375, 38.270378], [48.010744, 38.794015], [48.355529, 39.288765], [48.060095, 39.582235], [47.685079, 39.508364], [46.50572, 38.770605]]], [[[44.79399, 39.713003], [45.001987, 39.740004], [45.298145, 39.471751], [45.739978, 39.473999], [45.735379, 39.319719], [46.143623, 38.741201], [45.457722, 38.874139], [44.952688, 39.335765], [44.79399, 39.713003]]]]}, "properties": {"name": "Azerbaijan"}, "id": "AZE"}, {"type": "Feature", "geometry": {"type": "Polygon", "coordinates": [[[29.339998, -4.499983], [29.276384, -3.293907], [29.024926, -2.839258], [29.632176, -2.917858], [29.938359, -2.348487], [30.469673719645275, -2.4138552588224256], [30.52766, -2.80762], [30.74301, -3.03431], [30.75224, -3.35931], [30.50554, -3.56858], [30.11632, -4.09012], [29.753512, -4.452389], [29.339998, -4.499983]]]}, "properties": {"name": "Burundi"}, "id": "BDI"}, {"type": "Feature", "geometry": {"type": "Polygon", "coordinates": [[[4.047071, 51.267259], [4.973991, 51.475024], [5.606976, 51.037298], [6.156658, 50.803721], [6.043073, 50.128052], [5.782417, 50.090328], [5.674052, 49.529484], [4.799222, 49.985373], [4.286023, 49.907497], [3.588184, 50.378992], [3.123252, 50.780363], [2.658422, 50.796848], [2.513573, 51.148506], [3.314971, 51.345781], [3.315011593325167, 51.34577664612884], [3.314971, 51.345755], [4.047071, 51.267259]]]}, "properties": {"name": "Belgium"}, "id": "BEL"}, {"type": "Feature", "geometry": {"type": "Polygon", "coordinates": [[[2.691702, 6.258817], [1.865241, 6.142158], [1.618951, 6.832038], [1.664478, 9.12859], [1.463043, 9.334624], [1.425061, 9.825395], [1.077795, 10.175607], [0.772336, 10.470808], [0.899563, 10.997339], [1.24347, 11.110511], [1.447178, 11.547719], [1.935986, 11.64115], [2.154474, 11.94015], [2.490164, 12.233052], [2.848643, 12.235636], [3.61118, 11.660167], [3.572216, 11.327939], [3.797112, 10.734746], [3.60007, 10.332186], [3.705438, 10.06321], [3.220352, 9.444153], [2.912308, 9.137608], [2.723793, 8.506845], [2.749063, 7.870734], [2.691702, 6.258817]]]}, "properties": {"name": "Benin"}, "id": "BEN"}, {"type": "Feature", "geometry": {"type": "Polygon", "coordinates": [[[2.154474, 11.94015], [1.935986, 11.64115], [1.447178, 11.547719], [1.24347, 11.110511], [0.899563, 10.997339], [0.023803, 11.018682], [-0.438702, 11.098341], [-0.761576, 10.93693], [-1.203358, 11.009819], [-2.940409, 10.96269], [-2.963896, 10.395335], [-2.827496, 9.642461], [-3.511899, 9.900326], [-3.980449, 9.862344], [-4.330247, 9.610835], [-4.779884, 9.821985], [-4.954653, 10.152714], [-5.404342, 10.370737], [-5.470565, 10.95127], [-5.197843, 11.375146], [-5.220942, 11.713859], [-4.427166, 12.542646], [-4.280405, 13.228444], [-4.006391, 13.472485], [-3.522803, 13.337662], [-3.103707, 13.541267], [-2.967694, 13.79815], [-2.191825, 14.246418], [-2.001035, 14.559008], [-1.066363, 14.973815], [-0.515854, 15.116158], [-0.266257, 14.924309], [0.374892, 14.928908], [0.295646, 14.444235], [0.429928, 13.988733], [0.993046, 13.33575], [1.024103, 12.851826], [2.177108, 12.625018], [2.154474, 11.94015]]]}, "properties": {"name": "Burkina Faso"}, "id": "BFA"}, {"type": "Feature", "geometry": {"type": "Polygon", "coordinates": [[[92.672721, 22.041239], [92.652257, 21.324048], [92.303234, 21.475485], [92.368554, 20.670883], [92.082886, 21.192195], [92.025215, 21.70157], [91.834891, 22.182936], [91.417087, 22.765019], [90.496006, 22.805017], [90.586957, 22.392794], [90.272971, 21.836368], [89.847467, 22.039146], [89.70205, 21.857116], [89.418863, 21.966179], [89.031961, 22.055708], [88.876312, 22.879146], [88.52977, 23.631142], [88.69994, 24.233715], [88.084422, 24.501657], [88.306373, 24.866079], [88.931554, 25.238692], [88.209789, 25.768066], [88.563049, 26.446526], [89.355094, 26.014407], [89.832481, 25.965082], [89.920693, 25.26975], [90.872211, 25.132601], [91.799596, 25.147432], [92.376202, 24.976693], [91.915093, 24.130414], [91.46773, 24.072639], [91.158963, 23.503527], [91.706475, 22.985264], [91.869928, 23.624346], [92.146035, 23.627499], [92.672721, 22.041239]]]}, "properties": {"name": "Bangladesh"}, "id": "BGD"}, {"type": "Feature", "geometry": {"type": "Polygon", "coordinates": [[[22.65715, 44.234923], [22.944832, 43.823785], [23.332302, 43.897011], [24.100679, 43.741051], [25.569272, 43.688445], [26.065159, 43.943494], [27.2424, 44.175986], [27.970107, 43.812468], [28.558081, 43.707462], [28.039095, 43.293172], [27.673898, 42.577892], [27.99672, 42.007359], [27.135739, 42.141485], [26.117042, 41.826905], [26.106138, 41.328899], [25.197201, 41.234486], [24.492645, 41.583896], [23.692074, 41.309081], [22.952377, 41.337994], [22.881374, 41.999297], [22.380526, 42.32026], [22.545012, 42.461362], [22.436595, 42.580321], [22.604801, 42.898519], [22.986019, 43.211161], [22.500157, 43.642814], [22.410446, 44.008063], [22.65715, 44.234923]]]}, "properties": {"name": "Bulgaria"}, "id": "BGR"}, {"type": "Feature", "geometry": {"type": "MultiPolygon", "coordinates": [[[[-77.53466, 23.75975], [-77.78, 23.71], [-78.03405, 24.28615], [-78.40848, 24.57564], [-78.19087, 25.2103], [-77.89, 25.17], [-77.54, 24.34], [-77.53466, 23.75975]]], [[[-77.82, 26.58], [-78.91, 26.42], [-78.98, 26.79], [-78.51, 26.87], [-77.85, 26.84], [-77.82, 26.58]]], [[[-77, 26.59], [-77.17255, 25.87918], [-77.35641, 26.00735], [-77.34, 26.53], [-77.78802, 26.92516], [-77.79, 27.04], [-77, 26.59]]]]}, "properties": {"name": "The Bahamas"}, "id": "BHS"}, {"type": "Feature", "geometry": {"type": "Polygon", "coordinates": [[[19.36803, 44.863], [19.11761, 44.42307], [19.59976, 44.03847], [19.454, 43.5681], [19.21852, 43.52384], [19.03165, 43.43253], [18.70648, 43.20011], [18.56, 42.65], [17.674922, 43.028563], [17.297373, 43.446341], [16.916156, 43.667722], [16.456443, 44.04124], [16.23966, 44.351143], [15.750026, 44.818712], [15.959367, 45.233777], [16.318157, 45.004127], [16.534939, 45.211608], [17.002146, 45.233777], [17.861783, 45.06774], [18.553214, 45.08159], [19.005484729036837, 44.86023462204895], [19.00548, 44.86023], [19.36803, 44.863]]]}, "properties": {"name": "Bosnia and Herzegovina"}, "id": "BIH"}, {"type": "Feature", "geometry": {"type": "Polygon", "coordinates": [[[23.484128, 53.912498], [24.450684, 53.905702], [25.536354, 54.282423], [25.768433, 54.846963], [26.588279, 55.167176], [26.494331, 55.615107], [27.10246, 55.783314], [28.176709, 56.16913], [29.229513, 55.918344], [29.371572, 55.670091], [29.896294, 55.789463], [30.873909, 55.550976], [30.971836, 55.081548], [30.757534, 54.811771], [31.384472, 54.157056], [31.791424, 53.974639], [31.731273, 53.794029], [32.405599, 53.618045], [32.693643, 53.351421], [32.304519, 53.132726], [31.49764, 53.16743], [31.305201, 53.073996], [31.540018, 52.742052], [31.78597, 52.10168], [31.785992186245153, 52.101677598227724], [30.927549, 52.042353], [30.619454, 51.822806], [30.555117, 51.319503], [30.157364, 51.416138], [29.254938, 51.368234], [28.992835, 51.602044], [28.617613, 51.427714], [28.241615, 51.572227], [27.454066, 51.592303], [26.337959, 51.832289], [25.327788, 51.910656], [24.553106, 51.888461], [24.005078, 51.617444], [23.527071, 51.578454], [23.508002, 52.023647], [23.199494, 52.486977], [23.799199, 52.691099], [23.804935, 53.089731], [23.527536, 53.470122], [23.484128, 53.912498]]]}, "properties": {"name": "Belarus"}, "id": "BLR"}, {"type": "Feature", "geometry": {"type": "Polygon", "coordinates": [[[-89.14308, 17.808319], [-89.150909, 17.955468], [-89.029857, 18.001511], [-88.848344, 17.883198], [-88.490123, 18.486831], [-88.300031, 18.499982], [-88.296336, 18.353273], [-88.106813, 18.348674], [-88.123479, 18.076675], [-88.285355, 17.644143], [-88.197867, 17.489475], [-88.302641, 17.131694], [-88.239518, 17.036066], [-88.355428, 16.530774], [-88.551825, 16.265467], [-88.732434, 16.233635], [-88.930613, 15.887273], [-89.229122, 15.886938], [-89.150806, 17.015577], [-89.14308, 17.808319]]]}, "properties": {"name": "Belize"}, "id": "BLZ"}, {"type": "Feature", "geometry": {"type": "Polygon", "coordinates": [[[-62.685057, -22.249029], [-62.846468, -22.034985], [-63.986838, -21.993644], [-64.377021, -22.798091], [-64.964892, -22.075862], [-66.273339, -21.83231], [-67.106674, -22.735925], [-67.82818, -22.872919], [-68.219913, -21.494347], [-68.757167, -20.372658], [-68.442225, -19.405068], [-68.966818, -18.981683], [-69.100247, -18.260125], [-69.590424, -17.580012], [-68.959635, -16.500698], [-69.389764, -15.660129], [-69.160347, -15.323974], [-69.339535, -14.953195], [-68.948887, -14.453639], [-68.929224, -13.602684], [-68.88008, -12.899729], [-68.66508, -12.5613], [-69.529678, -10.951734], [-68.786158, -11.03638], [-68.271254, -11.014521], [-68.048192, -10.712059], [-67.173801, -10.306812], [-66.646908, -9.931331], [-65.338435, -9.761988], [-65.444837, -10.511451], [-65.321899, -10.895872], [-65.402281, -11.56627], [-64.316353, -12.461978], [-63.196499, -12.627033], [-62.80306, -13.000653], [-62.127081, -13.198781], [-61.713204, -13.489202], [-61.084121, -13.479384], [-60.503304, -13.775955], [-60.459198, -14.354007], [-60.264326, -14.645979], [-60.251149, -15.077219], [-60.542966, -15.09391], [-60.15839, -16.258284], [-58.24122, -16.299573], [-58.388058, -16.877109], [-58.280804, -17.27171], [-57.734558, -17.552468], [-57.498371, -18.174188], [-57.676009, -18.96184], [-57.949997, -19.400004], [-57.853802, -19.969995], [-58.166392, -20.176701], [-58.183471, -19.868399], [-59.115042, -19.356906], [-60.043565, -19.342747], [-61.786326, -19.633737], [-62.265961, -20.513735], [-62.291179, -21.051635], [-62.685057, -22.249029]]]}, "properties": {"name": "Bolivia"}, "id": "BOL"}, {"type": "Feature", "geometry": {"type": "Polygon", "coordinates": [[[-57.625133, -30.216295], [-56.2909, -28.852761], [-55.162286, -27.881915], [-54.490725, -27.474757], [-53.648735, -26.923473], [-53.628349, -26.124865], [-54.13005, -25.547639], [-54.625291, -25.739255], [-54.428946, -25.162185], [-54.293476, -24.5708], [-54.29296, -24.021014], [-54.652834, -23.839578], [-55.027902, -24.001274], [-55.400747, -23.956935], [-55.517639, -23.571998], [-55.610683, -22.655619], [-55.797958, -22.35693], [-56.473317, -22.0863], [-56.88151, -22.282154], [-57.937156, -22.090176], [-57.870674, -20.732688], [-58.166392, -20.176701], [-57.853802, -19.969995], [-57.949997, -19.400004], [-57.676009, -18.96184], [-57.498371, -18.174188], [-57.734558, -17.552468], [-58.280804, -17.27171], [-58.388058, -16.877109], [-58.24122, -16.299573], [-60.15839, -16.258284], [-60.542966, -15.09391], [-60.251149, -15.077219], [-60.264326, -14.645979], [-60.459198, -14.354007], [-60.503304, -13.775955], [-61.084121, -13.479384], [-61.713204, -13.489202], [-62.127081, -13.198781], [-62.80306, -13.000653], [-63.196499, -12.627033], [-64.316353, -12.461978], [-65.402281, -11.56627], [-65.321899, -10.895872], [-65.444837, -10.511451], [-65.338435, -9.761988], [-66.646908, -9.931331], [-67.173801, -10.306812], [-68.048192, -10.712059], [-68.271254, -11.014521], [-68.786158, -11.03638], [-69.529678, -10.951734], [-70.093752, -11.123972], [-70.548686, -11.009147], [-70.481894, -9.490118], [-71.302412, -10.079436], [-72.184891, -10.053598], [-72.563033, -9.520194], [-73.226713, -9.462213], [-73.015383, -9.032833], [-73.571059, -8.424447], [-73.987235, -7.52383], [-73.723401, -7.340999], [-73.724487, -6.918595], [-73.120027, -6.629931], [-73.219711, -6.089189], [-72.964507, -5.741251], [-72.891928, -5.274561], [-71.748406, -4.593983], [-70.928843, -4.401591], [-70.794769, -4.251265], [-69.893635, -4.298187], [-69.444102, -1.556287], [-69.420486, -1.122619], [-69.577065, -0.549992], [-70.020656, -0.185156], [-70.015566, 0.541414], [-69.452396, 0.706159], [-69.252434, 0.602651], [-69.218638, 0.985677], [-69.804597, 1.089081], [-69.816973, 1.714805], [-67.868565, 1.692455], [-67.53781, 2.037163], [-67.259998, 1.719999], [-67.065048, 1.130112], [-66.876326, 1.253361], [-66.325765, 0.724452], [-65.548267, 0.789254], [-65.354713, 1.095282], [-64.611012, 1.328731], [-64.199306, 1.492855], [-64.083085, 1.916369], [-63.368788, 2.2009], [-63.422867, 2.411068], [-64.269999, 2.497006], [-64.408828, 3.126786], [-64.368494, 3.79721], [-64.816064, 4.056445], [-64.628659, 4.148481], [-63.888343, 4.02053], [-63.093198, 3.770571], [-62.804533, 4.006965], [-62.08543, 4.162124], [-60.966893, 4.536468], [-60.601179, 4.918098], [-60.733574, 5.200277], [-60.213683, 5.244486], [-59.980959, 5.014061], [-60.111002, 4.574967], [-59.767406, 4.423503], [-59.53804, 3.958803], [-59.815413, 3.606499], [-59.974525, 2.755233], [-59.718546, 2.24963], [-59.646044, 1.786894], [-59.030862, 1.317698], [-58.540013, 1.268088], [-58.429477, 1.463942], [-58.11345, 1.507195], [-57.660971, 1.682585], [-57.335823, 1.948538], [-56.782704, 1.863711], [-56.539386, 1.899523], [-55.995698, 1.817667], [-55.9056, 2.021996], [-56.073342, 2.220795], [-55.973322, 2.510364], [-55.569755, 2.421506], [-55.097587, 2.523748], [-54.524754, 2.311849], [-54.088063, 2.105557], [-53.778521, 2.376703], [-53.554839, 2.334897], [-53.418465, 2.053389], [-52.939657, 2.124858], [-52.556425, 2.504705], [-52.249338, 3.241094], [-51.657797, 4.156232], [-51.317146, 4.203491], [-51.069771, 3.650398], [-50.508875, 1.901564], [-49.974076, 1.736483], [-49.947101, 1.04619], [-50.699251, 0.222984], [-50.388211, -0.078445], [-48.620567, -0.235489], [-48.584497, -1.237805], [-47.824956, -0.581618], [-46.566584, -0.941028], [-44.905703, -1.55174], [-44.417619, -2.13775], [-44.581589, -2.691308], [-43.418791, -2.38311], [-41.472657, -2.912018], [-39.978665, -2.873054], [-38.500383, -3.700652], [-37.223252, -4.820946], [-36.452937, -5.109404], [-35.597796, -5.149504], [-35.235389, -5.464937], [-34.89603, -6.738193], [-34.729993, -7.343221], [-35.128212, -8.996401], [-35.636967, -9.649282], [-37.046519, -11.040721], [-37.683612, -12.171195], [-38.423877, -13.038119], [-38.673887, -13.057652], [-38.953276, -13.79337], [-38.882298, -15.667054], [-39.161092, -17.208407], [-39.267339, -17.867746], [-39.583521, -18.262296], [-39.760823, -19.599113], [-40.774741, -20.904512], [-40.944756, -21.937317], [-41.754164, -22.370676], [-41.988284, -22.97007], [-43.074704, -22.967693], [-44.647812, -23.351959], [-45.352136, -23.796842], [-46.472093, -24.088969], [-47.648972, -24.885199], [-48.495458, -25.877025], [-48.641005, -26.623698], [-48.474736, -27.175912], [-48.66152, -28.186135], [-48.888457, -28.674115], [-49.587329, -29.224469], [-50.696874, -30.984465], [-51.576226, -31.777698], [-52.256081, -32.24537], [-52.7121, -33.196578], [-53.373662, -33.768378], [-53.650544, -33.202004], [-53.209589, -32.727666], [-53.787952, -32.047243], [-54.572452, -31.494511], [-55.60151, -30.853879], [-55.973245, -30.883076], [-56.976026, -30.109686], [-57.625133, -30.216295]]]}, "properties": {"name": "Brazil"}, "id": "BRA"}, {"type": "Feature", "geometry": {"type": "Polygon", "coordinates": [[[114.204017, 4.525874], [114.599961, 4.900011], [115.45071, 5.44773], [115.4057, 4.955228], [115.347461, 4.316636], [114.869557, 4.348314], [114.659596, 4.007637], [114.204017, 4.525874]]]}, "properties": {"name": "Brunei"}, "id": "BRN"}, {"type": "Feature", "geometry": {"type": "Polygon", "coordinates": [[[91.696657, 27.771742], [92.103712, 27.452614], [92.033484, 26.83831], [91.217513, 26.808648], [90.373275, 26.875724], [89.744528, 26.719403], [88.835643, 27.098966], [88.814248, 27.299316], [89.47581, 28.042759], [90.015829, 28.296439], [90.730514, 28.064954], [91.258854, 28.040614], [91.696657, 27.771742]]]}, "properties": {"name": "Bhutan"}, "id": "BTN"}, {"type": "Feature", "geometry": {"type": "Polygon", "coordinates": [[[29.432188, -22.091313], [28.017236, -22.827754], [27.11941, -23.574323], [26.786407, -24.240691], [26.485753, -24.616327], [25.941652, -24.696373], [25.765849, -25.174845], [25.664666, -25.486816], [25.025171, -25.71967], [24.211267, -25.670216], [23.73357, -25.390129], [23.312097, -25.26869], [22.824271, -25.500459], [22.579532, -25.979448], [22.105969, -26.280256], [21.605896, -26.726534], [20.889609, -26.828543], [20.66647, -26.477453], [20.758609, -25.868136], [20.165726, -24.917962], [19.895768, -24.76779], [19.895458, -21.849157], [20.881134, -21.814327], [20.910641, -18.252219], [21.65504, -18.219146], [23.196858, -17.869038], [23.579006, -18.281261], [24.217365, -17.889347], [24.520705, -17.887125], [25.084443, -17.661816], [25.264226, -17.73654], [25.649163, -18.536026], [25.850391, -18.714413], [26.164791, -19.293086], [27.296505, -20.39152], [27.724747, -20.499059], [27.727228, -20.851802], [28.02137, -21.485975], [28.794656, -21.639454], [29.432188, -22.091313]]]}, "properties": {"name": "Botswana"}, "id": "BWA"}, {"type": "Feature", "geometry": {"type": "Polygon", "coordinates": [[[15.27946, 7.421925], [16.106232, 7.497088], [16.290562, 7.754307], [16.456185, 7.734774], [16.705988, 7.508328], [17.96493, 7.890914], [18.389555, 8.281304], [18.911022, 8.630895], [18.81201, 8.982915], [19.094008, 9.074847], [20.059685, 9.012706], [21.000868, 9.475985], [21.723822, 10.567056], [22.231129, 10.971889], [22.864165, 11.142395], [22.977544, 10.714463], [23.554304, 10.089255], [23.55725, 9.681218], [23.394779, 9.265068], [23.459013, 8.954286], [23.805813, 8.666319], [23.88698, 8.61973], [24.567369, 8.229188], [25.114932, 7.825104], [25.124131, 7.500085], [25.796648, 6.979316], [26.213418, 6.546603], [26.465909, 5.946717], [27.213409, 5.550953], [27.374226, 5.233944], [27.044065, 5.127853], [26.402761, 5.150875], [25.650455, 5.256088], [25.278798, 5.170408], [25.128833, 4.927245], [24.805029, 4.897247], [24.410531, 5.108784], [23.297214, 4.609693], [22.84148, 4.710126], [22.704124, 4.633051], [22.405124, 4.02916], [21.659123, 4.224342], [20.927591, 4.322786], [20.290679, 4.691678], [19.467784, 5.031528], [18.932312, 4.709506], [18.542982, 4.201785], [18.453065, 3.504386], [17.8099, 3.560196], [17.133042, 3.728197], [16.537058, 3.198255], [16.012852, 2.26764], [15.907381, 2.557389], [15.862732, 3.013537], [15.405396, 3.335301], [15.03622, 3.851367], [14.950953, 4.210389], [14.478372, 4.732605], [14.558936, 5.030598], [14.459407, 5.451761], [14.53656, 6.226959], [14.776545, 6.408498], [15.27946, 7.421925]]]}, "properties": {"name": "Central African Republic"}, "id": "CAF"}, {"type": "Feature", "geometry": {"type": "MultiPolygon", "coordinates": [[[[-63.6645, 46.55001], [-62.9393, 46.41587], [-62.01208, 46.44314], [-62.50391, 46.03339], [-62.87433, 45.96818], [-64.1428, 46.39265], [-64.39261, 46.72747], [-64.01486, 47.03601], [-63.6645, 46.55001]]], [[[-61.806305, 49.10506], [-62.29318, 49.08717], [-63.58926, 49.40069], [-64.51912, 49.87304], [-64.17322, 49.95718], [-62.85829, 49.70641], [-61.835585, 49.28855], [-61.806305, 49.10506]]], [[[-123.510002, 48.510011], [-124.012891, 48.370846], [-125.655013, 48.825005], [-125.954994, 49.179996], [-126.850004, 49.53], [-127.029993, 49.814996], [-128.059336, 49.994959], [-128.444584, 50.539138], [-128.358414, 50.770648], [-127.308581, 50.552574], [-126.695001, 50.400903], [-125.755007, 50.295018], [-125.415002, 49.950001], [-124.920768, 49.475275], [-123.922509, 49.062484], [-123.510002, 48.510011]]], [[[-56.134036, 50.68701], [-56.795882, 49.812309], [-56.143105, 50.150117], [-55.471492, 49.935815], [-55.822401, 49.587129], [-54.935143, 49.313011], [-54.473775, 49.556691], [-53.476549, 49.249139], [-53.786014, 48.516781], [-53.086134, 48.687804], [-52.958648, 48.157164], [-52.648099, 47.535548], [-53.069158, 46.655499], [-53.521456, 46.618292], [-54.178936, 46.807066], [-53.961869, 47.625207], [-54.240482, 47.752279], [-55.400773, 46.884994], [-55.997481, 46.91972], [-55.291219, 47.389562], [-56.250799, 47.632545], [-57.325229, 47.572807], [-59.266015, 47.603348], [-59.419494, 47.899454], [-58.796586, 48.251525], [-59.231625, 48.523188], [-58.391805, 49.125581], [-57.35869, 50.718274], [-56.73865, 51.287438], [-55.870977, 51.632094], [-55.406974, 51.588273], [-55.600218, 51.317075], [-56.134036, 50.68701]]], [[[-132.710008, 54.040009], [-131.74999, 54.120004], [-132.04948, 52.984621], [-131.179043, 52.180433], [-131.57783, 52.182371], [-132.180428, 52.639707], [-132.549992, 53.100015], [-133.054611, 53.411469], [-133.239664, 53.85108], [-133.180004, 54.169975], [-132.710008, 54.040009]]], [[[-79.26582, 62.158675], [-79.65752, 61.63308], [-80.09956, 61.7181], [-80.36215, 62.01649], [-80.315395, 62.085565], [-79.92939, 62.3856], [-79.52002, 62.36371], [-79.26582, 62.158675]]], [[[-81.89825, 62.7108], [-83.06857, 62.15922], [-83.77462, 62.18231], [-83.99367, 62.4528], [-83.25048, 62.91409], [-81.87699, 62.90458], [-81.89825, 62.7108]]], [[[-85.161308, 65.657285], [-84.975764, 65.217518], [-84.464012, 65.371772], [-83.882626, 65.109618], [-82.787577, 64.766693], [-81.642014, 64.455136], [-81.55344, 63.979609], [-80.817361, 64.057486], [-80.103451, 63.725981], [-80.99102, 63.411246], [-82.547178, 63.651722], [-83.108798, 64.101876], [-84.100417, 63.569712], [-85.523405, 63.052379], [-85.866769, 63.637253], [-87.221983, 63.541238], [-86.35276, 64.035833], [-86.224886, 64.822917], [-85.883848, 65.738778], [-85.161308, 65.657285]]], [[[-75.86588, 67.14886], [-76.98687, 67.09873], [-77.2364, 67.58809], [-76.81166, 68.14856], [-75.89521, 68.28721], [-75.1145, 68.01036], [-75.10333, 67.58202], [-75.21597, 67.44425], [-75.86588, 67.14886]]], [[[-95.647681, 69.10769], [-96.269521, 68.75704], [-97.617401, 69.06003], [-98.431801, 68.9507], [-99.797401, 69.40003], [-98.917401, 69.71003], [-98.218261, 70.14354], [-97.157401, 69.86003], [-96.557401, 69.68003], [-96.257401, 69.49003], [-95.647681, 69.10769]]], [[[-67.13741, 45.13753], [-67.79134, 45.70281], [-67.79046, 47.06636], [-68.23444, 47.35486], [-68.905, 47.185], [-69.237216, 47.447781], [-69.99997, 46.69307], [-70.305, 45.915], [-70.66, 45.46], [-71.08482, 45.30524], [-71.405, 45.255], [-71.50506, 45.0082], [-73.34783, 45.00738], [-74.867, 45.00048], [-75.31821, 44.81645], [-76.375, 44.09631], [-76.5, 44.018459], [-76.820034, 43.628784], [-77.737885, 43.629056], [-78.72028, 43.625089], [-79.171674, 43.466339], [-79.01, 43.27], [-78.92, 42.965], [-78.939362, 42.863611], [-80.247448, 42.3662], [-81.277747, 42.209026], [-82.439278, 41.675105], [-82.690089, 41.675105], [-83.02981, 41.832796], [-83.142, 41.975681], [-83.12, 42.08], [-82.9, 42.43], [-82.43, 42.98], [-82.137642, 43.571088], [-82.337763, 44.44], [-82.550925, 45.347517], [-83.592851, 45.816894], [-83.469551, 45.994686], [-83.616131, 46.116927], [-83.890765, 46.116927], [-84.091851, 46.275419], [-84.14212, 46.512226], [-84.3367, 46.40877], [-84.6049, 46.4396], [-84.543749, 46.538684], [-84.779238, 46.637102], [-84.87608, 46.900083], [-85.652363, 47.220219], [-86.461991, 47.553338], [-87.439793, 47.94], [-88.378114, 48.302918], [-89.272917, 48.019808], [-89.6, 48.01], [-90.83, 48.27], [-91.64, 48.14], [-92.61, 48.45], [-93.63087, 48.60926], [-94.32914, 48.67074], [-94.64, 48.84], [-94.81758, 49.38905], [-95.15609, 49.38425], [-95.15907, 49], [-97.22872, 49.0007], [-100.65, 49], [-104.04826, 48.99986], [-107.05, 49], [-110.05, 49], [-113, 49], [-116.04818, 49], [-117.03121, 49], [-120, 49], [-122.84, 49], [-122.97421, 49.002538], [-124.91024, 49.98456], [-125.62461, 50.41656], [-127.43561, 50.83061], [-127.99276, 51.71583], [-127.85032, 52.32961], [-129.12979, 52.75538], [-129.30523, 53.56159], [-130.51497, 54.28757], [-130.53610893020584, 54.80275392768934], [-130.53611, 54.80278], [-129.98, 55.285], [-130.00778, 55.91583], [-131.70781, 56.55212], [-132.73042, 57.69289], [-133.35556, 58.41028], [-134.27111, 58.86111], [-134.945, 59.27056], [-135.47583, 59.78778], [-136.47972, 59.46389], [-137.4525, 58.905], [-138.34089, 59.56211], [-139.039, 60], [-140.013, 60.27682], [-140.99778, 60.30639], [-140.9925, 66.00003], [-140.9860000007956, 69.71199954565792], [-140.986, 69.712], [-139.12052, 69.47102], [-137.54636, 68.99002], [-136.50358, 68.89804], [-135.62576, 69.31512], [-134.41464, 69.62743], [-132.92925, 69.50534], [-131.43136, 69.94451], [-129.79471, 70.19369], [-129.10773, 69.77927], [-128.36156, 70.01286], [-128.13817, 70.48384], [-127.44712, 70.37721], [-125.75632, 69.48058], [-124.42483, 70.1584], [-124.28968, 69.39969], [-123.06108, 69.56372], [-122.6835, 69.85553], [-121.47226, 69.79778], [-119.94288, 69.37786], [-117.60268, 69.01128], [-116.22643, 68.84151], [-115.2469, 68.90591], [-113.89794, 68.3989], [-115.30489, 67.90261], [-113.49727, 67.68815], [-110.798, 67.80612], [-109.94619, 67.98104], [-108.8802, 67.38144], [-107.79239, 67.88736], [-108.81299, 68.31164], [-108.16721, 68.65392], [-106.95, 68.7], [-106.15, 68.8], [-105.34282, 68.56122], [-104.33791, 68.018], [-103.22115, 68.09775], [-101.45433, 67.64689], [-99.90195, 67.80566], [-98.4432, 67.78165], [-98.5586, 68.40394], [-97.66948, 68.57864], [-96.11991, 68.23939], [-96.12588, 67.29338], [-95.48943, 68.0907], [-94.685, 68.06383], [-94.23282, 69.06903], [-95.30408, 69.68571], [-96.47131, 70.08976], [-96.39115, 71.19482], [-95.2088, 71.92053], [-93.88997, 71.76015], [-92.87818, 71.31869], [-91.51964, 70.19129], [-92.40692, 69.69997], [-90.5471, 69.49766], [-90.55151, 68.47499], [-89.21515, 69.25873], [-88.01966, 68.61508], [-88.31749, 67.87338], [-87.35017, 67.19872], [-86.30607, 67.92146], [-85.57664, 68.78456], [-85.52197, 69.88211], [-84.10081, 69.80539], [-82.62258, 69.65826], [-81.28043, 69.16202], [-81.2202, 68.66567], [-81.96436, 68.13253], [-81.25928, 67.59716], [-81.38653, 67.11078], [-83.34456, 66.41154], [-84.73542, 66.2573], [-85.76943, 66.55833], [-86.0676, 66.05625], [-87.03143, 65.21297], [-87.32324, 64.77563], [-88.48296, 64.09897], [-89.91444, 64.03273], [-90.70398, 63.61017], [-90.77004, 62.96021], [-91.93342, 62.83508], [-93.15698, 62.02469], [-94.24153, 60.89865], [-94.62931, 60.11021], [-94.6846, 58.94882], [-93.21502, 58.78212], [-92.76462, 57.84571], [-92.29703, 57.08709], [-90.89769, 57.28468], [-89.03953, 56.85172], [-88.03978, 56.47162], [-87.32421, 55.99914], [-86.07121, 55.72383], [-85.01181, 55.3026], [-83.36055, 55.24489], [-82.27285, 55.14832], [-82.4362, 54.28227], [-82.12502, 53.27703], [-81.40075, 52.15788], [-79.91289, 51.20842], [-79.14301, 51.53393], [-78.60191, 52.56208], [-79.12421, 54.14145], [-79.82958, 54.66772], [-78.22874, 55.13645], [-77.0956, 55.83741], [-76.54137, 56.53423], [-76.62319, 57.20263], [-77.30226, 58.05209], [-78.51688, 58.80458], [-77.33676, 59.85261], [-77.77272, 60.75788], [-78.10687, 62.31964], [-77.41067, 62.55053], [-75.69621, 62.2784], [-74.6682, 62.18111], [-73.83988, 62.4438], [-72.90853, 62.10507], [-71.67708, 61.52535], [-71.37369, 61.13717], [-69.59042, 61.06141], [-69.62033, 60.22125], [-69.2879, 58.95736], [-68.37455, 58.80106], [-67.64976, 58.21206], [-66.20178, 58.76731], [-65.24517, 59.87071], [-64.58352, 60.33558], [-63.80475, 59.4426], [-62.50236, 58.16708], [-61.39655, 56.96745], [-61.79866, 56.33945], [-60.46853, 55.77548], [-59.56962, 55.20407], [-57.97508, 54.94549], [-57.3332, 54.6265], [-56.93689, 53.78032], [-56.15811, 53.64749], [-55.75632, 53.27036], [-55.68338, 52.14664], [-56.40916, 51.7707], [-57.12691, 51.41972], [-58.77482, 51.0643], [-60.03309, 50.24277], [-61.72366, 50.08046], [-63.86251, 50.29099], [-65.36331, 50.2982], [-66.39905, 50.22897], [-67.23631, 49.51156], [-68.51114, 49.06836], [-69.95362, 47.74488], [-71.10458, 46.82171], [-70.25522, 46.98606], [-68.65, 48.3], [-66.55243, 49.1331], [-65.05626, 49.23278], [-64.17099, 48.74248], [-65.11545, 48.07085], [-64.79854, 46.99297], [-64.47219, 46.23849], [-63.17329, 45.73902], [-61.52072, 45.88377], [-60.51815, 47.00793], [-60.4486, 46.28264], [-59.80287, 45.9204], [-61.03988, 45.26525], [-63.25471, 44.67014], [-64.24656, 44.26553], [-65.36406, 43.54523], [-66.1234, 43.61867], [-66.16173, 44.46512], [-64.42549, 45.29204], [-66.02605, 45.25931], [-67.13741, 45.13753]]], [[[-114.16717, 73.12145], [-114.66634, 72.65277], [-112.44102, 72.9554], [-111.05039, 72.4504], [-109.92035, 72.96113], [-109.00654, 72.63335], [-108.18835, 71.65089], [-107.68599, 72.06548], [-108.39639, 73.08953], [-107.51645, 73.23598], [-106.52259, 73.07601], [-105.40246, 72.67259], [-104.77484, 71.6984], [-104.46476, 70.99297], [-102.78537, 70.49776], [-100.98078, 70.02432], [-101.08929, 69.58447], [-102.73116, 69.50402], [-102.09329, 69.11962], [-102.43024, 68.75282], [-104.24, 68.91], [-105.96, 69.18], [-107.12254, 69.11922], [-109, 68.78], [-111.534149, 68.630059], [-113.3132, 68.53554], [-113.85496, 69.00744], [-115.22, 69.28], [-116.10794, 69.16821], [-117.34, 69.96], [-116.67473, 70.06655], [-115.13112, 70.2373], [-113.72141, 70.19237], [-112.4161, 70.36638], [-114.35, 70.6], [-116.48684, 70.52045], [-117.9048, 70.54056], [-118.43238, 70.9092], [-116.11311, 71.30918], [-117.65568, 71.2952], [-119.40199, 71.55859], [-118.56267, 72.30785], [-117.86642, 72.70594], [-115.18909, 73.31459], [-114.16717, 73.12145]]], [[[-104.5, 73.42], [-105.38, 72.76], [-106.94, 73.46], [-106.6, 73.6], [-105.26, 73.64], [-104.5, 73.42]]], [[[-76.34, 73.102685], [-76.251404, 72.826385], [-77.314438, 72.855545], [-78.39167, 72.876656], [-79.486252, 72.742203], [-79.775833, 72.802902], [-80.876099, 73.333183], [-80.833885, 73.693184], [-80.353058, 73.75972], [-78.064438, 73.651932], [-76.34, 73.102685]]], [[[-86.562179, 73.157447], [-85.774371, 72.534126], [-84.850112, 73.340278], [-82.31559, 73.750951], [-80.600088, 72.716544], [-80.748942, 72.061907], [-78.770639, 72.352173], [-77.824624, 72.749617], [-75.605845, 72.243678], [-74.228616, 71.767144], [-74.099141, 71.33084], [-72.242226, 71.556925], [-71.200015, 70.920013], [-68.786054, 70.525024], [-67.91497, 70.121948], [-66.969033, 69.186087], [-68.805123, 68.720198], [-66.449866, 68.067163], [-64.862314, 67.847539], [-63.424934, 66.928473], [-61.851981, 66.862121], [-62.163177, 66.160251], [-63.918444, 64.998669], [-65.14886, 65.426033], [-66.721219, 66.388041], [-68.015016, 66.262726], [-68.141287, 65.689789], [-67.089646, 65.108455], [-65.73208, 64.648406], [-65.320168, 64.382737], [-64.669406, 63.392927], [-65.013804, 62.674185], [-66.275045, 62.945099], [-68.783186, 63.74567], [-67.369681, 62.883966], [-66.328297, 62.280075], [-66.165568, 61.930897], [-68.877367, 62.330149], [-71.023437, 62.910708], [-72.235379, 63.397836], [-71.886278, 63.679989], [-73.378306, 64.193963], [-74.834419, 64.679076], [-74.818503, 64.389093], [-77.70998, 64.229542], [-78.555949, 64.572906], [-77.897281, 65.309192], [-76.018274, 65.326969], [-73.959795, 65.454765], [-74.293883, 65.811771], [-73.944912, 66.310578], [-72.651167, 67.284576], [-72.92606, 67.726926], [-73.311618, 68.069437], [-74.843307, 68.554627], [-76.869101, 68.894736], [-76.228649, 69.147769], [-77.28737, 69.76954], [-78.168634, 69.826488], [-78.957242, 70.16688], [-79.492455, 69.871808], [-81.305471, 69.743185], [-84.944706, 69.966634], [-87.060003, 70.260001], [-88.681713, 70.410741], [-89.51342, 70.762038], [-88.467721, 71.218186], [-89.888151, 71.222552], [-90.20516, 72.235074], [-89.436577, 73.129464], [-88.408242, 73.537889], [-85.826151, 73.803816], [-86.562179, 73.157447]]], [[[-100.35642, 73.84389], [-99.16387, 73.63339], [-97.38, 73.76], [-97.12, 73.47], [-98.05359, 72.99052], [-96.54, 72.56], [-96.72, 71.66], [-98.35966, 71.27285], [-99.32286, 71.35639], [-100.01482, 71.73827], [-102.5, 72.51], [-102.48, 72.83], [-100.43836, 72.70588], [-101.54, 73.36], [-100.35642, 73.84389]]], [[[-93.196296, 72.771992], [-94.269047, 72.024596], [-95.409856, 72.061881], [-96.033745, 72.940277], [-96.018268, 73.43743], [-95.495793, 73.862417], [-94.503658, 74.134907], [-92.420012, 74.100025], [-90.509793, 73.856732], [-92.003965, 72.966244], [-93.196296, 72.771992]]], [[[-120.46, 71.383602], [-123.09219, 70.90164], [-123.62, 71.34], [-125.928949, 71.868688], [-125.5, 72.292261], [-124.80729, 73.02256], [-123.94, 73.68], [-124.91775, 74.29275], [-121.53788, 74.44893], [-120.10978, 74.24135], [-117.55564, 74.18577], [-116.58442, 73.89607], [-115.51081, 73.47519], [-116.76794, 73.22292], [-119.22, 72.52], [-120.46, 71.82], [-120.46, 71.383602]]], [[[-93.612756, 74.979997], [-94.156909, 74.592347], [-95.608681, 74.666864], [-96.820932, 74.927623], [-96.288587, 75.377828], [-94.85082, 75.647218], [-93.977747, 75.29649], [-93.612756, 74.979997]]], [[[-98.5, 76.72], [-97.735585, 76.25656], [-97.704415, 75.74344], [-98.16, 75], [-99.80874, 74.89744], [-100.88366, 75.05736], [-100.86292, 75.64075], [-102.50209, 75.5638], [-102.56552, 76.3366], [-101.48973, 76.30537], [-99.98349, 76.64634], [-98.57699, 76.58859], [-98.5, 76.72]]], [[[-108.21141, 76.20168], [-107.81943, 75.84552], [-106.92893, 76.01282], [-105.881, 75.9694], [-105.70498, 75.47951], [-106.31347, 75.00527], [-109.7, 74.85], [-112.22307, 74.41696], [-113.74381, 74.39427], [-113.87135, 74.72029], [-111.79421, 75.1625], [-116.31221, 75.04343], [-117.7104, 75.2222], [-116.34602, 76.19903], [-115.40487, 76.47887], [-112.59056, 76.14134], [-110.81422, 75.54919], [-109.0671, 75.47321], [-110.49726, 76.42982], [-109.5811, 76.79417], [-108.54859, 76.67832], [-108.21141, 76.20168]]], [[[-94.684086, 77.097878], [-93.573921, 76.776296], [-91.605023, 76.778518], [-90.741846, 76.449597], [-90.969661, 76.074013], [-89.822238, 75.847774], [-89.187083, 75.610166], [-87.838276, 75.566189], [-86.379192, 75.482421], [-84.789625, 75.699204], [-82.753445, 75.784315], [-81.128531, 75.713983], [-80.057511, 75.336849], [-79.833933, 74.923127], [-80.457771, 74.657304], [-81.948843, 74.442459], [-83.228894, 74.564028], [-86.097452, 74.410032], [-88.15035, 74.392307], [-89.764722, 74.515555], [-92.422441, 74.837758], [-92.768285, 75.38682], [-92.889906, 75.882655], [-93.893824, 76.319244], [-95.962457, 76.441381], [-97.121379, 76.751078], [-96.745123, 77.161389], [-94.684086, 77.097878]]], [[[-116.198587, 77.645287], [-116.335813, 76.876962], [-117.106051, 76.530032], [-118.040412, 76.481172], [-119.899318, 76.053213], [-121.499995, 75.900019], [-122.854925, 76.116543], [-121.157535, 76.864508], [-119.103939, 77.51222], [-117.570131, 77.498319], [-116.198587, 77.645287]]], [[[-93.840003, 77.519997], [-94.295608, 77.491343], [-96.169654, 77.555111], [-96.436304, 77.834629], [-94.422577, 77.820005], [-93.720656, 77.634331], [-93.840003, 77.519997]]], [[[-110.186938, 77.697015], [-112.051191, 77.409229], [-113.534279, 77.732207], [-112.724587, 78.05105], [-111.264443, 78.152956], [-109.854452, 77.996325], [-110.186938, 77.697015]]], [[[-109.663146, 78.601973], [-110.881314, 78.40692], [-112.542091, 78.407902], [-112.525891, 78.550555], [-111.50001, 78.849994], [-110.963661, 78.804441], [-109.663146, 78.601973]]], [[[-95.830295, 78.056941], [-97.309843, 77.850597], [-98.124289, 78.082857], [-98.552868, 78.458105], [-98.631984, 78.87193], [-97.337231, 78.831984], [-96.754399, 78.765813], [-95.559278, 78.418315], [-95.830295, 78.056941]]], [[[-100.060192, 78.324754], [-99.670939, 77.907545], [-101.30394, 78.018985], [-102.949809, 78.343229], [-105.176133, 78.380332], [-104.210429, 78.67742], [-105.41958, 78.918336], [-105.492289, 79.301594], [-103.529282, 79.165349], [-100.825158, 78.800462], [-100.060192, 78.324754]]], [[[-87.02, 79.66], [-85.81435, 79.3369], [-87.18756, 79.0393], [-89.03535, 78.28723], [-90.80436, 78.21533], [-92.87669, 78.34333], [-93.95116, 78.75099], [-93.93574, 79.11373], [-93.14524, 79.3801], [-94.974, 79.37248], [-96.07614, 79.70502], [-96.70972, 80.15777], [-96.01644, 80.60233], [-95.32345, 80.90729], [-94.29843, 80.97727], [-94.73542, 81.20646], [-92.40984, 81.25739], [-91.13289, 80.72345], [-89.45, 80.509322], [-87.81, 80.32], [-87.02, 79.66]]], [[[-68.5, 83.106322], [-65.82735, 83.02801], [-63.68, 82.9], [-61.85, 82.6286], [-61.89388, 82.36165], [-64.334, 81.92775], [-66.75342, 81.72527], [-67.65755, 81.50141], [-65.48031, 81.50657], [-67.84, 80.9], [-69.4697, 80.61683], [-71.18, 79.8], [-73.2428, 79.63415], [-73.88, 79.430162], [-76.90773, 79.32309], [-75.52924, 79.19766], [-76.22046, 79.01907], [-75.39345, 78.52581], [-76.34354, 78.18296], [-77.88851, 77.89991], [-78.36269, 77.50859], [-79.75951, 77.20968], [-79.61965, 76.98336], [-77.91089, 77.022045], [-77.88911, 76.777955], [-80.56125, 76.17812], [-83.17439, 76.45403], [-86.11184, 76.29901], [-87.6, 76.42], [-89.49068, 76.47239], [-89.6161, 76.95213], [-87.76739, 77.17833], [-88.26, 77.9], [-87.65, 77.970222], [-84.97634, 77.53873], [-86.34, 78.18], [-87.96192, 78.37181], [-87.15198, 78.75867], [-85.37868, 78.9969], [-85.09495, 79.34543], [-86.50734, 79.73624], [-86.93179, 80.25145], [-84.19844, 80.20836], [-83.408696, 80.1], [-81.84823, 80.46442], [-84.1, 80.58], [-87.59895, 80.51627], [-89.36663, 80.85569], [-90.2, 81.26], [-91.36786, 81.5531], [-91.58702, 81.89429], [-90.1, 82.085], [-88.93227, 82.11751], [-86.97024, 82.27961], [-85.5, 82.652273], [-84.260005, 82.6], [-83.18, 82.32], [-82.42, 82.86], [-81.1, 83.02], [-79.30664, 83.13056], [-76.25, 83.172059], [-75.71878, 83.06404], [-72.83153, 83.23324], [-70.665765, 83.169781], [-68.5, 83.106322]]]]}, "properties": {"name": "Canada"}, "id": "CAN"}, {"type": "Feature", "geometry": {"type": "Polygon", "coordinates": [[[9.594226, 47.525058], [9.632932, 47.347601], [9.47997, 47.10281], [9.932448, 46.920728], [10.442701, 46.893546], [10.363378, 46.483571], [9.922837, 46.314899], [9.182882, 46.440215], [8.966306, 46.036932], [8.489952, 46.005151], [8.31663, 46.163642], [7.755992, 45.82449], [7.273851, 45.776948], [6.843593, 45.991147], [6.5001, 46.429673], [6.022609, 46.27299], [6.037389, 46.725779], [6.768714, 47.287708], [6.736571, 47.541801], [7.192202, 47.449766], [7.466759, 47.620582], [8.317301, 47.61358], [8.522612, 47.830828], [9.594226, 47.525058]]]}, "properties": {"name": "Switzerland"}, "id": "CHE"}, {"type": "Feature", "geometry": {"type": "MultiPolygon", "coordinates": [[[[-68.63401, -52.63637], [-68.63335, -54.8695], [-67.56244, -54.87001], [-66.95992, -54.89681], [-67.29103, -55.30124], [-68.14863, -55.61183], [-68.639991, -55.580018], [-69.2321, -55.49906], [-69.95809, -55.19843], [-71.00568, -55.05383], [-72.2639, -54.49514], [-73.2852, -53.95752], [-74.66253, -52.83749], [-73.8381, -53.04743], [-72.43418, -53.7154], [-71.10773, -54.07433], [-70.59178, -53.61583], [-70.26748, -52.93123], [-69.34565, -52.5183], [-68.63401, -52.63637]]], [[[-67.106674, -22.735925], [-66.985234, -22.986349], [-67.328443, -24.025303], [-68.417653, -24.518555], [-68.386001, -26.185016], [-68.5948, -26.506909], [-68.295542, -26.89934], [-69.001235, -27.521214], [-69.65613, -28.459141], [-70.01355, -29.367923], [-69.919008, -30.336339], [-70.535069, -31.36501], [-70.074399, -33.09121], [-69.814777, -33.273886], [-69.817309, -34.193571], [-70.388049, -35.169688], [-70.364769, -36.005089], [-71.121881, -36.658124], [-71.118625, -37.576827], [-70.814664, -38.552995], [-71.413517, -38.916022], [-71.680761, -39.808164], [-71.915734, -40.832339], [-71.746804, -42.051386], [-72.148898, -42.254888], [-71.915424, -43.408565], [-71.464056, -43.787611], [-71.793623, -44.207172], [-71.329801, -44.407522], [-71.222779, -44.784243], [-71.659316, -44.973689], [-71.552009, -45.560733], [-71.917258, -46.884838], [-72.447355, -47.738533], [-72.331161, -48.244238], [-72.648247, -48.878618], [-73.415436, -49.318436], [-73.328051, -50.378785], [-72.975747, -50.74145], [-72.309974, -50.67701], [-72.329404, -51.425956], [-71.914804, -52.009022], [-69.498362, -52.142761], [-68.571545, -52.299444], [-69.461284, -52.291951], [-69.94278, -52.537931], [-70.845102, -52.899201], [-71.006332, -53.833252], [-71.429795, -53.856455], [-72.557943, -53.53141], [-73.702757, -52.835069], [-74.946763, -52.262754], [-75.260026, -51.629355], [-74.976632, -51.043396], [-75.479754, -50.378372], [-75.608015, -48.673773], [-75.18277, -47.711919], [-74.126581, -46.939253], [-75.644395, -46.647643], [-74.692154, -45.763976], [-74.351709, -44.103044], [-73.240356, -44.454961], [-72.717804, -42.383356], [-73.3889, -42.117532], [-73.701336, -43.365776], [-74.331943, -43.224958], [-74.017957, -41.794813], [-73.677099, -39.942213], [-73.217593, -39.258689], [-73.505559, -38.282883], [-73.588061, -37.156285], [-73.166717, -37.12378], [-72.553137, -35.50884], [-71.861732, -33.909093], [-71.43845, -32.418899], [-71.668721, -30.920645], [-71.370083, -30.095682], [-71.489894, -28.861442], [-70.905124, -27.64038], [-70.724954, -25.705924], [-70.403966, -23.628997], [-70.091246, -21.393319], [-70.16442, -19.756468], [-70.372572, -18.347975], [-69.858444, -18.092694], [-69.590424, -17.580012], [-69.100247, -18.260125], [-68.966818, -18.981683], [-68.442225, -19.405068], [-68.757167, -20.372658], [-68.219913, -21.494347], [-67.82818, -22.872919], [-67.106674, -22.735925]]]]}, "properties": {"name": "Chile"}, "id": "CHL"}, {"type": "Feature", "geometry": {"type": "MultiPolygon", "coordinates": [[[[75.158028, 37.133031], [74.980002, 37.41999], [74.829986, 37.990007], [74.864816, 38.378846], [74.257514, 38.606507], [73.928852, 38.505815], [73.675379, 39.431237], [73.960013, 39.660008], [73.822244, 39.893973], [74.776862, 40.366425], [75.467828, 40.562072], [76.526368, 40.427946], [76.904484, 41.066486], [78.187197, 41.185316], [78.543661, 41.582243], [80.11943, 42.123941], [80.25999, 42.349999], [80.18015, 42.920068], [80.866206, 43.180362], [79.966106, 44.917517], [81.947071, 45.317027], [82.458926, 45.53965], [83.180484, 47.330031], [85.16429, 47.000956], [85.720484, 47.452969], [85.768233, 48.455751], [86.598776, 48.549182], [87.35997, 49.214981], [87.751264, 49.297198], [88.013832, 48.599463], [88.854298, 48.069082], [90.280826, 47.693549], [90.970809, 46.888146], [90.585768, 45.719716], [90.94554, 45.286073], [92.133891, 45.115076], [93.480734, 44.975472], [94.688929, 44.352332], [95.306875, 44.241331], [95.762455, 43.319449], [96.349396, 42.725635], [97.451757, 42.74889], [99.515817, 42.524691], [100.845866, 42.663804], [101.83304, 42.514873], [103.312278, 41.907468], [104.522282, 41.908347], [104.964994, 41.59741], [106.129316, 42.134328], [107.744773, 42.481516], [109.243596, 42.519446], [110.412103, 42.871234], [111.129682, 43.406834], [111.829588, 43.743118], [111.667737, 44.073176], [111.348377, 44.457442], [111.873306, 45.102079], [112.436062, 45.011646], [113.463907, 44.808893], [114.460332, 45.339817], [115.985096, 45.727235], [116.717868, 46.388202], [117.421701, 46.672733], [118.874326, 46.805412], [119.66327, 46.69268], [119.772824, 47.048059], [118.866574, 47.74706], [118.064143, 48.06673], [117.295507, 47.697709], [116.308953, 47.85341], [115.742837, 47.726545], [115.485282, 48.135383], [116.191802, 49.134598], [116.678801, 49.888531], [117.879244, 49.510983], [119.288461, 50.142883], [119.27939, 50.58292], [120.18208, 51.64355], [120.7382, 51.96411], [120.725789, 52.516226], [120.177089, 52.753886], [121.003085, 53.251401], [122.245748, 53.431726], [123.57147, 53.4588], [125.068211, 53.161045], [125.946349, 52.792799], [126.564399, 51.784255], [126.939157, 51.353894], [127.287456, 50.739797], [127.6574, 49.76027], [129.397818, 49.4406], [130.582293, 48.729687], [130.98726, 47.79013], [132.50669, 47.78896], [133.373596, 48.183442], [135.026311, 48.47823], [134.50081, 47.57845], [134.11235, 47.21248], [133.769644, 46.116927], [133.09712, 45.14409], [131.883454, 45.321162], [131.02519, 44.96796], [131.288555, 44.11152], [131.144688, 42.92999], [130.633866, 42.903015], [130.6399997115198, 42.39502389179288], [129.994267, 42.985387], [129.596669, 42.424982], [128.052215, 41.994285], [128.208433, 41.466772], [127.343783, 41.503152], [126.869083, 41.816569], [126.182045, 41.107336], [125.079942, 40.569824], [124.265625, 39.928493], [122.86757, 39.637788], [122.131388, 39.170452], [121.054554, 38.897471], [121.585995, 39.360854], [121.376757, 39.750261], [122.168595, 40.422443], [121.640359, 40.94639], [120.768629, 40.593388], [119.639602, 39.898056], [119.023464, 39.252333], [118.042749, 39.204274], [117.532702, 38.737636], [118.059699, 38.061476], [118.87815, 37.897325], [118.911636, 37.448464], [119.702802, 37.156389], [120.823457, 37.870428], [121.711259, 37.481123], [122.357937, 37.454484], [122.519995, 36.930614], [121.104164, 36.651329], [120.637009, 36.11144], [119.664562, 35.609791], [119.151208, 34.909859], [120.227525, 34.360332], [120.620369, 33.376723], [121.229014, 32.460319], [121.908146, 31.692174], [121.891919, 30.949352], [121.264257, 30.676267], [121.503519, 30.142915], [122.092114, 29.83252], [121.938428, 29.018022], [121.684439, 28.225513], [121.125661, 28.135673], [120.395473, 27.053207], [119.585497, 25.740781], [118.656871, 24.547391], [117.281606, 23.624501], [115.890735, 22.782873], [114.763827, 22.668074], [114.152547, 22.22376], [113.80678, 22.54834], [113.241078, 22.051367], [111.843592, 21.550494], [110.785466, 21.397144], [110.444039, 20.341033], [109.889861, 20.282457], [109.627655, 21.008227], [109.864488, 21.395051], [108.522813, 21.715212], [108.05018, 21.55238], [107.04342, 21.811899], [106.567273, 22.218205], [106.725403, 22.794268], [105.811247, 22.976892], [105.329209, 23.352063], [104.476858, 22.81915], [103.504515, 22.703757], [102.706992, 22.708795], [102.170436, 22.464753], [101.652018, 22.318199], [101.80312, 21.174367], [101.270026, 21.201652], [101.180005, 21.436573], [101.150033, 21.849984], [100.416538, 21.558839], [99.983489, 21.742937], [99.240899, 22.118314], [99.531992, 22.949039], [98.898749, 23.142722], [98.660262, 24.063286], [97.60472, 23.897405], [97.724609, 25.083637], [98.671838, 25.918703], [98.712094, 26.743536], [98.68269, 27.508812], [98.246231, 27.747221], [97.911988, 28.335945], [97.327114, 28.261583], [96.248833, 28.411031], [96.586591, 28.83098], [96.117679, 29.452802], [95.404802, 29.031717], [94.56599, 29.277438], [93.413348, 28.640629], [92.503119, 27.896876], [91.696657, 27.771742], [91.258854, 28.040614], [90.730514, 28.064954], [90.015829, 28.296439], [89.47581, 28.042759], [88.814248, 27.299316], [88.730326, 28.086865], [88.120441, 27.876542], [86.954517, 27.974262], [85.82332, 28.203576], [85.011638, 28.642774], [84.23458, 28.839894], [83.898993, 29.320226], [83.337115, 29.463732], [82.327513, 30.115268], [81.525804, 30.422717], [81.111256, 30.183481], [79.721367, 30.882715], [78.738894, 31.515906], [78.458446, 32.618164], [79.176129, 32.48378], [79.208892, 32.994395], [78.811086, 33.506198], [78.912269, 34.321936], [77.837451, 35.49401], [76.192848, 35.898403], [75.896897, 36.666806], [75.158028, 37.133031]]], [[[110.339188, 18.678395], [109.47521, 18.197701], [108.655208, 18.507682], [108.626217, 19.367888], [109.119056, 19.821039], [110.211599, 20.101254], [110.786551, 20.077534], [111.010051, 19.69593], [110.570647, 19.255879], [110.339188, 18.678395]]]]}, "properties": {"name": "China"}, "id": "CHN"}, {"type": "Feature", "geometry": {"type": "Polygon", "coordinates": [[[-5.404342, 10.370737], [-4.954653, 10.152714], [-4.779884, 9.821985], [-4.330247, 9.610835], [-3.980449, 9.862344], [-3.511899, 9.900326], [-2.827496, 9.642461], [-2.56219, 8.219628], [-2.983585, 7.379705], [-3.24437, 6.250472], [-2.810701, 5.389051], [-2.856125, 4.994476], [-3.311084, 4.984296], [-4.00882, 5.179813], [-4.649917, 5.168264], [-5.834496, 4.993701], [-6.528769, 4.705088], [-7.518941, 4.338288], [-7.712159, 4.364566], [-7.635368, 5.188159], [-7.539715, 5.313345], [-7.570153, 5.707352], [-7.993693, 6.12619], [-8.311348, 6.193033], [-8.60288, 6.467564], [-8.385452, 6.911801], [-8.485446, 7.395208], [-8.439298, 7.686043], [-8.280703, 7.68718], [-8.221792, 8.123329], [-8.299049, 8.316444], [-8.203499, 8.455453], [-7.8321, 8.575704], [-8.079114, 9.376224], [-8.309616, 9.789532], [-8.229337, 10.12902], [-8.029944, 10.206535], [-7.89959, 10.297382], [-7.622759, 10.147236], [-6.850507, 10.138994], [-6.666461, 10.430811], [-6.493965, 10.411303], [-6.205223, 10.524061], [-6.050452, 10.096361], [-5.816926, 10.222555], [-5.404342, 10.370737]]]}, "properties": {"name": "Ivory Coast"}, "id": "CIV"}, {"type": "Feature", "geometry": {"type": "MultiPolygon", "coordinates": [[[[-24.704335085515783, 14.90082415206334], [-24.693104623028237, 14.890692510667076], [-24.686756969097726, 14.876166205757075], [-24.683949351988588, 14.859442569680255], [-24.68325761631019, 14.84247468632396], [-24.686879039384102, 14.826646327830879], [-24.69530188428754, 14.819403305358312], [-24.704416468566233, 14.814032250840357], [-24.710560676724956, 14.803941169839781], [-24.71800696572515, 14.803941169839781], [-24.725453253762858, 14.814113666869163], [-24.74461829078811, 14.826605469600889], [-24.751535612070015, 14.83877190907944], [-24.75894120971586, 14.83185455048119], [-24.754709439889808, 14.840806408668746], [-24.753244591090084, 14.849351186905738], [-24.754709434707458, 14.857855407552622], [-24.758941214575028, 14.866644734772242], [-24.745350719572507, 14.866644734772242], [-24.74941972163502, 14.885483986682173], [-24.737619591696323, 14.892035124378564], [-24.719349735862526, 14.89443584629136], [-24.704335085515783, 14.90082415206334]]], [[[-24.296538861752694, 14.91754779020312], [-24.301503062438382, 14.90648031435338], [-24.29328365697748, 14.884344762896973], [-24.292836067785764, 14.87287020792981], [-24.299549930517006, 14.863023072875768], [-24.33446204272072, 14.83185455048119], [-24.3765356082216, 14.815985334252744], [-24.41502844875313, 14.82086819304662], [-24.449086062980374, 14.838080022999199], [-24.506581186919213, 14.884955233026103], [-24.520375125478694, 14.903957318064297], [-24.52623450472376, 14.924709398730117], [-24.520619267008126, 14.945257790326119], [-24.506743941895195, 14.969183598013997], [-24.488921675208452, 14.990545852671636], [-24.464588996004725, 15.0077171901437], [-24.40343177001888, 15.038031317565656], [-24.38556881398737, 15.043524480624212], [-24.364857550945214, 15.045396224363879], [-24.34325110595604, 15.040716862686923], [-24.32921302002814, 15.028713283845441], [-24.320139126998416, 15.013006902954167], [-24.307240362312267, 14.979437516127243], [-24.295765749472764, 14.930487234868727], [-24.296538861752694, 14.91754779020312]]], [[[-23.456776496034575, 15.023667711078547], [-23.45189368398616, 15.015122788571531], [-23.44310462100041, 15.01068756701536], [-23.447824676541682, 14.995754378309933], [-23.454660609257886, 14.985907239610352], [-23.477894662060464, 14.9690616241284], [-23.470448371828276, 14.962225678899948], [-23.480213997651358, 14.946600704685949], [-23.486317507975816, 14.930853456911057], [-23.49400794431293, 14.918687314529683], [-23.508290168807513, 14.913804454319887], [-23.531849739070626, 14.908636788214986], [-23.539296028166337, 14.907619538213897], [-23.54735267114063, 14.90851481435173], [-23.555816210872464, 14.91278720430301], [-23.5632218098094, 14.913804454319887], [-23.596424935516513, 14.914536898368189], [-23.624134898930496, 14.918117702580036], [-23.67650305843471, 14.93553292743998], [-23.71507727524647, 14.968451153844695], [-23.730539514068507, 14.985825823539727], [-23.73070227799262, 15.018500066775877], [-23.742054816970168, 15.026353256085097], [-23.758290168005185, 15.031317450161714], [-23.772084113962503, 15.037990625852359], [-23.77953040293126, 15.06464264290104], [-23.79010983003635, 15.07770417011162], [-23.79259192607062, 15.085760811156433], [-23.78986568892418, 15.093817447689998], [-23.77562415304598, 15.118231513402698], [-23.7720841139086, 15.127346093221627], [-23.772938605946745, 15.14044830738443], [-23.785755988737847, 15.174505919063499], [-23.776193813998788, 15.177232163964737], [-23.77013098877078, 15.183986714061733], [-23.766753710256037, 15.193752353748884], [-23.763661262104183, 15.216294667149304], [-23.753814257057396, 15.228094795734568], [-23.751576301057185, 15.233465888727476], [-23.754953580162503, 15.250311595897557], [-23.763295051076284, 15.269761462295417], [-23.774403450189308, 15.28563060668484], [-23.78575598870814, 15.291815488250528], [-23.758412239255556, 15.304877027665494], [-23.773060676038412, 15.310614326152397], [-23.779530403039654, 15.311672269190009], [-23.751576301322494, 15.332749751653063], [-23.744130012322362, 15.332749751653063], [-23.743560351371368, 15.325140703126923], [-23.7379451160396, 15.311672269190009], [-23.719227667800833, 15.322902730029066], [-23.703236457270076, 15.313462640113602], [-23.69782467422503, 15.296332104771583], [-23.710682746290516, 15.28436921674661], [-23.697336391742706, 15.266017963241284], [-23.68175208204018, 15.254828193215554], [-23.648548956726643, 15.237209368720052], [-23.656076626735693, 15.229722389991602], [-23.63878333189358, 15.226263735773301], [-23.630279101292327, 15.219183669879072], [-23.61510169214498, 15.195013743416055], [-23.584217903012902, 15.162420966397406], [-23.56737219990803, 15.152085676186523], [-23.55235755101837, 15.153998114564807], [-23.54499264191118, 15.143133853277082], [-23.53929602798781, 15.140366928628659], [-23.540760871122494, 15.139064849761747], [-23.527251756889257, 15.127386782598094], [-23.511382615909604, 15.127346093221627], [-23.51138261601606, 15.113023179496647], [-23.47044837096297, 15.037990625852359], [-23.460682745994514, 15.030951238832177], [-23.456776496034575, 15.023667711078547]]], [[[-23.12779700403859, 15.311672269190009], [-23.121896938820683, 15.29913971047361], [-23.12051347626442, 15.283351963164789], [-23.121571417747326, 15.2564150981858], [-23.110463020063563, 15.19940827197878], [-23.11192786401543, 15.171942450483058], [-23.12779700401711, 15.146633205536025], [-23.155140753988046, 15.140366928628659], [-23.158843554018294, 15.135565497573209], [-23.163644985872352, 15.123724673015007], [-23.16881262898681, 15.119859116589952], [-23.182728645133526, 15.118597727170433], [-23.19595292894975, 15.12205638043476], [-23.217152472972863, 15.133530991156867], [-23.24063066286087, 15.150051169681037], [-23.252064581771553, 15.161810606917419], [-23.25816809774367, 15.174505919063499], [-23.255116339973316, 15.186835027177064], [-23.24730384016352, 15.199204825058482], [-23.243275519910345, 15.211330468232253], [-23.251332161011497, 15.222886460356634], [-23.23717200422471, 15.23102448793398], [-23.2308650381488, 15.243963938588838], [-23.23485266803939, 15.254828193215554], [-23.25133216074594, 15.2564150981858], [-23.2457169259213, 15.27106354158299], [-23.224110481184272, 15.286688549664298], [-23.209787564038734, 15.311672269190009], [-23.21446692622504, 15.313544018903317], [-23.217152472462743, 15.31915923053478], [-23.203277148481163, 15.324896566751775], [-23.189849413314857, 15.332749751653063], [-23.189849412463367, 15.31915923053478], [-23.178944464387985, 15.327948290226903], [-23.176258918314655, 15.332749751653063], [-23.168812628619772, 15.325344131329466], [-23.176258917463663, 15.31915923053478], [-23.161936002151243, 15.31256745465094], [-23.13951575426314, 15.31777579109501], [-23.12779700403859, 15.311672269190009]]], [[[-22.68211829372279, 16.113592862387932], [-22.678374804435443, 16.11188386888906], [-22.67080644412237, 16.102240305626946], [-22.666574674485116, 16.091457438385817], [-22.67560787770851, 16.08201734101446], [-22.679798956850238, 16.063218487555453], [-22.69644120994664, 16.052923893418104], [-22.751088020260575, 16.01056550474141], [-22.7875870425166, 15.991603893649406], [-22.806141731159485, 15.985907298736228], [-22.863677538244563, 15.98236726224398], [-22.87389075402781, 15.983872789824908], [-22.883656378221808, 15.988714887987994], [-22.89777584586534, 16.00047437655597], [-22.90929114404224, 16.003729530738394], [-22.94554602822699, 16.019680086683323], [-22.957753059291075, 16.030829177558424], [-22.96397864408561, 16.052191446170227], [-22.963246223462278, 16.071193765549808], [-22.957753058304387, 16.089015997635276], [-22.947417773123853, 16.102240305626946], [-22.932606574119546, 16.107407919226503], [-22.913563606367518, 16.125555741758248], [-22.92442786339041, 16.212958057271166], [-22.91559811199716, 16.243963962959242], [-22.907215950432594, 16.23143139457995], [-22.89509029983529, 16.22284579431296], [-22.8779190758518, 16.214911224825904], [-22.852528450434924, 16.206610431697985], [-22.82941646936067, 16.20400623331745], [-22.81932532439317, 16.212958057271166], [-22.81167558583983, 16.228420339526394], [-22.793812628184543, 16.231349978174972], [-22.73468990773637, 16.21686431727151], [-22.7238663395863, 16.212632541863094], [-22.713856575271365, 16.205755934972462], [-22.709828253862135, 16.19863515395005], [-22.70376542940629, 16.17959220196025], [-22.69957434806449, 16.17568594190073], [-22.68248450485488, 16.1686465772041], [-22.678700325861175, 16.151760183423033], [-22.68211829372279, 16.113592862387932]]], [[[-24.06753495831648, 16.613918315474073], [-24.04796302018359, 16.59882233797505], [-24.037424281999215, 16.59300362087098], [-24.032826301741466, 16.5968285381018], [-24.032826302577924, 16.56240473286153], [-24.044097459028848, 16.55988187663177], [-24.114735481081954, 16.55927155422124], [-24.191965300405652, 16.592474714865578], [-24.233306442807763, 16.602118198958774], [-24.272328252469617, 16.58722561190178], [-24.286366339822013, 16.57074615622061], [-24.31533769418611, 16.52041250701038], [-24.32469641960767, 16.482652128347144], [-24.333404099060328, 16.494940444762236], [-24.34748287826677, 16.531968526025118], [-24.365630664027176, 16.555609469531884], [-24.368560350862804, 16.57953521933051], [-24.3709203797195, 16.58714434574121], [-24.376088021163607, 16.591782976110345], [-24.40827389204802, 16.60016510728268], [-24.424712695134247, 16.617132910221372], [-24.43065345160104, 16.639471789594914], [-24.42259680790446, 16.6622988658854], [-24.361480272130823, 16.681585981868096], [-24.35423743378067, 16.680609436162666], [-24.340565561446248, 16.67536048418952], [-24.328684049302662, 16.667792067074277], [-24.30516516913345, 16.647894628296786], [-24.29283606848668, 16.641831812771], [-24.282378708982723, 16.641343464777027], [-24.226796029414697, 16.64960362093267], [-24.217111780740073, 16.647691087378664], [-24.180572067692772, 16.630845409849], [-24.172474736731555, 16.629095708973914], [-24.08999589785518, 16.622463279091132], [-24.06753495831648, 16.613918315474073]]], [[[-22.929188606124086, 16.59341055252892], [-22.941395635660022, 16.669378935104465], [-22.956532354289614, 16.699448911741097], [-22.97760982929987, 16.689032274252824], [-22.981760218443323, 16.703517927134836], [-22.983143686476748, 16.723049290716933], [-22.980051235390125, 16.741115609849615], [-22.97081458330196, 16.7510440486121], [-22.970814584412018, 16.757880017801554], [-22.982736781913978, 16.76137926849578], [-22.989247200373914, 16.770941483497154], [-22.991566534074664, 16.78432846400798], [-22.990793425371407, 16.815659936397914], [-22.970122850574153, 16.83144764607847], [-22.922434049947896, 16.86029696855697], [-22.916981575711173, 16.853176193938378], [-22.89891516689202, 16.8368187208918], [-22.895090296558724, 16.829291014415297], [-22.902740037555603, 16.81317778951021], [-22.90977942566393, 16.803371476552936], [-22.90184485343584, 16.795111322853888], [-22.90465247428609, 16.735825950300676], [-22.901844858223836, 16.71694576784111], [-22.897368942323503, 16.71027248060246], [-22.88418534922965, 16.698431657887834], [-22.881337041415758, 16.692694358136496], [-22.887603317269644, 16.651434587898958], [-22.88955644560593, 16.64590082858433], [-22.89879309950068, 16.639471789594914], [-22.901844857900535, 16.63442622795294], [-22.899403447705428, 16.621649415812847], [-22.89509029739851, 16.613918315474073], [-22.901722785892602, 16.605902407948136], [-22.929188606124086, 16.59341055252892]]], [[[-24.919748501845568, 16.89508697702892], [-24.922922332048948, 16.890814572711356], [-24.914458785541914, 16.88141504271395], [-24.90013586986388, 16.87201566271949], [-24.885894336053088, 16.867743258165753], [-24.881092903403022, 16.86229076740326], [-24.876291471602684, 16.849839626396715], [-24.873605924844505, 16.83592359183233], [-24.87507076864475, 16.826157987538785], [-24.89110266917221, 16.813950944318677], [-24.915516732089646, 16.805487400168538], [-24.94286048329639, 16.800482548312395], [-24.968129034274476, 16.79889553047706], [-24.974517383228687, 16.796698340702147], [-24.988026496272663, 16.78514232703747], [-24.995228644633258, 16.786118872542218], [-25.058176238686308, 16.809637831029015], [-25.068226689516482, 16.81509017222912], [-25.07616126400617, 16.82245519648081], [-25.081125452431742, 16.832342775147023], [-25.094146289659225, 16.826157987538785], [-25.08975175876478, 16.847479604201922], [-25.078195768443628, 16.865057720958863], [-25.063588017607778, 16.877020513762176], [-25.05011959252855, 16.88141504271395], [-25.01878821722156, 16.882025514959814], [-25.005970832548577, 16.88768139606924], [-25.01219641943835, 16.90127191385223], [-24.98399817387977, 16.915960950661926], [-24.97809811354017, 16.923000458095427], [-24.97126217653946, 16.923000458095427], [-24.965199347076993, 16.908921593319345], [-24.9551895842077, 16.910793417663363], [-24.937733530536025, 16.923000458095427], [-24.927723762304094, 16.917792066812705], [-24.918771938539628, 16.908270563166703], [-24.914702928949584, 16.899155990705122], [-24.919748501845568, 16.89508697702892]]], [[[-25.046986459083797, 17.035060992953387], [-25.055572069512444, 17.024807046025728], [-25.115874806100408, 16.99746333632939], [-25.143422006176618, 16.97003820827973], [-25.162953255768155, 16.945298614927815], [-25.187855596226164, 16.928167990935876], [-25.231312631565917, 16.923000458095427], [-25.26919511856975, 16.923000458095427], [-25.280832484239497, 16.92072170242188], [-25.28966224045484, 16.917181744834917], [-25.298695441107853, 16.91738513542276], [-25.31078040043278, 16.92609277609003], [-25.31338456966028, 16.93846264868446], [-25.31387285375954, 17.004950331490225], [-25.32754472704884, 17.028225028367952], [-25.33104407633641, 17.030951272588375], [-25.348296676570037, 17.034125005984592], [-25.35484778867725, 17.03847897519634], [-25.36042232959099, 17.05524322074663], [-25.355580208220626, 17.069566178589717], [-25.330922001937402, 17.096828466332465], [-25.316802538215473, 17.10610586640005], [-25.30215409979455, 17.10805895578688], [-25.279774540796275, 17.107326509714564], [-25.26960201872411, 17.11432530525896], [-25.24535071684555, 17.136704866301685], [-25.226307745026634, 17.144680055574046], [-25.202707488188047, 17.158758910928036], [-25.179554816542556, 17.164374079511], [-25.118641730538126, 17.192857152388033], [-25.102609829792353, 17.1966006477771], [-25.091053842419072, 17.193019984899802], [-25.07949785010574, 17.185370161471276], [-25.053944466491636, 17.186184023620314], [-25.039540169232286, 17.182440528102916], [-25.030181442146738, 17.175482442195758], [-25.02627519262079, 17.16771064414997], [-25.025868290357913, 17.144924154165157], [-25.020578580675572, 17.140366946098837], [-24.997059699226565, 17.134182013404104], [-24.991769987565398, 17.130926864682134], [-24.98867753738647, 17.125718476443776], [-24.97496497160534, 17.114487987596945], [-24.97126217182319, 17.107326509714564], [-24.973011848348055, 17.09662507584541], [-24.978993295139727, 17.08690018638469], [-25.015126105479037, 17.04913970275638], [-25.01968339537687, 17.049017578318235], [-25.02391516719983, 17.045396205660605], [-25.042713998644263, 17.03847897519634], [-25.046986459083797, 17.035060992953387]]], [[[-24.592659601083525, 16.624312422120596], [-24.569512031680752, 16.619972268614536], [-24.575298926168863, 16.60550509003968], [-24.589766157223504, 16.606951807912328], [-24.60133994182868, 16.609845243647584], [-24.604233386484758, 16.621418986453314], [-24.592659601083525, 16.624312422120596]]], [[[-24.773499994453626, 16.802259437465807], [-24.748905696883867, 16.793578983135543], [-24.73588519096016, 16.779111809252008], [-24.725758126595046, 16.757410897391036], [-24.70695072661804, 16.75307074494579], [-24.695376940537002, 16.760304332333266], [-24.68380315618581, 16.75596417991354], [-24.685249881246428, 16.742943722425718], [-24.702610559817362, 16.735710134786004], [-24.74022536128611, 16.734263417245646], [-24.748905698752374, 16.742943722425718], [-24.754692589528336, 16.754517462431785], [-24.773499989068714, 16.76175104979796], [-24.787967224123605, 16.77477165700087], [-24.787967221923576, 16.789238831017133], [-24.773499994453626, 16.802259437465807]]]]}, "properties": {"name": "Cape Verde"}}, {"type": "Feature", "geometry": {"type": "Polygon", "coordinates": [[[15.27946, 7.421925], [14.776545, 6.408498], [14.53656, 6.226959], [14.459407, 5.451761], [14.558936, 5.030598], [14.478372, 4.732605], [14.950953, 4.210389], [15.03622, 3.851367], [15.405396, 3.335301], [15.862732, 3.013537], [15.907381, 2.557389], [16.012852, 2.26764], [15.940919, 1.727673], [15.146342, 1.964015], [14.337813, 2.227875], [13.075822, 2.267097], [12.951334, 2.321616], [12.35938, 2.192812], [11.751665, 2.326758], [11.276449, 2.261051], [9.649158, 2.283866], [9.795196, 3.073404], [9.404367, 3.734527], [8.948116, 3.904129], [8.744924, 4.352215], [8.488816, 4.495617], [8.500288, 4.771983], [8.757533, 5.479666], [9.233163, 6.444491], [9.522706, 6.453482], [10.118277, 7.03877], [10.497375, 7.055358], [11.058788, 6.644427], [11.745774, 6.981383], [11.839309, 7.397042], [12.063946, 7.799808], [12.218872, 8.305824], [12.753672, 8.717763], [12.955468, 9.417772], [13.1676, 9.640626], [13.308676, 10.160362], [13.57295, 10.798566], [14.415379, 11.572369], [14.468192, 11.904752], [14.577178, 12.085361], [14.181336, 12.483657], [14.213531, 12.802035], [14.495787, 12.859396], [14.89336, 12.21905], [14.960152, 11.555574], [14.923565, 10.891325], [15.467873, 9.982337], [14.909354, 9.992129], [14.627201, 9.920919], [14.171466, 10.021378], [13.954218, 9.549495], [14.544467, 8.965861], [14.979996, 8.796104], [15.120866, 8.38215], [15.436092, 7.692812], [15.27946, 7.421925]]]}, "properties": {"name": "Cameroon"}, "id": "CMR"}, {"type": "Feature", "geometry": {"type": "Polygon", "coordinates": [[[30.833852503694974, 3.5091716585284063], [30.83386, 3.509166], [30.773347, 2.339883], [31.174149, 2.204465], [30.85267, 1.849396], [30.468508, 1.583805], [30.086154, 1.062313], [29.875779, 0.59738], [29.819503, -0.20531], [29.587838, -0.587406], [29.579466, -1.341313], [29.291887, -1.620056], [29.254835, -2.21511], [29.117479, -2.292211], [29.024926, -2.839258], [29.276384, -3.293907], [29.339998, -4.499983], [29.519987, -5.419979], [29.419993, -5.939999], [29.620032, -6.520015], [30.199997, -7.079981], [30.740015, -8.340007], [30.740008902010747, -8.34000542491818], [30.346086, -8.238257], [29.002912, -8.407032], [28.734867, -8.526559], [28.449871, -9.164918], [28.673682, -9.605925], [28.49607, -10.789884], [28.372253, -11.793647], [28.642417, -11.971569], [29.341548, -12.360744], [29.616001, -12.178895], [29.699614, -13.257227], [28.934286, -13.248958], [28.523562, -12.698604], [28.155109, -12.272481], [27.388799, -12.132747], [27.16442, -11.608748], [26.553088, -11.92444], [25.75231, -11.784965], [25.418118, -11.330936], [24.78317, -11.238694], [24.314516, -11.262826], [24.257155, -10.951993], [23.912215, -10.926826], [23.456791, -10.867863], [22.837345, -11.017622], [22.402798, -10.993075], [22.155268, -11.084801], [22.208753, -9.894796], [21.875182, -9.523708], [21.801801, -8.908707], [21.949131, -8.305901], [21.746456, -7.920085], [21.728111, -7.290872], [20.514748, -7.299606], [20.601823, -6.939318], [20.091622, -6.94309], [20.037723, -7.116361], [19.417502, -7.155429], [19.166613, -7.738184], [19.016752, -7.988246], [18.464176, -7.847014], [18.134222, -7.987678], [17.47297, -8.068551], [17.089996, -7.545689], [16.860191, -7.222298], [16.57318, -6.622645], [16.326528, -5.87747], [13.375597, -5.864241], [13.024869, -5.984389], [12.735171, -5.965682], [12.322432, -6.100092], [12.182337, -5.789931], [12.436688, -5.684304], [12.468004, -5.248362], [12.631612, -4.991271], [12.995517, -4.781103], [13.25824, -4.882957], [13.600235, -4.500138], [14.144956, -4.510009], [14.209035, -4.793092], [14.582604, -4.970239], [15.170992, -4.343507], [15.75354, -3.855165], [16.00629, -3.535133], [15.972803, -2.712392], [16.407092, -1.740927], [16.865307, -1.225816], [17.523716, -0.74383], [17.638645, -0.424832], [17.663553, -0.058084], [17.82654, 0.288923], [17.774192, 0.855659], [17.898835, 1.741832], [18.094276, 2.365722], [18.393792, 2.900443], [18.453065, 3.504386], [18.542982, 4.201785], [18.932312, 4.709506], [19.467784, 5.031528], [20.290679, 4.691678], [20.927591, 4.322786], [21.659123, 4.224342], [22.405124, 4.02916], [22.704124, 4.633051], [22.84148, 4.710126], [23.297214, 4.609693], [24.410531, 5.108784], [24.805029, 4.897247], [25.128833, 4.927245], [25.278798, 5.170408], [25.650455, 5.256088], [26.402761, 5.150875], [27.044065, 5.127853], [27.374226, 5.233944], [27.979977, 4.408413], [28.428994, 4.287155], [28.696678, 4.455077], [29.159078, 4.389267], [29.715995, 4.600805], [29.9535, 4.173699], [30.833852503694974, 3.5091716585284063]]]}, "properties": {"name": "Democratic Republic of the Congo"}, "id": "COD"}, {"type": "Feature", "geometry": {"type": "Polygon", "coordinates": [[[12.995517, -4.781103], [12.62076, -4.438023], [12.318608, -4.60623], [11.914963, -5.037987], [11.093773, -3.978827], [11.855122, -3.426871], [11.478039, -2.765619], [11.820964, -2.514161], [12.495703, -2.391688], [12.575284, -1.948511], [13.109619, -2.42874], [13.992407, -2.470805], [14.29921, -1.998276], [14.425456, -1.333407], [14.316418, -0.552627], [13.843321, 0.038758], [14.276266, 1.19693], [14.026669, 1.395677], [13.282631, 1.314184], [13.003114, 1.830896], [13.075822, 2.267097], [14.337813, 2.227875], [15.146342, 1.964015], [15.940919, 1.727673], [16.012852, 2.26764], [16.537058, 3.198255], [17.133042, 3.728197], [17.8099, 3.560196], [18.453065, 3.504386], [18.393792, 2.900443], [18.094276, 2.365722], [17.898835, 1.741832], [17.774192, 0.855659], [17.82654, 0.288923], [17.663553, -0.058084], [17.638645, -0.424832], [17.523716, -0.74383], [16.865307, -1.225816], [16.407092, -1.740927], [15.972803, -2.712392], [16.00629, -3.535133], [15.75354, -3.855165], [15.170992, -4.343507], [14.582604, -4.970239], [14.209035, -4.793092], [14.144956, -4.510009], [13.600235, -4.500138], [13.25824, -4.882957], [12.995517, -4.781103]]]}, "properties": {"name": "Republic of the Congo"}, "id": "COG"}, {"type": "Feature", "geometry": {"type": "Polygon", "coordinates": [[[-66.876326, 1.253361], [-67.065048, 1.130112], [-67.259998, 1.719999], [-67.53781, 2.037163], [-67.868565, 1.692455], [-69.816973, 1.714805], [-69.804597, 1.089081], [-69.218638, 0.985677], [-69.252434, 0.602651], [-69.452396, 0.706159], [-70.015566, 0.541414], [-70.020656, -0.185156], [-69.577065, -0.549992], [-69.420486, -1.122619], [-69.444102, -1.556287], [-69.893635, -4.298187], [-70.394044, -3.766591], [-70.692682, -3.742872], [-70.047709, -2.725156], [-70.813476, -2.256865], [-71.413646, -2.342802], [-71.774761, -2.16979], [-72.325787, -2.434218], [-73.070392, -2.308954], [-73.659504, -1.260491], [-74.122395, -1.002833], [-74.441601, -0.53082], [-75.106625, -0.057205], [-75.373223, -0.152032], [-75.801466, 0.084801], [-76.292314, 0.416047], [-76.57638, 0.256936], [-77.424984, 0.395687], [-77.668613, 0.825893], [-77.855061, 0.809925], [-78.855259, 1.380924], [-78.990935, 1.69137], [-78.617831, 1.766404], [-78.662118, 2.267355], [-78.42761, 2.629556], [-77.931543, 2.696606], [-77.510431, 3.325017], [-77.12769, 3.849636], [-77.496272, 4.087606], [-77.307601, 4.667984], [-77.533221, 5.582812], [-77.318815, 5.845354], [-77.476661, 6.691116], [-77.881571, 7.223771], [-77.753414, 7.70984], [-77.431108, 7.638061], [-77.242566, 7.935278], [-77.474723, 8.524286], [-77.353361, 8.670505], [-76.836674, 8.638749], [-76.086384, 9.336821], [-75.6746, 9.443248], [-75.664704, 9.774003], [-75.480426, 10.61899], [-74.906895, 11.083045], [-74.276753, 11.102036], [-74.197223, 11.310473], [-73.414764, 11.227015], [-72.627835, 11.731972], [-72.238195, 11.95555], [-71.75409, 12.437303], [-71.399822, 12.376041], [-71.137461, 12.112982], [-71.331584, 11.776284], [-71.973922, 11.608672], [-72.227575, 11.108702], [-72.614658, 10.821975], [-72.905286, 10.450344], [-73.027604, 9.73677], [-73.304952, 9.152], [-72.78873, 9.085027], [-72.660495, 8.625288], [-72.439862, 8.405275], [-72.360901, 8.002638], [-72.479679, 7.632506], [-72.444487, 7.423785], [-72.198352, 7.340431], [-71.960176, 6.991615], [-70.674234, 7.087785], [-70.093313, 6.960376], [-69.38948, 6.099861], [-68.985319, 6.206805], [-68.265052, 6.153268], [-67.695087, 6.267318], [-67.34144, 6.095468], [-67.521532, 5.55687], [-67.744697, 5.221129], [-67.823012, 4.503937], [-67.621836, 3.839482], [-67.337564, 3.542342], [-67.303173, 3.318454], [-67.809938, 2.820655], [-67.447092, 2.600281], [-67.181294, 2.250638], [-66.876326, 1.253361]]]}, "properties": {"name": "Colombia"}, "id": "COL"}, {"type": "Feature", "geometry": {"type": "MultiPolygon", "coordinates": [[[[43.36578369140625, -11.357528793989157], [43.406982421875, -11.373685117445667], [43.42620849609375, -11.436955216143177], [43.40972900390625, -11.489445211373168], [43.416595458984375, -11.527124311949768], [43.40423583984374, -11.60919340793894], [43.413848876953125, -11.65492637024374], [43.455047607421875, -11.722167042552465], [43.468780517578125, -11.7988014362033], [43.496246337890625, -11.857943177992869], [43.5223388671875, -11.888181165814027], [43.5223388671875, -11.90161919375999], [43.50517272949219, -11.913040995288618], [43.50242614746094, -11.931180516146538], [43.46397399902344, -11.943272856050257], [43.441314697265625, -11.939913926868462], [43.375396728515625, -11.870038775698646], [43.35479736328125, -11.861975103494535], [43.30810546875, -11.863991043899038], [43.265533447265625, -11.83307832169939], [43.25798034667969, -11.799473573212204], [43.23669433593749, -11.776619991437792], [43.22227478027344, -11.73023482493298], [43.243560791015625, -11.697289896969208], [43.25111389160156, -11.67913489248233], [43.2586669921875, -11.667703353515625], [43.253173828125, -11.597758994326588], [43.26210021972656, -11.568161867727005], [43.26072692871094, -11.531833844565524], [43.27308654785156, -11.504248316773985], [43.257293701171875, -11.444358241686196], [43.27583312988281, -11.392533003193627], [43.28956604003906, -11.379743502554744], [43.345184326171875, -11.360894770217794], [43.36578369140625, -11.357528793989157]]], [[[43.611602783203125, -12.247417643816572], [43.685760498046875, -12.247417643816572], [43.74481201171875, -12.268889343198182], [43.798370361328125, -12.298410072305709], [43.846435546875, -12.333293931568617], [43.932952880859375, -12.368173147750488], [43.8848876953125, -12.399023958745687], [43.812103271484375, -12.396341424364277], [43.754425048828125, -12.403047708545351], [43.73519897460937, -12.427188901663948], [43.647308349609375, -12.425847783029134], [43.633575439453125, -12.404388944669792], [43.633575439453125, -12.341343394012751], [43.606109619140625, -12.29304291340362], [43.611602783203125, -12.247417643816572]]], [[[44.482269287109375, -12.059466077479954], [44.501495361328125, -12.097066997628824], [44.504241943359375, -12.12257889707228], [44.531707763671875, -12.191046129203285], [44.549560546875, -12.263521582276313], [44.539947509765625, -12.30511886679749], [44.548187255859375, -12.366831725440397], [44.526214599609375, -12.396341424364277], [44.4891357421875, -12.392317571033677], [44.476776123046875, -12.361465967347359], [44.4561767578125, -12.327927485893891], [44.41772460937499, -12.311827489945488], [44.39437866210937, -12.278282661643743], [44.358673095703125, -12.251443720597456], [44.285888671875, -12.244733558510136], [44.191131591796875, -12.182992076120893], [44.18426513671875, -12.15211594286705], [44.2474365234375, -12.156143467990757], [44.3243408203125, -12.174937778602011], [44.3792724609375, -12.158828450861822], [44.405364990234375, -12.134662629772327], [44.41360473632812, -12.110494616952195], [44.405364990234375, -12.087667262738686], [44.452056884765625, -12.064837960671113], [44.482269287109375, -12.059466077479954]]]]}, "properties": {"name": "Comoros"}}, {"type": "Feature", "geometry": {"type": "Polygon", "coordinates": [[[-82.965783, 8.225028], [-83.508437, 8.446927], [-83.711474, 8.656836], [-83.596313, 8.830443], [-83.632642, 9.051386], [-83.909886, 9.290803], [-84.303402, 9.487354], [-84.647644, 9.615537], [-84.713351, 9.908052], [-84.97566, 10.086723], [-84.911375, 9.795992], [-85.110923, 9.55704], [-85.339488, 9.834542], [-85.660787, 9.933347], [-85.797445, 10.134886], [-85.791709, 10.439337], [-85.659314, 10.754331], [-85.941725, 10.895278], [-85.71254, 11.088445], [-85.561852, 11.217119], [-84.903003, 10.952303], [-84.673069, 11.082657], [-84.355931, 10.999226], [-84.190179, 10.79345], [-83.895054, 10.726839], [-83.655612, 10.938764], [-83.40232, 10.395438], [-83.015677, 9.992982], [-82.546196, 9.566135], [-82.932891, 9.476812], [-82.927155, 9.07433], [-82.719183, 8.925709], [-82.868657, 8.807266], [-82.829771, 8.626295], [-82.913176, 8.423517], [-82.965783, 8.225028]]]}, "properties": {"name": "Costa Rica"}, "id": "CRI"}, {"type": "Feature", "geometry": {"type": "Polygon", "coordinates": [[[-82.268151, 23.188611], [-81.404457, 23.117271], [-80.618769, 23.10598], [-79.679524, 22.765303], [-79.281486, 22.399202], [-78.347434, 22.512166], [-77.993296, 22.277194], [-77.146422, 21.657851], [-76.523825, 21.20682], [-76.19462, 21.220565], [-75.598222, 21.016624], [-75.67106, 20.735091], [-74.933896, 20.693905], [-74.178025, 20.284628], [-74.296648, 20.050379], [-74.961595, 19.923435], [-75.63468, 19.873774], [-76.323656, 19.952891], [-77.755481, 19.855481], [-77.085108, 20.413354], [-77.492655, 20.673105], [-78.137292, 20.739949], [-78.482827, 21.028613], [-78.719867, 21.598114], [-79.285, 21.559175], [-80.217475, 21.827324], [-80.517535, 22.037079], [-81.820943, 22.192057], [-82.169992, 22.387109], [-81.795002, 22.636965], [-82.775898, 22.68815], [-83.494459, 22.168518], [-83.9088, 22.154565], [-84.052151, 21.910575], [-84.54703, 21.801228], [-84.974911, 21.896028], [-84.447062, 22.20495], [-84.230357, 22.565755], [-83.77824, 22.788118], [-83.267548, 22.983042], [-82.510436, 23.078747], [-82.268151, 23.188611]]]}, "properties": {"name": "Cuba"}, "id": "CUB"}, {"type": "Feature", "geometry": {"type": "Polygon", "coordinates": [[[32.73178, 35.140026], [32.802474, 35.145504], [32.946961, 35.386703], [33.667227, 35.373216], [34.576474, 35.671596], [33.900804, 35.245756], [33.973617, 35.058506], [33.86644, 35.093595], [33.675392, 35.017863], [33.525685, 35.038688], [33.475817, 35.000345], [33.455922, 35.101424], [33.383833, 35.162712], [33.190977, 35.173125], [32.919572, 35.087833], [32.73178, 35.140026]]]}, "properties": {"name": "Northern Cyprus"}, "id": "-99"}, {"type": "Feature", "geometry": {"type": "Polygon", "coordinates": [[[32.73178, 35.140026], [32.919572, 35.087833], [33.190977, 35.173125], [33.383833, 35.162712], [33.455922, 35.101424], [33.475817, 35.000345], [33.525685, 35.038688], [33.675392, 35.017863], [33.86644, 35.093595], [33.973617, 35.058506], [34.004881, 34.978098], [32.979827, 34.571869], [32.490296, 34.701655], [32.256667, 35.103232], [32.73178, 35.140026]]]}, "properties": {"name": "Cyprus"}, "id": "CYP"}, {"type": "Feature", "geometry": {"type": "Polygon", "coordinates": [[[16.960288, 48.596982], [16.499283, 48.785808], [16.029647, 48.733899], [15.253416, 49.039074], [14.901447, 48.964402], [14.338898, 48.555305], [13.595946, 48.877172], [13.031329, 49.307068], [12.521024, 49.547415], [12.415191, 49.969121], [12.240111, 50.266338], [12.966837, 50.484076], [13.338132, 50.733234], [14.056228, 50.926918], [14.307013, 51.117268], [14.570718, 51.002339], [15.016996, 51.106674], [15.490972, 50.78473], [16.238627, 50.697733], [16.176253, 50.422607], [16.719476, 50.215747], [16.868769, 50.473974], [17.554567, 50.362146], [17.649445, 50.049038], [18.392914, 49.988629], [18.853144, 49.49623], [18.554971, 49.495015], [18.399994, 49.315001], [18.170498, 49.271515], [18.104973, 49.043983], [17.913512, 48.996493], [17.886485, 48.903475], [17.545007, 48.800019], [17.101985, 48.816969], [16.960288, 48.596982]]]}, "properties": {"name": "Czech Republic"}, "id": "CZE"}, {"type": "Feature", "geometry": {"type": "Polygon", "coordinates": [[[13.595946, 48.877172], [13.243357, 48.416115], [12.884103, 48.289146], [13.025851, 47.637584], [12.932627, 47.467646], [12.62076, 47.672388], [12.141357, 47.703083], [11.426414, 47.523766], [10.544504, 47.566399], [10.402084, 47.302488], [9.896068, 47.580197], [9.594226, 47.525058], [8.522612, 47.830828], [8.317301, 47.61358], [7.466759, 47.620582], [7.593676, 48.333019], [8.099279, 49.017784], [6.65823, 49.201958], [6.18632, 49.463803], [6.242751, 49.902226], [6.043073, 50.128052], [6.156658, 50.803721], [5.988658, 51.851616], [6.589397, 51.852029], [6.84287, 52.22844], [7.092053, 53.144043], [6.90514, 53.482162], [7.100425, 53.693932], [7.936239, 53.748296], [8.121706, 53.527792], [8.800734, 54.020786], [8.572118, 54.395646], [8.526229, 54.962744], [9.282049, 54.830865], [9.921906, 54.983104], [9.93958, 54.596642], [10.950112, 54.363607], [10.939467, 54.008693], [11.956252, 54.196486], [12.51844, 54.470371], [13.647467, 54.075511], [14.119686, 53.757029], [14.353315, 53.248171], [14.074521, 52.981263], [14.4376, 52.62485], [14.685026, 52.089947], [14.607098, 51.745188], [15.016996, 51.106674], [14.570718, 51.002339], [14.307013, 51.117268], [14.056228, 50.926918], [13.338132, 50.733234], [12.966837, 50.484076], [12.240111, 50.266338], [12.415191, 49.969121], [12.521024, 49.547415], [13.031329, 49.307068], [13.595946, 48.877172]]]}, "properties": {"name": "Germany"}, "id": "DEU"}, {"type": "Feature", "geometry": {"type": "Polygon", "coordinates": [[[43.081226, 12.699639], [43.317852, 12.390148], [43.286381, 11.974928], [42.715874, 11.735641], [43.145305, 11.46204], [42.776852, 10.926879], [42.55493, 11.10511], [42.31414, 11.0342], [41.75557, 11.05091], [41.73959, 11.35511], [41.66176, 11.6312], [42, 12.1], [42.35156, 12.54223], [42.779642, 12.455416], [43.081226, 12.699639]]]}, "properties": {"name": "Djibouti"}, "id": "DJI"}, {"type": "Feature", "geometry": {"type": "MultiPolygon", "coordinates": [[[[9.921906, 54.983104], [9.282049, 54.830865], [8.526229, 54.962744], [8.120311, 55.517723], [8.089977, 56.540012], [8.256582, 56.809969], [8.543438, 57.110003], [9.424469, 57.172066], [9.775559, 57.447941], [10.580006, 57.730017], [10.546106, 57.215733], [10.25, 56.890016], [10.369993, 56.609982], [10.912182, 56.458621], [10.667804, 56.081383], [10.369993, 56.190007], [9.649985, 55.469999], [9.921906, 54.983104]]], [[[12.690006, 55.609991], [12.089991, 54.800015], [11.043543, 55.364864], [10.903914, 55.779955], [12.370904, 56.111407], [12.690006, 55.609991]]]]}, "properties": {"name": "Denmark"}, "id": "DNK"}, {"type": "Feature", "geometry": {"type": "Polygon", "coordinates": [[[-71.712361, 19.714456], [-71.587304, 19.884911], [-70.806706, 19.880286], [-70.214365, 19.622885], [-69.950815, 19.648], [-69.76925, 19.293267], [-69.222126, 19.313214], [-69.254346, 19.015196], [-68.809412, 18.979074], [-68.317943, 18.612198], [-68.689316, 18.205142], [-69.164946, 18.422648], [-69.623988, 18.380713], [-69.952934, 18.428307], [-70.133233, 18.245915], [-70.517137, 18.184291], [-70.669298, 18.426886], [-70.99995, 18.283329], [-71.40021, 17.598564], [-71.657662, 17.757573], [-71.708305, 18.044997], [-71.687738, 18.31666], [-71.945112, 18.6169], [-71.701303, 18.785417], [-71.624873, 19.169838], [-71.712361, 19.714456]]]}, "properties": {"name": "Dominican Republic"}, "id": "DOM"}, {"type": "Feature", "geometry": {"type": "Polygon", "coordinates": [[[11.999506, 23.471668], [8.572893, 21.565661], [5.677566, 19.601207], [4.267419, 19.155265], [3.158133, 19.057364], [3.146661, 19.693579], [2.683588, 19.85623], [2.060991, 20.142233], [1.823228, 20.610809], [-1.550055, 22.792666], [-4.923337, 24.974574], [-8.6844, 27.395744], [-8.665124, 27.589479], [-8.66559, 27.656426], [-8.674116, 28.841289], [-7.059228, 29.579228], [-6.060632, 29.7317], [-5.242129, 30.000443], [-4.859646, 30.501188], [-3.690441, 30.896952], [-3.647498, 31.637294], [-3.06898, 31.724498], [-2.616605, 32.094346], [-1.307899, 32.262889], [-1.124551, 32.651522], [-1.388049, 32.864015], [-1.733455, 33.919713], [-1.792986, 34.527919], [-2.169914, 35.168396], [-1.208603, 35.714849], [-0.127454, 35.888662], [0.503877, 36.301273], [1.466919, 36.605647], [3.161699, 36.783905], [4.815758, 36.865037], [5.32012, 36.716519], [6.26182, 37.110655], [7.330385, 37.118381], [7.737078, 36.885708], [8.420964, 36.946427], [8.217824, 36.433177], [8.376368, 35.479876], [8.140981, 34.655146], [7.524482, 34.097376], [7.612642, 33.344115], [8.430473, 32.748337], [8.439103, 32.506285], [9.055603, 32.102692], [9.48214, 30.307556], [9.805634, 29.424638], [9.859998, 28.95999], [9.683885, 28.144174], [9.756128, 27.688259], [9.629056, 27.140953], [9.716286, 26.512206], [9.319411, 26.094325], [9.910693, 25.365455], [9.948261, 24.936954], [10.303847, 24.379313], [10.771364, 24.562532], [11.560669, 24.097909], [11.999506, 23.471668]]]}, "properties": {"name": "Algeria"}, "id": "DZA"}, {"type": "Feature", "geometry": {"type": "Polygon", "coordinates": [[[-78.855259, 1.380924], [-77.855061, 0.809925], [-77.668613, 0.825893], [-77.424984, 0.395687], [-76.57638, 0.256936], [-76.292314, 0.416047], [-75.801466, 0.084801], [-75.373223, -0.152032], [-75.233723, -0.911417], [-75.544996, -1.56161], [-76.635394, -2.608678], [-77.837905, -3.003021], [-78.450684, -3.873097], [-78.639897, -4.547784], [-79.205289, -4.959129], [-79.624979, -4.454198], [-80.028908, -4.346091], [-80.442242, -4.425724], [-80.469295, -4.059287], [-80.184015, -3.821162], [-80.302561, -3.404856], [-79.770293, -2.657512], [-79.986559, -2.220794], [-80.368784, -2.685159], [-80.967765, -2.246943], [-80.764806, -1.965048], [-80.933659, -1.057455], [-80.58337, -0.906663], [-80.399325, -0.283703], [-80.020898, 0.36034], [-80.09061, 0.768429], [-79.542762, 0.982938], [-78.855259, 1.380924]]]}, "properties": {"name": "Ecuador"}, "id": "ECU"}, {"type": "Feature", "geometry": {"type": "Polygon", "coordinates": [[[36.86623, 22], [32.9, 22], [29.02, 22], [25, 22], [25, 25.6825], [25, 29.238655], [24.70007, 30.04419], [24.95762, 30.6616], [24.80287, 31.08929], [25.16482, 31.56915], [26.49533, 31.58568], [27.45762, 31.32126], [28.45048, 31.02577], [28.91353, 30.87005], [29.68342, 31.18686], [30.09503, 31.4734], [30.97693, 31.55586], [31.68796, 31.4296], [31.96041, 30.9336], [32.19247, 31.26034], [32.99392, 31.02407], [33.7734, 30.96746], [34.2654344661852, 31.219357166962144], [34.26544, 31.21936], [34.80315645809493, 29.813594270952535], [34.9226, 29.50133], [34.64174, 29.09942], [34.42655, 28.34399], [34.15451, 27.8233], [33.92136, 27.6487], [33.58811, 27.97136], [33.13676, 28.41765], [32.42323, 29.85108], [32.32046, 29.76043], [32.73482, 28.70523], [33.34876, 27.69989], [34.10455, 26.14227], [34.47387, 25.59856], [34.79507, 25.03375], [35.69241, 23.92671], [35.49372, 23.75237], [35.52598, 23.10244], [36.69069, 22.20485], [36.86623, 22]]]}, "properties": {"name": "Egypt"}, "id": "EGY"}, {"type": "Feature", "geometry": {"type": "Polygon", "coordinates": [[[43.081226, 12.699639], [42.779642, 12.455416], [42.35156, 12.54223], [42.00975, 12.86582], [41.59856, 13.45209], [41.1552, 13.77333], [40.8966, 14.11864], [40.02625, 14.51959], [39.34061, 14.53155], [39.0994, 14.74064], [38.51295, 14.50547], [37.90607, 14.95943], [37.59377, 14.2131], [36.42951, 14.42211], [36.32322, 14.82249], [36.75389, 16.29186], [36.85253, 16.95655], [37.16747, 17.26314], [37.904, 17.42754], [38.41009, 17.998307], [38.990623, 16.840626], [39.26611, 15.922723], [39.814294, 15.435647], [41.179275, 14.49108], [41.734952, 13.921037], [42.276831, 13.343992], [42.589576, 13.000421], [43.081226, 12.699639]]]}, "properties": {"name": "Eritrea"}, "id": "ERI"}, {"type": "Feature", "geometry": {"type": "Polygon", "coordinates": [[[-9.034818, 41.880571], [-8.984433, 42.592775], [-9.392884, 43.026625], [-7.97819, 43.748338], [-6.754492, 43.567909], [-5.411886, 43.57424], [-4.347843, 43.403449], [-3.517532, 43.455901], [-1.901351, 43.422802], [-1.502771, 43.034014], [0.338047, 42.579546], [0.701591, 42.795734], [1.826793, 42.343385], [2.985999, 42.473015], [3.039484, 41.89212], [2.091842, 41.226089], [0.810525, 41.014732], [0.721331, 40.678318], [0.106692, 40.123934], [-0.278711, 39.309978], [0.111291, 38.738514], [-0.467124, 38.292366], [-0.683389, 37.642354], [-1.438382, 37.443064], [-2.146453, 36.674144], [-3.415781, 36.6589], [-4.368901, 36.677839], [-4.995219, 36.324708], [-5.37716, 35.94685], [-5.866432, 36.029817], [-6.236694, 36.367677], [-6.520191, 36.942913], [-7.453726, 37.097788], [-7.537105, 37.428904], [-7.166508, 37.803894], [-7.029281, 38.075764], [-7.374092, 38.373059], [-7.098037, 39.030073], [-7.498632, 39.629571], [-7.066592, 39.711892], [-7.026413, 40.184524], [-6.86402, 40.330872], [-6.851127, 41.111083], [-6.389088, 41.381815], [-6.668606, 41.883387], [-7.251309, 41.918346], [-7.422513, 41.792075], [-8.013175, 41.790886], [-8.263857, 42.280469], [-8.671946, 42.134689], [-9.034818, 41.880571]]]}, "properties": {"name": "Spain"}, "id": "ESP"}, {"type": "Feature", "geometry": {"type": "Polygon", "coordinates": [[[24.312863, 57.793424], [24.428928, 58.383413], [24.061198, 58.257375], [23.42656, 58.612753], [23.339795, 59.18724], [24.604214, 59.465854], [25.864189, 59.61109], [26.949136, 59.445803], [27.981114, 59.475388], [27.98112671201368, 59.4753732638228], [27.98112, 59.47537], [28.131699, 59.300825], [27.42015, 58.72457], [27.716686, 57.791899], [27.288185, 57.474528], [26.463532, 57.476389], [25.60281, 57.847529], [25.164594, 57.970157], [24.312863, 57.793424]]]}, "properties": {"name": "Estonia"}, "id": "EST"}, {"type": "Feature", "geometry": {"type": "Polygon", "coordinates": [[[42.35156, 12.54223], [42, 12.1], [41.66176, 11.6312], [41.73959, 11.35511], [41.75557, 11.05091], [42.31414, 11.0342], [42.55493, 11.10511], [42.776852, 10.926879], [42.55876, 10.57258], [42.92812, 10.02194], [43.29699, 9.54048], [43.67875, 9.18358], [43.920567096520266, 9.095812314008606], [46.82894406847936, 8.040214837681651], [46.962562659078415, 7.99698348917292], [47.56774433422063, 8.001387008281531], [47.78942, 8.003], [44.9636, 5.00162], [43.66087, 4.95755], [43.464981788846096, 4.8025978530800515], [42.90992300738424, 4.363533402250447], [42.87611543146808, 4.3367908206550005], [42.87132622708112, 4.333002448208153], [42.839577369631265, 4.307888360968643], [42.82678726386161, 4.297771088792506], [42.797033034350136, 4.274234798805511], [42.76967, 4.25259], [42.75780274313564, 4.252248269800461], [42.12861, 4.23413], [41.94597568187431, 4.023658549317087], [41.923678042849936, 3.997962302957554], [41.91975644209382, 3.993442971604012], [41.90757963158787, 3.979410170988115], [41.906156744900144, 3.977770407835182], [41.88135205547383, 3.949184986317078], [41.855083, 3.918912], [41.1718, 3.91909], [40.76848, 4.25702], [39.85494, 3.83879], [39.559384, 3.42206], [38.89251, 3.50074], [38.67114, 3.61607], [38.43697, 3.58851], [38.120915, 3.598605], [36.855093, 4.447864], [36.159079, 4.447864], [35.817448, 4.776966], [35.817448, 5.338232], [35.298007, 5.506], [34.70702, 6.59422], [34.25032, 6.82607], [34.0751, 7.22595], [33.56829, 7.71334], [32.95418, 7.78497], [33.2948, 8.35458], [33.8255, 8.37916], [33.97498, 8.68456], [33.96339279795152, 9.464285028864486], [33.963393, 9.464285], [33.96162, 9.58358], [34.25745, 10.63009], [34.73115, 10.91017], [34.83163, 11.31896], [35.26049, 12.08286], [35.86363, 12.57828], [36.27022, 13.56333], [36.42951, 14.42211], [37.59377, 14.2131], [37.90607, 14.95943], [38.51295, 14.50547], [39.0994, 14.74064], [39.34061, 14.53155], [40.02625, 14.51959], [40.8966, 14.11864], [41.1552, 13.77333], [41.59856, 13.45209], [42.00975, 12.86582], [42.35156, 12.54223]]]}, "properties": {"name": "Ethiopia"}, "id": "ETH"}, {"type": "Feature", "geometry": {"type": "Polygon", "coordinates": [[[28.59193, 69.064777], [28.445944, 68.364613], [29.977426, 67.698297], [29.054589, 66.944286], [30.21765, 65.80598], [29.54443, 64.948672], [30.444685, 64.204453], [30.035872, 63.552814], [31.516092, 62.867687], [31.139991, 62.357693], [30.211107, 61.780028], [28.07, 60.50352], [28.07000172151676, 60.503519218736685], [28.069998, 60.503517], [26.255173, 60.423961], [24.496624, 60.057316], [22.869695, 59.846373], [22.290764, 60.391921], [21.322244, 60.72017], [21.544866, 61.705329], [21.059211, 62.607393], [21.536029, 63.189735], [22.442744, 63.81781], [24.730512, 64.902344], [25.398068, 65.111427], [25.294043, 65.534346], [23.903379, 66.006927], [23.56588, 66.396051], [23.539473, 67.936009], [21.978535, 68.616846], [20.645593, 69.106247], [21.244936, 69.370443], [22.356238, 68.841741], [23.66205, 68.891247], [24.735679, 68.649557], [25.689213, 69.092114], [26.179622, 69.825299], [27.732292, 70.164193], [29.015573, 69.766491], [28.59193, 69.064777]]]}, "properties": {"name": "Finland"}, "id": "FIN"}, {"type": "Feature", "geometry": {"type": "MultiPolygon", "coordinates": [[[[178.3736, -17.33992], [178.71806, -17.62846], [178.55271, -18.15059], [177.93266, -18.28799], [177.38146, -18.16432], [177.28504, -17.72465], [177.67087, -17.38114], [178.12557, -17.50481], [178.3736, -17.33992]]], [[[179.364143, -16.801354], [178.725059, -17.012042], [178.596839, -16.63915], [179.096609, -16.433984], [179.413509, -16.379054], [180, -16.067133], [180, -16.555217], [179.364143, -16.801354]]], [[[-179.917369, -16.501783], [-180, -16.555217], [-180, -16.067133], [-179.79332, -16.020882], [-179.917369, -16.501783]]]]}, "properties": {"name": "Fiji"}, "id": "FJI"}, {"type": "Feature", "geometry": {"type": "Polygon", "coordinates": [[[-61.2, -51.85], [-60, -51.25], [-59.15, -51.5], [-58.55, -51.1], [-57.75, -51.55], [-58.05, -51.9], [-59.4, -52.2], [-59.85, -51.85], [-60.7, -52.3], [-61.2, -51.85]]]}, "properties": {"name": "Falkland Islands"}, "id": "FLK"}, {"type": "Feature", "geometry": {"type": "MultiPolygon", "coordinates": [[[[2.513573, 51.148506], [2.658422, 50.796848], [3.123252, 50.780363], [3.588184, 50.378992], [4.286023, 49.907497], [4.799222, 49.985373], [5.674052, 49.529484], [5.897759, 49.442667], [6.18632, 49.463803], [6.65823, 49.201958], [8.099279, 49.017784], [7.593676, 48.333019], [7.466759, 47.620582], [7.192202, 47.449766], [6.736571, 47.541801], [6.768714, 47.287708], [6.037389, 46.725779], [6.022609, 46.27299], [6.5001, 46.429673], [6.843593, 45.991147], [6.802355, 45.70858], [7.096652, 45.333099], [6.749955, 45.028518], [7.007562, 44.254767], [7.549596, 44.127901], [7.435185, 43.693845], [6.529245, 43.128892], [4.556963, 43.399651], [3.100411, 43.075201], [2.985999, 42.473015], [1.826793, 42.343385], [0.701591, 42.795734], [0.338047, 42.579546], [-1.502771, 43.034014], [-1.901351, 43.422802], [-1.384225, 44.02261], [-1.193798, 46.014918], [-2.225724, 47.064363], [-2.963276, 47.570327], [-4.491555, 47.954954], [-4.59235, 48.68416], [-3.295814, 48.901692], [-1.616511, 48.644421], [-1.933494, 49.776342], [-0.989469, 49.347376], [1.338761, 50.127173], [1.639001, 50.946606], [2.513573, 51.148506]]], [[[-51.657797, 4.156232], [-52.249338, 3.241094], [-52.556425, 2.504705], [-52.939657, 2.124858], [-53.418465, 2.053389], [-53.554839, 2.334897], [-53.778521, 2.376703], [-54.088063, 2.105557], [-54.524754, 2.311849], [-54.27123, 2.738748], [-54.184284, 3.194172], [-54.011504, 3.62257], [-54.399542, 4.212611], [-54.478633, 4.896756], [-53.958045, 5.756548], [-53.618453, 5.646529], [-52.882141, 5.409851], [-51.823343, 4.565768], [-51.657797, 4.156232]]], [[[9.560016, 42.152492], [9.229752, 41.380007], [8.775723, 41.583612], [8.544213, 42.256517], [8.746009, 42.628122], [9.390001, 43.009985], [9.560016, 42.152492]]]]}, "properties": {"name": "France"}, "id": "FRA"}, {"type": "Feature", "geometry": {"type": "Polygon", "coordinates": [[[11.276449, 2.261051], [11.751665, 2.326758], [12.35938, 2.192812], [12.951334, 2.321616], [13.075822, 2.267097], [13.003114, 1.830896], [13.282631, 1.314184], [14.026669, 1.395677], [14.276266, 1.19693], [13.843321, 0.038758], [14.316418, -0.552627], [14.425456, -1.333407], [14.29921, -1.998276], [13.992407, -2.470805], [13.109619, -2.42874], [12.575284, -1.948511], [12.495703, -2.391688], [11.820964, -2.514161], [11.478039, -2.765619], [11.855122, -3.426871], [11.093773, -3.978827], [10.066135, -2.969483], [9.405245, -2.144313], [8.797996, -1.111301], [8.830087, -0.779074], [9.04842, -0.459351], [9.291351, 0.268666], [9.492889, 1.01012], [9.830284, 1.067894], [11.285079, 1.057662], [11.276449, 2.261051]]]}, "properties": {"name": "Gabon"}, "id": "GAB"}, {"type": "Feature", "geometry": {"type": "MultiPolygon", "coordinates": [[[[-6.197885, 53.867565], [-6.95373, 54.073702], [-7.572168, 54.059956], [-7.366031, 54.595841], [-7.572168, 55.131622], [-6.733847, 55.17286], [-5.661949, 54.554603], [-6.197885, 53.867565]]], [[[-3.005005, 58.635], [-4.073828, 57.553025], [-3.055002, 57.690019], [-1.959281, 57.6848], [-2.219988, 56.870017], [-3.119003, 55.973793], [-2.085009, 55.909998], [-2.005676, 55.804903], [-1.114991, 54.624986], [-0.430485, 54.464376], [0.184981, 53.325014], [0.469977, 52.929999], [1.681531, 52.73952], [1.559988, 52.099998], [1.050562, 51.806761], [1.449865, 51.289428], [0.550334, 50.765739], [-0.787517, 50.774989], [-2.489998, 50.500019], [-2.956274, 50.69688], [-3.617448, 50.228356], [-4.542508, 50.341837], [-5.245023, 49.96], [-5.776567, 50.159678], [-4.30999, 51.210001], [-3.414851, 51.426009], [-4.984367, 51.593466], [-5.267296, 51.9914], [-4.222347, 52.301356], [-4.770013, 52.840005], [-4.579999, 53.495004], [-3.09208, 53.404441], [-2.945009, 53.985], [-3.630005, 54.615013], [-4.844169, 54.790971], [-5.082527, 55.061601], [-4.719112, 55.508473], [-5.047981, 55.783986], [-5.586398, 55.311146], [-5.644999, 56.275015], [-6.149981, 56.78501], [-5.786825, 57.818848], [-5.009999, 58.630013], [-4.211495, 58.550845], [-3.005005, 58.635]]]]}, "properties": {"name": "England"}, "id": "GBR"}, {"type": "Feature", "geometry": {"type": "Polygon", "coordinates": [[[44.97248, 41.248129], [43.582746, 41.092143], [42.619549, 41.583173], [41.554084, 41.535656], [41.703171, 41.962943], [41.45347, 42.645123], [40.875469, 43.013628], [40.321394, 43.128634], [39.955009, 43.434998], [40.076965, 43.553104], [40.92219, 43.38215], [42.3944, 43.2203], [43.75599, 42.74083], [43.93121, 42.55496], [44.537623, 42.711993], [45.470279, 42.502781], [45.7764, 42.09244], [46.404951, 41.860675], [46.145432, 41.722802], [46.637908, 41.181673], [46.501637, 41.064445], [45.962601, 41.123873], [45.217426, 41.411452], [44.97248, 41.248129]]]}, "properties": {"name": "Georgia"}, "id": "GEO"}, {"type": "Feature", "geometry": {"type": "Polygon", "coordinates": [[[-2.827496, 9.642461], [-2.963896, 10.395335], [-2.940409, 10.96269], [-1.203358, 11.009819], [-0.761576, 10.93693], [-0.438702, 11.098341], [0.023803, 11.018682], [-0.049785, 10.706918], [0.36758, 10.191213], [0.365901, 9.465004], [0.461192, 8.677223], [0.712029, 8.312465], [0.490957, 7.411744], [0.570384, 6.914359], [0.836931, 6.279979], [1.060122, 5.928837], [-0.507638, 5.343473], [-1.063625, 5.000548], [-1.964707, 4.710462], [-2.856125, 4.994476], [-2.810701, 5.389051], [-3.24437, 6.250472], [-2.983585, 7.379705], [-2.56219, 8.219628], [-2.827496, 9.642461]]]}, "properties": {"name": "Ghana"}, "id": "GHA"}, {"type": "Feature", "geometry": {"type": "Polygon", "coordinates": [[[-8.029944, 10.206535], [-8.229337, 10.12902], [-8.309616, 9.789532], [-8.079114, 9.376224], [-7.8321, 8.575704], [-8.203499, 8.455453], [-8.299049, 8.316444], [-8.221792, 8.123329], [-8.280703, 7.68718], [-8.439298, 7.686043], [-8.722124, 7.711674], [-8.926065, 7.309037], [-9.208786, 7.313921], [-9.403348, 7.526905], [-9.33728, 7.928534], [-9.755342, 8.541055], [-10.016567, 8.428504], [-10.230094, 8.406206], [-10.505477, 8.348896], [-10.494315, 8.715541], [-10.65477, 8.977178], [-10.622395, 9.26791], [-10.839152, 9.688246], [-11.117481, 10.045873], [-11.917277, 10.046984], [-12.150338, 9.858572], [-12.425929, 9.835834], [-12.596719, 9.620188], [-12.711958, 9.342712], [-13.24655, 8.903049], [-13.685154, 9.494744], [-14.074045, 9.886167], [-14.330076, 10.01572], [-14.579699, 10.214467], [-14.693232, 10.656301], [-14.839554, 10.876572], [-15.130311, 11.040412], [-14.685687, 11.527824], [-14.382192, 11.509272], [-14.121406, 11.677117], [-13.9008, 11.678719], [-13.743161, 11.811269], [-13.828272, 12.142644], [-13.718744, 12.247186], [-13.700476, 12.586183], [-13.217818, 12.575874], [-12.499051, 12.33209], [-12.278599, 12.35444], [-12.203565, 12.465648], [-11.658301, 12.386583], [-11.513943, 12.442988], [-11.456169, 12.076834], [-11.297574, 12.077971], [-11.036556, 12.211245], [-10.87083, 12.177887], [-10.593224, 11.923975], [-10.165214, 11.844084], [-9.890993, 12.060479], [-9.567912, 12.194243], [-9.327616, 12.334286], [-9.127474, 12.30806], [-8.905265, 12.088358], [-8.786099, 11.812561], [-8.376305, 11.393646], [-8.581305, 11.136246], [-8.620321, 10.810891], [-8.407311, 10.909257], [-8.282357, 10.792597], [-8.335377, 10.494812], [-8.029944, 10.206535]]]}, "properties": {"name": "Guinea"}, "id": "GIN"}, {"type": "Feature", "geometry": {"type": "Polygon", "coordinates": [[[-16.841525, 13.151394], [-16.713729, 13.594959], [-15.624596, 13.623587], [-15.39877, 13.860369], [-15.081735, 13.876492], [-14.687031, 13.630357], [-14.376714, 13.62568], [-14.046992, 13.794068], [-13.844963, 13.505042], [-14.277702, 13.280585], [-14.712197, 13.298207], [-15.141163, 13.509512], [-15.511813, 13.27857], [-15.691001, 13.270353], [-15.931296, 13.130284], [-16.841525, 13.151394]]]}, "properties": {"name": "Gambia"}, "id": "GMB"}, {"type": "Feature", "geometry": {"type": "Polygon", "coordinates": [[[-13.700476, 12.586183], [-13.718744, 12.247186], [-13.828272, 12.142644], [-13.743161, 11.811269], [-13.9008, 11.678719], [-14.121406, 11.677117], [-14.382192, 11.509272], [-14.685687, 11.527824], [-15.130311, 11.040412], [-15.66418, 11.458474], [-16.085214, 11.524594], [-16.314787, 11.806515], [-16.308947, 11.958702], [-16.613838, 12.170911], [-16.677452, 12.384852], [-16.147717, 12.547762], [-15.816574, 12.515567], [-15.548477, 12.62817], [-13.700476, 12.586183]]]}, "properties": {"name": "Guinea Bissau"}, "id": "GNB"}, {"type": "Feature", "geometry": {"type": "Polygon", "coordinates": [[[9.649158, 2.283866], [11.276449, 2.261051], [11.285079, 1.057662], [9.830284, 1.067894], [9.492889, 1.01012], [9.305613, 1.160911], [9.649158, 2.283866]]]}, "properties": {"name": "Equatorial Guinea"}, "id": "GNQ"}, {"type": "Feature", "geometry": {"type": "MultiPolygon", "coordinates": [[[[20.150016, 39.624998], [20.615, 40.110007], [20.674997, 40.435], [20.99999, 40.580004], [21.02004, 40.842727], [21.674161, 40.931275], [22.055378, 41.149866], [22.597308, 41.130487], [22.76177, 41.3048], [22.952377, 41.337994], [23.692074, 41.309081], [24.492645, 41.583896], [25.197201, 41.234486], [26.106138, 41.328899], [26.117042, 41.826905], [26.604196, 41.562115], [26.294602, 40.936261], [26.056942, 40.824123], [25.447677, 40.852545], [24.925848, 40.947062], [23.714811, 40.687129], [24.407999, 40.124993], [23.899968, 39.962006], [23.342999, 39.960998], [22.813988, 40.476005], [22.626299, 40.256561], [22.849748, 39.659311], [23.350027, 39.190011], [22.973099, 38.970903], [23.530016, 38.510001], [24.025025, 38.219993], [24.040011, 37.655015], [23.115003, 37.920011], [23.409972, 37.409991], [22.774972, 37.30501], [23.154225, 36.422506], [22.490028, 36.41], [21.670026, 36.844986], [21.295011, 37.644989], [21.120034, 38.310323], [20.730032, 38.769985], [20.217712, 39.340235], [20.150016, 39.624998]]], [[[23.69998, 35.705004], [24.246665, 35.368022], [25.025015, 35.424996], [25.769208, 35.354018], [25.745023, 35.179998], [26.290003, 35.29999], [26.164998, 35.004995], [24.724982, 34.919988], [24.735007, 35.084991], [23.514978, 35.279992], [23.69998, 35.705004]]]]}, "properties": {"name": "Greece"}, "id": "GRC"}, {"type": "Feature", "geometry": {"type": "Polygon", "coordinates": [[[-46.76379, 82.62796], [-43.40644, 83.22516], [-39.89753, 83.18018], [-38.62214, 83.54905], [-35.08787, 83.64513], [-27.10046, 83.51966], [-20.84539, 82.72669], [-22.69182, 82.34165], [-26.51753, 82.29765], [-31.9, 82.2], [-31.39646, 82.02154], [-27.85666, 82.13178], [-24.84448, 81.78697], [-22.90328, 82.09317], [-22.07175, 81.73449], [-23.16961, 81.15271], [-20.62363, 81.52462], [-15.76818, 81.91245], [-12.77018, 81.71885], [-12.20855, 81.29154], [-16.28533, 80.58004], [-16.85, 80.35], [-20.04624, 80.17708], [-17.73035, 80.12912], [-18.9, 79.4], [-19.70499, 78.75128], [-19.67353, 77.63859], [-18.47285, 76.98565], [-20.03503, 76.94434], [-21.67944, 76.62795], [-19.83407, 76.09808], [-19.59896, 75.24838], [-20.66818, 75.15585], [-19.37281, 74.29561], [-21.59422, 74.22382], [-20.43454, 73.81713], [-20.76234, 73.46436], [-22.17221, 73.30955], [-23.56593, 73.30663], [-22.31311, 72.62928], [-22.29954, 72.18409], [-24.27834, 72.59788], [-24.79296, 72.3302], [-23.44296, 72.08016], [-22.13281, 71.46898], [-21.75356, 70.66369], [-23.53603, 70.471], [-24.30702, 70.85649], [-25.54341, 71.43094], [-25.20135, 70.75226], [-26.36276, 70.22646], [-23.72742, 70.18401], [-22.34902, 70.12946], [-25.02927, 69.2588], [-27.74737, 68.47046], [-30.67371, 68.12503], [-31.77665, 68.12078], [-32.81105, 67.73547], [-34.20196, 66.67974], [-36.35284, 65.9789], [-37.04378, 65.93768], [-38.37505, 65.69213], [-39.81222, 65.45848], [-40.66899, 64.83997], [-40.68281, 64.13902], [-41.1887, 63.48246], [-42.81938, 62.68233], [-42.41666, 61.90093], [-42.86619, 61.07404], [-43.3784, 60.09772], [-44.7875, 60.03676], [-46.26364, 60.85328], [-48.26294, 60.85843], [-49.23308, 61.40681], [-49.90039, 62.38336], [-51.63325, 63.62691], [-52.14014, 64.27842], [-52.27659, 65.1767], [-53.66166, 66.09957], [-53.30161, 66.8365], [-53.96911, 67.18899], [-52.9804, 68.35759], [-51.47536, 68.72958], [-51.08041, 69.14781], [-50.87122, 69.9291], [-52.013585, 69.574925], [-52.55792, 69.42616], [-53.45629, 69.283625], [-54.68336, 69.61003], [-54.75001, 70.28932], [-54.35884, 70.821315], [-53.431315, 70.835755], [-51.39014, 70.56978], [-53.10937, 71.20485], [-54.00422, 71.54719], [-55, 71.406537], [-55.83468, 71.65444], [-54.71819, 72.58625], [-55.32634, 72.95861], [-56.12003, 73.64977], [-57.32363, 74.71026], [-58.59679, 75.09861], [-58.58516, 75.51727], [-61.26861, 76.10238], [-63.39165, 76.1752], [-66.06427, 76.13486], [-68.50438, 76.06141], [-69.66485, 76.37975], [-71.40257, 77.00857], [-68.77671, 77.32312], [-66.76397, 77.37595], [-71.04293, 77.63595], [-73.297, 78.04419], [-73.15938, 78.43271], [-69.37345, 78.91388], [-65.7107, 79.39436], [-65.3239, 79.75814], [-68.02298, 80.11721], [-67.15129, 80.51582], [-63.68925, 81.21396], [-62.23444, 81.3211], [-62.65116, 81.77042], [-60.28249, 82.03363], [-57.20744, 82.19074], [-54.13442, 82.19962], [-53.04328, 81.88833], [-50.39061, 82.43883], [-48.00386, 82.06481], [-46.59984, 81.985945], [-44.523, 81.6607], [-46.9007, 82.19979], [-46.76379, 82.62796]]]}, "properties": {"name": "Greenland"}, "id": "GRL"}, {"type": "Feature", "geometry": {"type": "Polygon", "coordinates": [[[-89.14308, 17.808319], [-89.150806, 17.015577], [-89.229122, 15.886938], [-88.930613, 15.887273], [-88.604586, 15.70638], [-88.518364, 15.855389], [-88.225023, 15.727722], [-88.68068, 15.346247], [-89.154811, 15.066419], [-89.22522, 14.874286], [-89.145535, 14.678019], [-89.353326, 14.424133], [-89.587343, 14.362586], [-89.534219, 14.244816], [-89.721934, 14.134228], [-90.064678, 13.88197], [-90.095555, 13.735338], [-90.608624, 13.909771], [-91.23241, 13.927832], [-91.689747, 14.126218], [-92.22775, 14.538829], [-92.20323, 14.830103], [-92.087216, 15.064585], [-92.229249, 15.251447], [-91.74796, 16.066565], [-90.464473, 16.069562], [-90.438867, 16.41011], [-90.600847, 16.470778], [-90.711822, 16.687483], [-91.08167, 16.918477], [-91.453921, 17.252177], [-91.002269, 17.254658], [-91.00152, 17.817595], [-90.067934, 17.819326], [-89.14308, 17.808319]]]}, "properties": {"name": "Guatemala"}, "id": "GTM"}, {"type": "Feature", "geometry": {"type": "Polygon", "coordinates": [[[-56.539386, 1.899523], [-56.782704, 1.863711], [-57.335823, 1.948538], [-57.660971, 1.682585], [-58.11345, 1.507195], [-58.429477, 1.463942], [-58.540013, 1.268088], [-59.030862, 1.317698], [-59.646044, 1.786894], [-59.718546, 2.24963], [-59.974525, 2.755233], [-59.815413, 3.606499], [-59.53804, 3.958803], [-59.767406, 4.423503], [-60.111002, 4.574967], [-59.980959, 5.014061], [-60.213683, 5.244486], [-60.733574, 5.200277], [-61.410303, 5.959068], [-61.139415, 6.234297], [-61.159336, 6.696077], [-60.543999, 6.856584], [-60.295668, 7.043911], [-60.637973, 7.415], [-60.550588, 7.779603], [-59.758285, 8.367035], [-59.101684, 7.999202], [-58.482962, 7.347691], [-58.454876, 6.832787], [-58.078103, 6.809094], [-57.542219, 6.321268], [-57.147436, 5.97315], [-57.307246, 5.073567], [-57.914289, 4.812626], [-57.86021, 4.576801], [-58.044694, 4.060864], [-57.601569, 3.334655], [-57.281433, 3.333492], [-57.150098, 2.768927], [-56.539386, 1.899523]]]}, "properties": {"name": "Guyana"}, "id": "GUY"}, {"type": "Feature", "geometry": {"type": "Polygon", "coordinates": [[[-89.353326, 14.424133], [-89.145535, 14.678019], [-89.22522, 14.874286], [-89.154811, 15.066419], [-88.68068, 15.346247], [-88.225023, 15.727722], [-88.121153, 15.688655], [-87.901813, 15.864458], [-87.61568, 15.878799], [-87.522921, 15.797279], [-87.367762, 15.84694], [-86.903191, 15.756713], [-86.440946, 15.782835], [-86.119234, 15.893449], [-86.001954, 16.005406], [-85.683317, 15.953652], [-85.444004, 15.885749], [-85.182444, 15.909158], [-84.983722, 15.995923], [-84.52698, 15.857224], [-84.368256, 15.835158], [-84.063055, 15.648244], [-83.773977, 15.424072], [-83.410381, 15.270903], [-83.147219, 14.995829], [-83.489989, 15.016267], [-83.628585, 14.880074], [-83.975721, 14.749436], [-84.228342, 14.748764], [-84.449336, 14.621614], [-84.649582, 14.666805], [-84.820037, 14.819587], [-84.924501, 14.790493], [-85.052787, 14.551541], [-85.148751, 14.560197], [-85.165365, 14.35437], [-85.514413, 14.079012], [-85.698665, 13.960078], [-85.801295, 13.836055], [-86.096264, 14.038187], [-86.312142, 13.771356], [-86.520708, 13.778487], [-86.755087, 13.754845], [-86.733822, 13.263093], [-86.880557, 13.254204], [-87.005769, 13.025794], [-87.316654, 12.984686], [-87.489409, 13.297535], [-87.793111, 13.38448], [-87.723503, 13.78505], [-87.859515, 13.893312], [-88.065343, 13.964626], [-88.503998, 13.845486], [-88.541231, 13.980155], [-88.843073, 14.140507], [-89.058512, 14.340029], [-89.353326, 14.424133]]]}, "properties": {"name": "Honduras"}, "id": "HND"}, {"type": "Feature", "geometry": {"type": "Polygon", "coordinates": [[[19.005484729036837, 44.86023462204895], [18.553214, 45.08159], [17.861783, 45.06774], [17.002146, 45.233777], [16.534939, 45.211608], [16.318157, 45.004127], [15.959367, 45.233777], [15.750026, 44.818712], [16.23966, 44.351143], [16.456443, 44.04124], [16.916156, 43.667722], [17.297373, 43.446341], [17.674922, 43.028563], [18.56, 42.65], [18.45001682335878, 42.47999227271605], [18.450016, 42.479991], [17.50997, 42.849995], [16.930006, 43.209998], [16.015385, 43.507215], [15.174454, 44.243191], [15.37625, 44.317915], [14.920309, 44.738484], [14.901602, 45.07606], [14.258748, 45.233777], [13.952255, 44.802124], [13.656976, 45.136935], [13.679403, 45.484149], [13.71506, 45.500324], [14.411968, 45.466166], [14.595109, 45.634941], [14.935244, 45.471695], [15.327675, 45.452316], [15.323954, 45.731783], [15.67153, 45.834154], [15.768733, 46.238108], [16.564808, 46.503751], [16.882515, 46.380632], [17.630066, 45.951769], [18.456062, 45.759481], [18.82982461077362, 45.90887264837161], [19.072769, 45.521511], [19.390476, 45.236516], [19.005484729036837, 44.86023462204895]]]}, "properties": {"name": "Croatia"}, "id": "HRV"}, {"type": "Feature", "geometry": {"type": "Polygon", "coordinates": [[[-71.712361, 19.714456], [-71.624873, 19.169838], [-71.701303, 18.785417], [-71.945112, 18.6169], [-71.687738, 18.31666], [-71.708305, 18.044997], [-72.372476, 18.214961], [-72.844411, 18.145611], [-73.454555, 18.217906], [-73.922433, 18.030993], [-74.458034, 18.34255], [-74.369925, 18.664908], [-73.449542, 18.526053], [-72.694937, 18.445799], [-72.334882, 18.668422], [-72.79165, 19.101625], [-72.784105, 19.483591], [-73.415022, 19.639551], [-73.189791, 19.915684], [-72.579673, 19.871501], [-71.712361, 19.714456]]]}, "properties": {"name": "Haiti"}, "id": "HTI"}, {"type": "Feature", "geometry": {"type": "Polygon", "coordinates": [[[16.202298, 46.852386], [16.534268, 47.496171], [16.340584, 47.712902], [16.903754, 47.714866], [16.979667, 48.123497], [17.488473, 47.867466], [17.857133, 47.758429], [18.696513, 47.880954], [18.777025, 48.081768], [19.174365, 48.111379], [19.661364, 48.266615], [19.769471, 48.202691], [20.239054, 48.327567], [20.473562, 48.56285], [20.801294, 48.623854], [21.872236, 48.319971], [22.085608, 48.422264], [22.64082, 48.15024], [22.710531, 47.882194], [22.099768, 47.672439], [21.626515, 46.994238], [21.021952, 46.316088], [20.220192, 46.127469], [19.596045, 46.17173], [18.829838, 45.908878], [18.82982461077362, 45.90887264837161], [18.456062, 45.759481], [17.630066, 45.951769], [16.882515, 46.380632], [16.564808, 46.503751], [16.370505, 46.841327], [16.202298, 46.852386]]]}, "properties": {"name": "Hungary"}, "id": "HUN"}, {"type": "Feature", "geometry": {"type": "MultiPolygon", "coordinates": [[[[120.715609, -10.239581], [120.295014, -10.25865], [118.967808, -9.557969], [119.90031, -9.36134], [120.425756, -9.665921], [120.775502, -9.969675], [120.715609, -10.239581]]], [[[124.968682, -8.89279], [125.07002, -9.089987], [125.08852, -9.393173], [124.43595, -10.140001], [123.579982, -10.359987], [123.459989, -10.239995], [123.550009, -9.900016], [123.980009, -9.290027], [124.968682, -8.89279]]], [[[117.900018, -8.095681], [118.260616, -8.362383], [118.87846, -8.280683], [119.126507, -8.705825], [117.970402, -8.906639], [117.277731, -9.040895], [116.740141, -9.032937], [117.083737, -8.457158], [117.632024, -8.449303], [117.900018, -8.095681]]], [[[122.903537, -8.094234], [122.756983, -8.649808], [121.254491, -8.933666], [119.924391, -8.810418], [119.920929, -8.444859], [120.715092, -8.236965], [121.341669, -8.53674], [122.007365, -8.46062], [122.903537, -8.094234]]], [[[108.623479, -6.777674], [110.539227, -6.877358], [110.759576, -6.465186], [112.614811, -6.946036], [112.978768, -7.594213], [114.478935, -7.776528], [115.705527, -8.370807], [114.564511, -8.751817], [113.464734, -8.348947], [112.559672, -8.376181], [111.522061, -8.302129], [110.58615, -8.122605], [109.427667, -7.740664], [108.693655, -7.6416], [108.277763, -7.766657], [106.454102, -7.3549], [106.280624, -6.9249], [105.365486, -6.851416], [106.051646, -5.895919], [107.265009, -5.954985], [108.072091, -6.345762], [108.486846, -6.421985], [108.623479, -6.777674]]], [[[134.724624, -6.214401], [134.210134, -6.895238], [134.112776, -6.142467], [134.290336, -5.783058], [134.499625, -5.445042], [134.727002, -5.737582], [134.724624, -6.214401]]], [[[127.249215, -3.459065], [126.874923, -3.790983], [126.183802, -3.607376], [125.989034, -3.177273], [127.000651, -3.129318], [127.249215, -3.459065]]], [[[130.471344, -3.093764], [130.834836, -3.858472], [129.990547, -3.446301], [129.155249, -3.362637], [128.590684, -3.428679], [127.898891, -3.393436], [128.135879, -2.84365], [129.370998, -2.802154], [130.471344, -3.093764]]], [[[141.00021, -2.600151], [141.017057, -5.859022], [141.033852, -9.117893], [140.143415, -8.297168], [139.127767, -8.096043], [138.881477, -8.380935], [137.614474, -8.411683], [138.039099, -7.597882], [138.668621, -7.320225], [138.407914, -6.232849], [137.92784, -5.393366], [135.98925, -4.546544], [135.164598, -4.462931], [133.66288, -3.538853], [133.367705, -4.024819], [132.983956, -4.112979], [132.756941, -3.746283], [132.753789, -3.311787], [131.989804, -2.820551], [133.066845, -2.460418], [133.780031, -2.479848], [133.696212, -2.214542], [132.232373, -2.212526], [131.836222, -1.617162], [130.94284, -1.432522], [130.519558, -0.93772], [131.867538, -0.695461], [132.380116, -0.369538], [133.985548, -0.78021], [134.143368, -1.151867], [134.422627, -2.769185], [135.457603, -3.367753], [136.293314, -2.307042], [137.440738, -1.703513], [138.329727, -1.702686], [139.184921, -2.051296], [139.926684, -2.409052], [141.00021, -2.600151]]], [[[125.240501, 1.419836], [124.437035, 0.427881], [123.685505, 0.235593], [122.723083, 0.431137], [121.056725, 0.381217], [120.183083, 0.237247], [120.04087, -0.519658], [120.935905, -1.408906], [121.475821, -0.955962], [123.340565, -0.615673], [123.258399, -1.076213], [122.822715, -0.930951], [122.38853, -1.516858], [121.508274, -1.904483], [122.454572, -3.186058], [122.271896, -3.5295], [123.170963, -4.683693], [123.162333, -5.340604], [122.628515, -5.634591], [122.236394, -5.282933], [122.719569, -4.464172], [121.738234, -4.851331], [121.489463, -4.574553], [121.619171, -4.188478], [120.898182, -3.602105], [120.972389, -2.627643], [120.305453, -2.931604], [120.390047, -4.097579], [120.430717, -5.528241], [119.796543, -5.6734], [119.366906, -5.379878], [119.653606, -4.459417], [119.498835, -3.494412], [119.078344, -3.487022], [118.767769, -2.801999], [119.180974, -2.147104], [119.323394, -1.353147], [119.825999, 0.154254], [120.035702, 0.566477], [120.885779, 1.309223], [121.666817, 1.013944], [122.927567, 0.875192], [124.077522, 0.917102], [125.065989, 1.643259], [125.240501, 1.419836]]], [[[128.688249, 1.132386], [128.635952, 0.258486], [128.12017, 0.356413], [127.968034, -0.252077], [128.379999, -0.780004], [128.100016, -0.899996], [127.696475, -0.266598], [127.39949, 1.011722], [127.600512, 1.810691], [127.932378, 2.174596], [128.004156, 1.628531], [128.594559, 1.540811], [128.688249, 1.132386]]], [[[109.66326, 2.006467], [109.830227, 1.338136], [110.514061, 0.773131], [111.159138, 0.976478], [111.797548, 0.904441], [112.380252, 1.410121], [112.859809, 1.49779], [113.80585, 1.217549], [114.621355, 1.430688], [115.134037, 2.821482], [115.519078, 3.169238], [115.865517, 4.306559], [117.015214, 4.306094], [117.882035, 4.137551], [117.313232, 3.234428], [118.04833, 2.28769], [117.875627, 1.827641], [118.996747, 0.902219], [117.811858, 0.784242], [117.478339, 0.102475], [117.521644, -0.803723], [116.560048, -1.487661], [116.533797, -2.483517], [116.148084, -4.012726], [116.000858, -3.657037], [114.864803, -4.106984], [114.468652, -3.495704], [113.755672, -3.43917], [113.256994, -3.118776], [112.068126, -3.478392], [111.703291, -2.994442], [111.04824, -3.049426], [110.223846, -2.934032], [110.070936, -1.592874], [109.571948, -1.314907], [109.091874, -0.459507], [108.952658, 0.415375], [109.069136, 1.341934], [109.66326, 2.006467]]], [[[105.817655, -5.852356], [104.710384, -5.873285], [103.868213, -5.037315], [102.584261, -4.220259], [102.156173, -3.614146], [101.399113, -2.799777], [100.902503, -2.050262], [100.141981, -0.650348], [99.26374, 0.183142], [98.970011, 1.042882], [98.601351, 1.823507], [97.699598, 2.453184], [97.176942, 3.308791], [96.424017, 3.86886], [95.380876, 4.970782], [95.293026, 5.479821], [95.936863, 5.439513], [97.484882, 5.246321], [98.369169, 4.26837], [99.142559, 3.59035], [99.693998, 3.174329], [100.641434, 2.099381], [101.658012, 2.083697], [102.498271, 1.3987], [103.07684, 0.561361], [103.838396, 0.104542], [103.437645, -0.711946], [104.010789, -1.059212], [104.369991, -1.084843], [104.53949, -1.782372], [104.887893, -2.340425], [105.622111, -2.428844], [106.108593, -3.061777], [105.857446, -4.305525], [105.817655, -5.852356]]]]}, "properties": {"name": "Indonesia"}, "id": "IDN"}, {"type": "Feature", "geometry": {"type": "Polygon", "coordinates": [[[92.672721, 22.041239], [92.146035, 23.627499], [91.869928, 23.624346], [91.706475, 22.985264], [91.158963, 23.503527], [91.46773, 24.072639], [91.915093, 24.130414], [92.376202, 24.976693], [91.799596, 25.147432], [90.872211, 25.132601], [89.920693, 25.26975], [89.832481, 25.965082], [89.355094, 26.014407], [88.563049, 26.446526], [88.209789, 25.768066], [88.931554, 25.238692], [88.306373, 24.866079], [88.084422, 24.501657], [88.69994, 24.233715], [88.52977, 23.631142], [88.876312, 22.879146], [89.031961, 22.055708], [88.888766, 21.690588], [88.208497, 21.703172], [86.975704, 21.495562], [87.033169, 20.743308], [86.499351, 20.151638], [85.060266, 19.478579], [83.941006, 18.30201], [83.189217, 17.671221], [82.192792, 17.016636], [82.191242, 16.556664], [81.692719, 16.310219], [80.791999, 15.951972], [80.324896, 15.899185], [80.025069, 15.136415], [80.233274, 13.835771], [80.286294, 13.006261], [79.862547, 12.056215], [79.857999, 10.357275], [79.340512, 10.308854], [78.885345, 9.546136], [79.18972, 9.216544], [78.277941, 8.933047], [77.941165, 8.252959], [77.539898, 7.965535], [76.592979, 8.899276], [76.130061, 10.29963], [75.746467, 11.308251], [75.396101, 11.781245], [74.864816, 12.741936], [74.616717, 13.992583], [74.443859, 14.617222], [73.534199, 15.990652], [73.119909, 17.92857], [72.820909, 19.208234], [72.824475, 20.419503], [72.630533, 21.356009], [71.175273, 20.757441], [70.470459, 20.877331], [69.16413, 22.089298], [69.644928, 22.450775], [69.349597, 22.84318], [68.176645, 23.691965], [68.842599, 24.359134], [71.04324, 24.356524], [70.844699, 25.215102], [70.282873, 25.722229], [70.168927, 26.491872], [69.514393, 26.940966], [70.616496, 27.989196], [71.777666, 27.91318], [72.823752, 28.961592], [73.450638, 29.976413], [74.42138, 30.979815], [74.405929, 31.692639], [75.258642, 32.271105], [74.451559, 32.7649], [74.104294, 33.441473], [73.749948, 34.317699], [74.240203, 34.748887], [75.757061, 34.504923], [76.871722, 34.653544], [77.837451, 35.49401], [78.912269, 34.321936], [78.811086, 33.506198], [79.208892, 32.994395], [79.176129, 32.48378], [78.458446, 32.618164], [78.738894, 31.515906], [79.721367, 30.882715], [81.111256, 30.183481], [80.476721, 29.729865], [80.088425, 28.79447], [81.057203, 28.416095], [81.999987, 27.925479], [83.304249, 27.364506], [84.675018, 27.234901], [85.251779, 26.726198], [86.024393, 26.630985], [87.227472, 26.397898], [88.060238, 26.414615], [88.174804, 26.810405], [88.043133, 27.445819], [88.120441, 27.876542], [88.730326, 28.086865], [88.814248, 27.299316], [88.835643, 27.098966], [89.744528, 26.719403], [90.373275, 26.875724], [91.217513, 26.808648], [92.033484, 26.83831], [92.103712, 27.452614], [91.696657, 27.771742], [92.503119, 27.896876], [93.413348, 28.640629], [94.56599, 29.277438], [95.404802, 29.031717], [96.117679, 29.452802], [96.586591, 28.83098], [96.248833, 28.411031], [97.327114, 28.261583], [97.402561, 27.882536], [97.051989, 27.699059], [97.133999, 27.083774], [96.419366, 27.264589], [95.124768, 26.573572], [95.155153, 26.001307], [94.603249, 25.162495], [94.552658, 24.675238], [94.106742, 23.850741], [93.325188, 24.078556], [93.286327, 23.043658], [93.060294, 22.703111], [93.166128, 22.27846], [92.672721, 22.041239]]]}, "properties": {"name": "India"}, "id": "IND"}, {"type": "Feature", "geometry": {"type": "Polygon", "coordinates": [[[-7.572168, 55.131622], [-7.366031, 54.595841], [-7.572168, 54.059956], [-6.95373, 54.073702], [-6.197885, 53.867565], [-6.032985, 53.153164], [-6.788857, 52.260118], [-8.561617, 51.669301], [-9.977086, 51.820455], [-9.166283, 52.864629], [-9.688525, 53.881363], [-8.327987, 54.664519], [-7.572168, 55.131622]]]}, "properties": {"name": "Ireland"}, "id": "IRL"}, {"type": "Feature", "geometry": {"type": "Polygon", "coordinates": [[[61.210817, 35.650072], [60.803193, 34.404102], [60.52843, 33.676446], [60.9637, 33.528832], [60.536078, 32.981269], [60.863655, 32.18292], [60.941945, 31.548075], [61.699314, 31.379506], [61.781222, 30.73585], [60.874248, 29.829239], [61.369309, 29.303276], [61.771868, 28.699334], [62.72783, 28.259645], [62.755426, 27.378923], [63.233898, 27.217047], [63.316632, 26.756532], [61.874187, 26.239975], [61.497363, 25.078237], [59.616134, 25.380157], [58.525761, 25.609962], [57.397251, 25.739902], [56.970766, 26.966106], [56.492139, 27.143305], [55.72371, 26.964633], [54.71509, 26.480658], [53.493097, 26.812369], [52.483598, 27.580849], [51.520763, 27.86569], [50.852948, 28.814521], [50.115009, 30.147773], [49.57685, 29.985715], [48.941333, 30.31709], [48.567971, 29.926778], [48.014568, 30.452457], [48.004698, 30.985137], [47.685286, 30.984853], [47.849204, 31.709176], [47.334661, 32.469155], [46.109362, 33.017287], [45.416691, 33.967798], [45.64846, 34.748138], [46.151788, 35.093259], [46.07634, 35.677383], [45.420618, 35.977546], [44.7726769395924, 37.170437223870536], [44.77267, 37.17045], [44.225756, 37.971584], [44.421403, 38.281281], [44.109225, 39.428136], [44.79399, 39.713003], [44.952688, 39.335765], [45.457722, 38.874139], [46.143623, 38.741201], [46.50572, 38.770605], [47.685079, 39.508364], [48.060095, 39.582235], [48.355529, 39.288765], [48.010744, 38.794015], [48.634375, 38.270378], [48.883249, 38.320245], [49.199612, 37.582874], [50.147771, 37.374567], [50.842354, 36.872814], [52.264025, 36.700422], [53.82579, 36.965031], [53.921598, 37.198918], [54.800304, 37.392421], [55.511578, 37.964117], [56.180375, 37.935127], [56.619366, 38.121394], [57.330434, 38.029229], [58.436154, 37.522309], [59.234762, 37.412988], [60.377638, 36.527383], [61.123071, 36.491597], [61.210817, 35.650072]]]}, "properties": {"name": "Iran"}, "id": "IRN"}, {"type": "Feature", "geometry": {"type": "Polygon", "coordinates": [[[44.7726769395924, 37.170437223870536], [45.420618, 35.977546], [46.07634, 35.677383], [46.151788, 35.093259], [45.64846, 34.748138], [45.416691, 33.967798], [46.109362, 33.017287], [47.334661, 32.469155], [47.849204, 31.709176], [47.685286, 30.984853], [48.004698, 30.985137], [48.014568, 30.452457], [48.567971, 29.926778], [47.974519, 29.975819], [47.302622, 30.05907], [46.568713, 29.099025], [44.709499, 29.178891], [41.889981, 31.190009], [40.399994, 31.889992], [39.195468, 32.161009], [38.792341, 33.378686], [41.006159, 34.419372], [41.383965, 35.628317], [41.289707, 36.358815], [41.837064, 36.605854], [42.349591, 37.229873], [42.779126, 37.385264], [43.942259, 37.256228], [44.293452, 37.001514], [44.7726769395924, 37.170437223870536]]]}, "properties": {"name": "Iraq"}, "id": "IRQ"}, {"type": "Feature", "geometry": {"type": "Polygon", "coordinates": [[[-14.508695, 66.455892], [-14.739637, 65.808748], [-13.609732, 65.126671], [-14.909834, 64.364082], [-17.794438, 63.678749], [-18.656246, 63.496383], [-19.972755, 63.643635], [-22.762972, 63.960179], [-21.778484, 64.402116], [-23.955044, 64.89113], [-22.184403, 65.084968], [-22.227423, 65.378594], [-24.326184, 65.611189], [-23.650515, 66.262519], [-22.134922, 66.410469], [-20.576284, 65.732112], [-19.056842, 66.276601], [-17.798624, 65.993853], [-16.167819, 66.526792], [-14.508695, 66.455892]]]}, "properties": {"name": "Iceland"}, "id": "ISL"}, {"type": "Feature", "geometry": {"type": "Polygon", "coordinates": [[[34.80315645809493, 29.813594270952535], [34.26544, 31.21936], [34.2654344661852, 31.219357166962144], [34.265433, 31.219361], [34.556372, 31.548824], [34.488107, 31.605539], [34.752587, 32.072926], [34.955417, 32.827376], [35.098457, 33.080539], [35.126053, 33.0909], [35.460709, 33.08904], [35.552797, 33.264275], [35.821101, 33.277426], [35.836397, 32.868123], [35.700798, 32.716014], [35.719918, 32.709192], [35.545665, 32.393992], [35.18393, 32.532511], [34.974641, 31.866582], [35.225892, 31.754341], [34.970507, 31.616778], [34.927408, 31.353435], [35.397561, 31.489086], [35.420918, 31.100066], [34.922603, 29.501326], [34.80315645809493, 29.813594270952535]]]}, "properties": {"name": "Israel"}, "id": "ISR"}, {"type": "Feature", "geometry": {"type": "MultiPolygon", "coordinates": [[[[10.442701, 46.893546], [11.048556, 46.751359], [11.164828, 46.941579], [12.153088, 47.115393], [12.376485, 46.767559], [13.806475, 46.509306], [13.69811, 46.016778], [13.93763, 45.591016], [13.141606, 45.736692], [12.328581, 45.381778], [12.383875, 44.885374], [12.261453, 44.600482], [12.589237, 44.091366], [13.526906, 43.587727], [14.029821, 42.761008], [15.14257, 41.95514], [15.926191, 41.961315], [16.169897, 41.740295], [15.889346, 41.541082], [16.785002, 41.179606], [17.519169, 40.877143], [18.376687, 40.355625], [18.480247, 40.168866], [18.293385, 39.810774], [17.73838, 40.277671], [16.869596, 40.442235], [16.448743, 39.795401], [17.17149, 39.4247], [17.052841, 38.902871], [16.635088, 38.843572], [16.100961, 37.985899], [15.684087, 37.908849], [15.687963, 38.214593], [15.891981, 38.750942], [16.109332, 38.964547], [15.718814, 39.544072], [15.413613, 40.048357], [14.998496, 40.172949], [14.703268, 40.60455], [14.060672, 40.786348], [13.627985, 41.188287], [12.888082, 41.25309], [12.106683, 41.704535], [11.191906, 42.355425], [10.511948, 42.931463], [10.200029, 43.920007], [9.702488, 44.036279], [8.888946, 44.366336], [8.428561, 44.231228], [7.850767, 43.767148], [7.435185, 43.693845], [7.549596, 44.127901], [7.007562, 44.254767], [6.749955, 45.028518], [7.096652, 45.333099], [6.802355, 45.70858], [6.843593, 45.991147], [7.273851, 45.776948], [7.755992, 45.82449], [8.31663, 46.163642], [8.489952, 46.005151], [8.966306, 46.036932], [9.182882, 46.440215], [9.922837, 46.314899], [10.363378, 46.483571], [10.442701, 46.893546]]], [[[15.520376, 38.231155], [15.160243, 37.444046], [15.309898, 37.134219], [15.099988, 36.619987], [14.335229, 36.996631], [13.826733, 37.104531], [12.431004, 37.61295], [12.570944, 38.126381], [13.741156, 38.034966], [14.761249, 38.143874], [15.520376, 38.231155]]], [[[9.210012, 41.209991], [9.809975, 40.500009], [9.669519, 39.177376], [9.214818, 39.240473], [8.806936, 38.906618], [8.428302, 39.171847], [8.388253, 40.378311], [8.159998, 40.950007], [8.709991, 40.899984], [9.210012, 41.209991]]]]}, "properties": {"name": "Italy"}, "id": "ITA"}, {"type": "Feature", "geometry": {"type": "Polygon", "coordinates": [[[-77.569601, 18.490525], [-76.896619, 18.400867], [-76.365359, 18.160701], [-76.199659, 17.886867], [-76.902561, 17.868238], [-77.206341, 17.701116], [-77.766023, 17.861597], [-78.337719, 18.225968], [-78.217727, 18.454533], [-77.797365, 18.524218], [-77.569601, 18.490525]]]}, "properties": {"name": "Jamaica"}, "id": "JAM"}, {"type": "Feature", "geometry": {"type": "Polygon", "coordinates": [[[38.792341, 33.378686], [39.195468, 32.161009], [39.004886, 32.010217], [37.002166, 31.508413], [37.998849, 30.5085], [37.66812, 30.338665], [37.503582, 30.003776], [36.740528, 29.865283], [36.501214, 29.505254], [36.068941, 29.197495], [34.956037, 29.356555], [34.922603, 29.501326], [35.420918, 31.100066], [35.397561, 31.489086], [35.545252, 31.782505], [35.545665, 32.393992], [35.719918, 32.709192], [36.834062, 32.312938], [38.792341, 33.378686]]]}, "properties": {"name": "Jordan"}, "id": "JOR"}, {"type": "Feature", "geometry": {"type": "MultiPolygon", "coordinates": [[[[134.638428, 34.149234], [134.766379, 33.806335], [134.203416, 33.201178], [133.79295, 33.521985], [133.280268, 33.28957], [133.014858, 32.704567], [132.363115, 32.989382], [132.371176, 33.463642], [132.924373, 34.060299], [133.492968, 33.944621], [133.904106, 34.364931], [134.638428, 34.149234]]], [[[140.976388, 37.142074], [140.59977, 36.343983], [140.774074, 35.842877], [140.253279, 35.138114], [138.975528, 34.6676], [137.217599, 34.606286], [135.792983, 33.464805], [135.120983, 33.849071], [135.079435, 34.596545], [133.340316, 34.375938], [132.156771, 33.904933], [130.986145, 33.885761], [132.000036, 33.149992], [131.33279, 31.450355], [130.686318, 31.029579], [130.20242, 31.418238], [130.447676, 32.319475], [129.814692, 32.61031], [129.408463, 33.296056], [130.353935, 33.604151], [130.878451, 34.232743], [131.884229, 34.749714], [132.617673, 35.433393], [134.608301, 35.731618], [135.677538, 35.527134], [136.723831, 37.304984], [137.390612, 36.827391], [138.857602, 37.827485], [139.426405, 38.215962], [140.05479, 39.438807], [139.883379, 40.563312], [140.305783, 41.195005], [141.368973, 41.37856], [141.914263, 39.991616], [141.884601, 39.180865], [140.959489, 38.174001], [140.976388, 37.142074]]], [[[143.910162, 44.1741], [144.613427, 43.960883], [145.320825, 44.384733], [145.543137, 43.262088], [144.059662, 42.988358], [143.18385, 41.995215], [141.611491, 42.678791], [141.067286, 41.584594], [139.955106, 41.569556], [139.817544, 42.563759], [140.312087, 43.333273], [141.380549, 43.388825], [141.671952, 44.772125], [141.967645, 45.551483], [143.14287, 44.510358], [143.910162, 44.1741]]]]}, "properties": {"name": "Japan"}, "id": "JPN"}, {"type": "Feature", "geometry": {"type": "Polygon", "coordinates": [[[87.35997, 49.214981], [86.598776, 48.549182], [85.768233, 48.455751], [85.720484, 47.452969], [85.16429, 47.000956], [83.180484, 47.330031], [82.458926, 45.53965], [81.947071, 45.317027], [79.966106, 44.917517], [80.866206, 43.180362], [80.18015, 42.920068], [80.25999, 42.349999], [79.643645, 42.496683], [79.142177, 42.856092], [77.658392, 42.960686], [76.000354, 42.988022], [75.636965, 42.8779], [74.212866, 43.298339], [73.645304, 43.091272], [73.489758, 42.500894], [71.844638, 42.845395], [71.186281, 42.704293], [70.962315, 42.266154], [70.388965, 42.081308], [69.070027, 41.384244], [68.632483, 40.668681], [68.259896, 40.662325], [67.985856, 41.135991], [66.714047, 41.168444], [66.510649, 41.987644], [66.023392, 41.994646], [66.098012, 42.99766], [64.900824, 43.728081], [63.185787, 43.650075], [62.0133, 43.504477], [61.05832, 44.405817], [60.239972, 44.784037], [58.689989, 45.500014], [58.503127, 45.586804], [55.928917, 44.995858], [55.968191, 41.308642], [55.455251, 41.259859], [54.755345, 42.043971], [54.079418, 42.324109], [52.944293, 42.116034], [52.50246, 41.783316], [52.446339, 42.027151], [52.692112, 42.443895], [52.501426, 42.792298], [51.342427, 43.132975], [50.891292, 44.031034], [50.339129, 44.284016], [50.305643, 44.609836], [51.278503, 44.514854], [51.316899, 45.245998], [52.16739, 45.408391], [53.040876, 45.259047], [53.220866, 46.234646], [53.042737, 46.853006], [52.042023, 46.804637], [51.191945, 47.048705], [50.034083, 46.60899], [49.10116, 46.39933], [48.59325, 46.56104], [48.694734, 47.075628], [48.05725, 47.74377], [47.31524, 47.71585], [46.466446, 48.394152], [47.043672, 49.152039], [46.751596, 49.356006], [47.54948, 50.454698], [48.577841, 49.87476], [48.702382, 50.605128], [50.766648, 51.692762], [52.328724, 51.718652], [54.532878, 51.02624], [55.71694, 50.62171], [56.77798, 51.04355], [58.36332, 51.06364], [59.642282, 50.545442], [59.932807, 50.842194], [61.337424, 50.79907], [61.588003, 51.272659], [59.967534, 51.96042], [60.927269, 52.447548], [60.739993, 52.719986], [61.699986, 52.979996], [60.978066, 53.664993], [61.4366, 54.00625], [65.178534, 54.354228], [65.66687, 54.60125], [68.1691, 54.970392], [69.068167, 55.38525], [70.865267, 55.169734], [71.180131, 54.133285], [72.22415, 54.376655], [73.508516, 54.035617], [73.425679, 53.48981], [74.38482, 53.54685], [76.8911, 54.490524], [76.525179, 54.177003], [77.800916, 53.404415], [80.03556, 50.864751], [80.568447, 51.388336], [81.945986, 50.812196], [83.383004, 51.069183], [83.935115, 50.889246], [84.416377, 50.3114], [85.11556, 50.117303], [85.54127, 49.692859], [86.829357, 49.826675], [87.35997, 49.214981]]]}, "properties": {"name": "Kazakhstan"}, "id": "KAZ"}, {"type": "Feature", "geometry": {"type": "Polygon", "coordinates": [[[35.298007, 5.506], [35.817448, 5.338232], [35.817448, 4.776966], [36.159079, 4.447864], [36.855093, 4.447864], [38.120915, 3.598605], [38.43697, 3.58851], [38.67114, 3.61607], [38.89251, 3.50074], [39.559384, 3.42206], [39.85494, 3.83879], [40.76848, 4.25702], [41.1718, 3.91909], [41.855083, 3.918912], [41.0897152983173, 2.925554772244024], [41.083012, 2.918642], [41.08123, 2.916805], [40.992126, 2.829712], [40.992111, 2.824773], [40.986561, 2.819381], [40.985802, 2.796225], [40.98560596015377, 2.790433100249937], [40.98105, 2.78452], [40.982947369181915, 2.206130424305284], [40.980721, 2.193275], [40.9785, 2.180446], [40.978607, 2.178437], [40.98332873819864, 2.08987478682946], [40.98868291799274, 0.4577191637539776], [40.98867, 0.448476], [40.98871383129998, 0.44829562360937114], [40.98966854556731, 0.15726276334131262], [40.989368, 0.128975], [40.989265, 0.119312], [40.98980629009238, 0.11527304507043201], [40.9898639007254, 0.09771115468662339], [40.989307, 0.093186], [40.988632, 0.014013], [40.99014431455136, 0.012230461019461902], [40.993, -0.85829], [41.58513, -1.68325], [40.88477, -2.08255], [40.63785, -2.49979], [40.26304, -2.57309], [40.12119, -3.27768], [39.80006, -3.68116], [39.60489, -4.34653], [39.20222, -4.67677], [37.7669, -3.67712], [37.69869, -3.09699], [34.07262, -1.05982], [33.903711, -0.95], [33.893569, 0.109814], [34.18, 0.515], [34.6721, 1.17694], [35.03599, 1.90584], [34.59607, 3.05374], [34.47913, 3.5556], [34.005, 4.249885], [34.620196, 4.847123], [35.298007, 5.506]]]}, "properties": {"name": "Kenya"}, "id": "KEN"}, {"type": "Feature", "geometry": {"type": "Polygon", "coordinates": [[[80.25999, 42.349999], [80.11943, 42.123941], [78.543661, 41.582243], [78.187197, 41.185316], [76.904484, 41.066486], [76.526368, 40.427946], [75.467828, 40.562072], [74.776862, 40.366425], [73.822244, 39.893973], [73.960013, 39.660008], [73.675379, 39.431237], [71.784694, 39.279463], [70.549162, 39.604198], [69.464887, 39.526683], [69.55961, 40.103211], [70.648019, 39.935754], [71.014198, 40.244366], [71.774875, 40.145844], [73.055417, 40.866033], [71.870115, 41.3929], [71.157859, 41.143587], [70.420022, 41.519998], [71.259248, 42.167711], [70.962315, 42.266154], [71.186281, 42.704293], [71.844638, 42.845395], [73.489758, 42.500894], [73.645304, 43.091272], [74.212866, 43.298339], [75.636965, 42.8779], [76.000354, 42.988022], [77.658392, 42.960686], [79.142177, 42.856092], [79.643645, 42.496683], [80.25999, 42.349999]]]}, "properties": {"name": "Kyrgyzstan"}, "id": "KGZ"}, {"type": "Feature", "geometry": {"type": "Polygon", "coordinates": [[[102.584932, 12.186595], [102.348099, 13.394247], [102.988422, 14.225721], [104.281418, 14.416743], [105.218777, 14.273212], [106.043946, 13.881091], [106.496373, 14.570584], [107.382727, 14.202441], [107.614548, 13.535531], [107.491403, 12.337206], [105.810524, 11.567615], [106.24967, 10.961812], [105.199915, 10.88931], [104.334335, 10.486544], [103.49728, 10.632555], [103.09069, 11.153661], [102.584932, 12.186595]]]}, "properties": {"name": "Cambodia"}, "id": "KHM"}, {"type": "Feature", "geometry": {"type": "Polygon", "coordinates": [[[128.349716, 38.612243], [129.21292, 37.432392], [129.46045, 36.784189], [129.468304, 35.632141], [129.091377, 35.082484], [128.18585, 34.890377], [127.386519, 34.475674], [126.485748, 34.390046], [126.37392, 34.93456], [126.559231, 35.684541], [126.117398, 36.725485], [126.860143, 36.893924], [126.174759, 37.749686], [126.237339, 37.840378], [126.68372, 37.804773], [127.073309, 38.256115], [127.780035, 38.304536], [128.205746, 38.370397], [128.349716, 38.612243]]]}, "properties": {"name": "South Korea"}, "id": "KOR"}, {"type": "Feature", "geometry": {"type": "Polygon", "coordinates": [[[20.59024608101784, 41.85540894969745], [20.52295, 42.21787], [20.283755, 42.32026], [20.0707, 42.58863], [20.25758, 42.81275], [20.49679, 42.88469], [20.63508, 43.21671], [20.81448, 43.27205], [20.95651, 43.13094], [21.143395, 43.068685], [21.27421, 42.90959], [21.43866, 42.86255], [21.63302, 42.67717], [21.77505, 42.6827], [21.66292, 42.43922], [21.54332, 42.32025], [21.576636, 42.245224], [21.3527, 42.2068], [20.76216, 42.05186], [20.71731, 41.84711], [20.59024608101784, 41.85540894969745]]]}, "properties": {"name": "Kosovo"}, "id": "OSA"}, {"type": "Feature", "geometry": {"type": "Polygon", "coordinates": [[[46.568713, 29.099025], [47.302622, 30.05907], [47.974519, 29.975819], [48.183189, 29.534477], [48.093943, 29.306299], [48.416094, 28.552004], [47.708851, 28.526063], [47.459822, 29.002519], [46.568713, 29.099025]]]}, "properties": {"name": "Kuwait"}, "id": "KWT"}, {"type": "Feature", "geometry": {"type": "Polygon", "coordinates": [[[101.180005, 21.436573], [101.270026, 21.201652], [101.80312, 21.174367], [101.652018, 22.318199], [102.170436, 22.464753], [102.754896, 21.675137], [103.203861, 20.766562], [104.435, 20.758733], [104.822574, 19.886642], [104.183388, 19.624668], [103.896532, 19.265181], [105.094598, 18.666975], [105.925762, 17.485315], [106.556008, 16.604284], [107.312706, 15.908538], [107.564525, 15.202173], [107.382727, 14.202441], [106.496373, 14.570584], [106.043946, 13.881091], [105.218777, 14.273212], [105.544338, 14.723934], [105.589039, 15.570316], [104.779321, 16.441865], [104.716947, 17.428859], [103.956477, 18.240954], [103.200192, 18.309632], [102.998706, 17.961695], [102.413005, 17.932782], [102.113592, 18.109102], [101.059548, 17.512497], [101.035931, 18.408928], [101.282015, 19.462585], [100.606294, 19.508344], [100.548881, 20.109238], [100.115988, 20.41785], [100.329101, 20.786122], [101.180005, 21.436573]]]}, "properties": {"name": "Laos"}, "id": "LAO"}, {"type": "Feature", "geometry": {"type": "Polygon", "coordinates": [[[35.821101, 33.277426], [35.552797, 33.264275], [35.460709, 33.08904], [35.126053, 33.0909], [35.482207, 33.90545], [35.979592, 34.610058], [35.998403, 34.644914], [36.448194, 34.593935], [36.61175, 34.201789], [36.06646, 33.824912], [35.821101, 33.277426]]]}, "properties": {"name": "Lebanon"}, "id": "LBN"}, {"type": "Feature", "geometry": {"type": "Polygon", "coordinates": [[[-8.439298, 7.686043], [-8.485446, 7.395208], [-8.385452, 6.911801], [-8.60288, 6.467564], [-8.311348, 6.193033], [-7.993693, 6.12619], [-7.570153, 5.707352], [-7.539715, 5.313345], [-7.635368, 5.188159], [-7.712159, 4.364566], [-7.974107, 4.355755], [-9.004794, 4.832419], [-9.91342, 5.593561], [-10.765384, 6.140711], [-11.438779, 6.785917], [-11.199802, 7.105846], [-11.146704, 7.396706], [-10.695595, 7.939464], [-10.230094, 8.406206], [-10.016567, 8.428504], [-9.755342, 8.541055], [-9.33728, 7.928534], [-9.403348, 7.526905], [-9.208786, 7.313921], [-8.926065, 7.309037], [-8.722124, 7.711674], [-8.439298, 7.686043]]]}, "properties": {"name": "Liberia"}, "id": "LBR"}, {"type": "Feature", "geometry": {"type": "Polygon", "coordinates": [[[11.999506, 23.471668], [11.560669, 24.097909], [10.771364, 24.562532], [10.303847, 24.379313], [9.948261, 24.936954], [9.910693, 25.365455], [9.319411, 26.094325], [9.716286, 26.512206], [9.629056, 27.140953], [9.756128, 27.688259], [9.683885, 28.144174], [9.859998, 28.95999], [9.805634, 29.424638], [9.48214, 30.307556], [9.970017, 30.539325], [10.056575, 30.961831], [9.950225, 31.37607], [10.636901, 31.761421], [10.94479, 32.081815], [11.432253, 32.368903], [11.488787, 33.136996], [12.66331, 32.79278], [13.08326, 32.87882], [13.91868, 32.71196], [15.24563, 32.26508], [15.71394, 31.37626], [16.61162, 31.18218], [18.02109, 30.76357], [19.08641, 30.26639], [19.57404, 30.52582], [20.05335, 30.98576], [19.82033, 31.75179], [20.13397, 32.2382], [20.85452, 32.7068], [21.54298, 32.8432], [22.89576, 32.63858], [23.2368, 32.19149], [23.60913, 32.18726], [23.9275, 32.01667], [24.92114, 31.89936], [25.16482, 31.56915], [24.80287, 31.08929], [24.95762, 30.6616], [24.70007, 30.04419], [25, 29.238655], [25, 25.6825], [25, 22], [25, 20.00304], [23.85, 20], [23.83766, 19.58047], [19.84926, 21.49509], [15.86085, 23.40972], [14.8513, 22.86295], [14.143871, 22.491289], [13.581425, 23.040506], [11.999506, 23.471668]]]}, "properties": {"name": "Libya"}, "id": "LBY"}, {"type": "Feature", "geometry": {"type": "Polygon", "coordinates": [[[81.787959, 7.523055], [81.637322, 6.481775], [81.21802, 6.197141], [80.348357, 5.96837], [79.872469, 6.763463], [79.695167, 8.200843], [80.147801, 9.824078], [80.838818, 9.268427], [81.304319, 8.564206], [81.787959, 7.523055]]]}, "properties": {"name": "Sri Lanka"}, "id": "LKA"}, {"type": "Feature", "geometry": {"type": "Polygon", "coordinates": [[[28.978263, -28.955597], [29.325166, -29.257387], [29.018415, -29.743766], [28.8484, -30.070051], [28.291069, -30.226217], [28.107205, -30.545732], [27.749397, -30.645106], [26.999262, -29.875954], [27.532511, -29.242711], [28.074338, -28.851469], [28.5417, -28.647502], [28.978263, -28.955597]]]}, "properties": {"name": "Lesotho"}, "id": "LSO"}, {"type": "Feature", "geometry": {"type": "Polygon", "coordinates": [[[26.494331, 55.615107], [26.588279, 55.167176], [25.768433, 54.846963], [25.536354, 54.282423], [24.450684, 53.905702], [23.484128, 53.912498], [23.243987, 54.220567], [22.731099, 54.327537], [22.651052, 54.582741], [22.757764, 54.856574], [22.315724, 55.015299], [21.268449, 55.190482], [21.0558, 56.031076], [22.201157, 56.337802], [23.878264, 56.273671], [24.860684, 56.372528], [25.000934, 56.164531], [25.533047, 56.100297], [26.494331, 55.615107]]]}, "properties": {"name": "Lithuania"}, "id": "LTU"}, {"type": "Feature", "geometry": {"type": "Polygon", "coordinates": [[[5.674052, 49.529484], [5.782417, 50.090328], [6.043073, 50.128052], [6.242751, 49.902226], [6.18632, 49.463803], [5.897759, 49.442667], [5.674052, 49.529484]]]}, "properties": {"name": "Luxembourg"}, "id": "LUX"}, {"type": "Feature", "geometry": {"type": "Polygon", "coordinates": [[[28.176709, 56.16913], [27.10246, 55.783314], [26.494331, 55.615107], [25.533047, 56.100297], [25.000934, 56.164531], [24.860684, 56.372528], [23.878264, 56.273671], [22.201157, 56.337802], [21.0558, 56.031076], [21.090424, 56.783873], [21.581866, 57.411871], [22.524341, 57.753374], [23.318453, 57.006236], [24.12073, 57.025693], [24.312863, 57.793424], [25.164594, 57.970157], [25.60281, 57.847529], [26.463532, 57.476389], [27.288185, 57.474528], [27.770016, 57.244258], [27.855282, 56.759326], [28.176709, 56.16913]]]}, "properties": {"name": "Latvia"}, "id": "LVA"}, {"type": "Feature", "geometry": {"type": "Polygon", "coordinates": [[[-2.169914, 35.168396], [-1.792986, 34.527919], [-1.733455, 33.919713], [-1.388049, 32.864015], [-1.124551, 32.651522], [-1.307899, 32.262889], [-2.616605, 32.094346], [-3.06898, 31.724498], [-3.647498, 31.637294], [-3.690441, 30.896952], [-4.859646, 30.501188], [-5.242129, 30.000443], [-6.060632, 29.7317], [-7.059228, 29.579228], [-8.674116, 28.841289], [-8.66559, 27.656426], [-8.817828, 27.656426], [-8.794884, 27.120696], [-9.413037, 27.088476], [-9.735343, 26.860945], [-10.189424, 26.860945], [-10.551263, 26.990808], [-11.392555, 26.883424], [-11.71822, 26.104092], [-12.030759, 26.030866], [-12.500963, 24.770116], [-13.89111, 23.691009], [-14.221168, 22.310163], [-14.630833, 21.86094], [-14.750955, 21.5006], [-17.002962, 21.420734], [-17.020428, 21.42231], [-16.973248, 21.885745], [-16.589137, 22.158234], [-16.261922, 22.67934], [-16.326414, 23.017768], [-15.982611, 23.723358], [-15.426004, 24.359134], [-15.089332, 24.520261], [-14.824645, 25.103533], [-14.800926, 25.636265], [-14.43994, 26.254418], [-13.773805, 26.618892], [-13.139942, 27.640148], [-12.618837, 28.038186], [-11.688919, 28.148644], [-10.900957, 28.832142], [-10.399592, 29.098586], [-9.564811, 29.933574], [-9.814718, 31.177736], [-9.434793, 32.038096], [-9.300693, 32.564679], [-8.657476, 33.240245], [-7.654178, 33.697065], [-6.912544, 34.110476], [-6.244342, 35.145865], [-5.929994, 35.759988], [-5.193863, 35.755182], [-4.591006, 35.330712], [-3.640057, 35.399855], [-2.604306, 35.179093], [-2.169914, 35.168396]]]}, "properties": {"name": "Morocco"}, "id": "MAR"}, {"type": "Feature", "geometry": {"type": "Polygon", "coordinates": [[[26.619337, 48.220726], [26.857824, 48.368211], [27.522537, 48.467119], [28.259547, 48.155562], [28.670891, 48.118149], [29.122698, 47.849095], [29.050868, 47.510227], [29.415135, 47.346645], [29.559674, 46.928583], [29.908852, 46.674361], [29.83821, 46.525326], [30.024659, 46.423937], [29.759972, 46.349988], [29.170654, 46.379262], [29.072107, 46.517678], [28.862972, 46.437889], [28.933717, 46.25883], [28.659987, 45.939987], [28.485269, 45.596907], [28.233554, 45.488283], [28.054443, 45.944586], [28.160018, 46.371563], [28.12803, 46.810476], [27.551166, 47.405117], [27.233873, 47.826771], [26.924176, 48.123264], [26.619337, 48.220726]]]}, "properties": {"name": "Moldova"}, "id": "MDA"}, {"type": "Feature", "geometry": {"type": "Polygon", "coordinates": [[[49.543519, -12.469833], [49.808981, -12.895285], [50.056511, -13.555761], [50.217431, -14.758789], [50.476537, -15.226512], [50.377111, -15.706069], [50.200275, -16.000263], [49.860606, -15.414253], [49.672607, -15.710204], [49.863344, -16.451037], [49.774564, -16.875042], [49.498612, -17.106036], [49.435619, -17.953064], [49.041792, -19.118781], [48.548541, -20.496888], [47.930749, -22.391501], [47.547723, -23.781959], [47.095761, -24.94163], [46.282478, -25.178463], [45.409508, -25.601434], [44.833574, -25.346101], [44.03972, -24.988345], [43.763768, -24.460677], [43.697778, -23.574116], [43.345654, -22.776904], [43.254187, -22.057413], [43.433298, -21.336475], [43.893683, -21.163307], [43.89637, -20.830459], [44.374325, -20.072366], [44.464397, -19.435454], [44.232422, -18.961995], [44.042976, -18.331387], [43.963084, -17.409945], [44.312469, -16.850496], [44.446517, -16.216219], [44.944937, -16.179374], [45.502732, -15.974373], [45.872994, -15.793454], [46.312243, -15.780018], [46.882183, -15.210182], [47.70513, -14.594303], [48.005215, -14.091233], [47.869047, -13.663869], [48.293828, -13.784068], [48.84506, -13.089175], [48.863509, -12.487868], [49.194651, -12.040557], [49.543519, -12.469833]]]}, "properties": {"name": "Madagascar"}, "id": "MDG"}, {"type": "Feature", "geometry": {"type": "Polygon", "coordinates": [[[-88.300031, 18.499982], [-88.490123, 18.486831], [-88.848344, 17.883198], [-89.029857, 18.001511], [-89.150909, 17.955468], [-89.14308, 17.808319], [-90.067934, 17.819326], [-91.00152, 17.817595], [-91.002269, 17.254658], [-91.453921, 17.252177], [-91.08167, 16.918477], [-90.711822, 16.687483], [-90.600847, 16.470778], [-90.438867, 16.41011], [-90.464473, 16.069562], [-91.74796, 16.066565], [-92.229249, 15.251447], [-92.087216, 15.064585], [-92.20323, 14.830103], [-92.22775, 14.538829], [-93.359464, 15.61543], [-93.875169, 15.940164], [-94.691656, 16.200975], [-95.250227, 16.128318], [-96.053382, 15.752088], [-96.557434, 15.653515], [-97.263592, 15.917065], [-98.01303, 16.107312], [-98.947676, 16.566043], [-99.697397, 16.706164], [-100.829499, 17.171071], [-101.666089, 17.649026], [-101.918528, 17.91609], [-102.478132, 17.975751], [-103.50099, 18.292295], [-103.917527, 18.748572], [-104.99201, 19.316134], [-105.493038, 19.946767], [-105.731396, 20.434102], [-105.397773, 20.531719], [-105.500661, 20.816895], [-105.270752, 21.076285], [-105.265817, 21.422104], [-105.603161, 21.871146], [-105.693414, 22.26908], [-106.028716, 22.773752], [-106.90998, 23.767774], [-107.915449, 24.548915], [-108.401905, 25.172314], [-109.260199, 25.580609], [-109.444089, 25.824884], [-109.291644, 26.442934], [-109.801458, 26.676176], [-110.391732, 27.162115], [-110.641019, 27.859876], [-111.178919, 27.941241], [-111.759607, 28.467953], [-112.228235, 28.954409], [-112.271824, 29.266844], [-112.809594, 30.021114], [-113.163811, 30.786881], [-113.148669, 31.170966], [-113.871881, 31.567608], [-114.205737, 31.524045], [-114.776451, 31.799532], [-114.9367, 31.393485], [-114.771232, 30.913617], [-114.673899, 30.162681], [-114.330974, 29.750432], [-113.588875, 29.061611], [-113.424053, 28.826174], [-113.271969, 28.754783], [-113.140039, 28.411289], [-112.962298, 28.42519], [-112.761587, 27.780217], [-112.457911, 27.525814], [-112.244952, 27.171727], [-111.616489, 26.662817], [-111.284675, 25.73259], [-110.987819, 25.294606], [-110.710007, 24.826004], [-110.655049, 24.298595], [-110.172856, 24.265548], [-109.771847, 23.811183], [-109.409104, 23.364672], [-109.433392, 23.185588], [-109.854219, 22.818272], [-110.031392, 22.823078], [-110.295071, 23.430973], [-110.949501, 24.000964], [-111.670568, 24.484423], [-112.182036, 24.738413], [-112.148989, 25.470125], [-112.300711, 26.012004], [-112.777297, 26.32196], [-113.464671, 26.768186], [-113.59673, 26.63946], [-113.848937, 26.900064], [-114.465747, 27.14209], [-115.055142, 27.722727], [-114.982253, 27.7982], [-114.570366, 27.741485], [-114.199329, 28.115003], [-114.162018, 28.566112], [-114.931842, 29.279479], [-115.518654, 29.556362], [-115.887365, 30.180794], [-116.25835, 30.836464], [-116.721526, 31.635744], [-117.12776, 32.53534], [-115.99135, 32.61239], [-114.72139, 32.72083], [-114.815, 32.52528], [-113.30498, 32.03914], [-111.02361, 31.33472], [-109.035, 31.34194], [-108.24194, 31.34222], [-108.24, 31.754854], [-106.50759, 31.75452], [-106.1429, 31.39995], [-105.63159, 31.08383], [-105.03737, 30.64402], [-104.70575, 30.12173], [-104.45697, 29.57196], [-103.94, 29.27], [-103.11, 28.97], [-102.48, 29.76], [-101.6624, 29.7793], [-100.9576, 29.38071], [-100.45584, 28.69612], [-100.11, 28.11], [-99.52, 27.54], [-99.3, 26.84], [-99.02, 26.37], [-98.24, 26.06], [-97.53, 25.84], [-97.140008, 25.869997], [-97.528072, 24.992144], [-97.702946, 24.272343], [-97.776042, 22.93258], [-97.872367, 22.444212], [-97.699044, 21.898689], [-97.38896, 21.411019], [-97.189333, 20.635433], [-96.525576, 19.890931], [-96.292127, 19.320371], [-95.900885, 18.828024], [-94.839063, 18.562717], [-94.42573, 18.144371], [-93.548651, 18.423837], [-92.786114, 18.524839], [-92.037348, 18.704569], [-91.407903, 18.876083], [-90.77187, 19.28412], [-90.53359, 19.867418], [-90.451476, 20.707522], [-90.278618, 20.999855], [-89.601321, 21.261726], [-88.543866, 21.493675], [-87.658417, 21.458846], [-87.05189, 21.543543], [-86.811982, 21.331515], [-86.845908, 20.849865], [-87.383291, 20.255405], [-87.621054, 19.646553], [-87.43675, 19.472403], [-87.58656, 19.04013], [-87.837191, 18.259816], [-88.090664, 18.516648], [-88.300031, 18.499982]]]}, "properties": {"name": "Mexico"}, "id": "MEX"}, {"type": "Feature", "geometry": {"type": "Polygon", "coordinates": [[[21.02004, 40.842727], [20.605182, 41.086226], [20.463175, 41.515089], [20.590247, 41.855404], [20.59024608101784, 41.85540894969745], [20.71731, 41.84711], [20.76216, 42.05186], [21.3527, 42.2068], [21.576636, 42.245224], [21.91708, 42.30364], [22.380526, 42.32026], [22.881374, 41.999297], [22.952377, 41.337994], [22.76177, 41.3048], [22.597308, 41.130487], [22.055378, 41.149866], [21.674161, 40.931275], [21.02004, 40.842727]]]}, "properties": {"name": "Macedonia"}, "id": "MKD"}, {"type": "Feature", "geometry": {"type": "Polygon", "coordinates": [[[0.374892, 14.928908], [-0.266257, 14.924309], [-0.515854, 15.116158], [-1.066363, 14.973815], [-2.001035, 14.559008], [-2.191825, 14.246418], [-2.967694, 13.79815], [-3.103707, 13.541267], [-3.522803, 13.337662], [-4.006391, 13.472485], [-4.280405, 13.228444], [-4.427166, 12.542646], [-5.220942, 11.713859], [-5.197843, 11.375146], [-5.470565, 10.95127], [-5.404342, 10.370737], [-5.816926, 10.222555], [-6.050452, 10.096361], [-6.205223, 10.524061], [-6.493965, 10.411303], [-6.666461, 10.430811], [-6.850507, 10.138994], [-7.622759, 10.147236], [-7.89959, 10.297382], [-8.029944, 10.206535], [-8.335377, 10.494812], [-8.282357, 10.792597], [-8.407311, 10.909257], [-8.620321, 10.810891], [-8.581305, 11.136246], [-8.376305, 11.393646], [-8.786099, 11.812561], [-8.905265, 12.088358], [-9.127474, 12.30806], [-9.327616, 12.334286], [-9.567912, 12.194243], [-9.890993, 12.060479], [-10.165214, 11.844084], [-10.593224, 11.923975], [-10.87083, 12.177887], [-11.036556, 12.211245], [-11.297574, 12.077971], [-11.456169, 12.076834], [-11.513943, 12.442988], [-11.467899, 12.754519], [-11.553398, 13.141214], [-11.927716, 13.422075], [-12.124887, 13.994727], [-12.17075, 14.616834], [-11.834208, 14.799097], [-11.666078, 15.388208], [-11.349095, 15.411256], [-10.650791, 15.132746], [-10.086846, 15.330486], [-9.700255, 15.264107], [-9.550238, 15.486497], [-5.537744, 15.50169], [-5.315277, 16.201854], [-5.488523, 16.325102], [-5.971129, 20.640833], [-6.453787, 24.956591], [-4.923337, 24.974574], [-1.550055, 22.792666], [1.823228, 20.610809], [2.060991, 20.142233], [2.683588, 19.85623], [3.146661, 19.693579], [3.158133, 19.057364], [4.267419, 19.155265], [4.27021, 16.852227], [3.723422, 16.184284], [3.638259, 15.56812], [2.749993, 15.409525], [1.385528, 15.323561], [1.015783, 14.968182], [0.374892, 14.928908]]]}, "properties": {"name": "Mali"}, "id": "MLI"}, {"type": "Feature", "geometry": {"type": "Polygon", "coordinates": [[[92.368554, 20.670883], [92.303234, 21.475485], [92.652257, 21.324048], [92.672721, 22.041239], [93.166128, 22.27846], [93.060294, 22.703111], [93.286327, 23.043658], [93.325188, 24.078556], [94.106742, 23.850741], [94.552658, 24.675238], [94.603249, 25.162495], [95.155153, 26.001307], [95.124768, 26.573572], [96.419366, 27.264589], [97.133999, 27.083774], [97.051989, 27.699059], [97.402561, 27.882536], [97.327114, 28.261583], [97.911988, 28.335945], [98.246231, 27.747221], [98.68269, 27.508812], [98.712094, 26.743536], [98.671838, 25.918703], [97.724609, 25.083637], [97.60472, 23.897405], [98.660262, 24.063286], [98.898749, 23.142722], [99.531992, 22.949039], [99.240899, 22.118314], [99.983489, 21.742937], [100.416538, 21.558839], [101.150033, 21.849984], [101.180005, 21.436573], [100.329101, 20.786122], [100.115988, 20.41785], [99.543309, 20.186598], [98.959676, 19.752981], [98.253724, 19.708203], [97.797783, 18.62708], [97.375896, 18.445438], [97.859123, 17.567946], [98.493761, 16.837836], [98.903348, 16.177824], [98.537376, 15.308497], [98.192074, 15.123703], [98.430819, 14.622028], [99.097755, 13.827503], [99.212012, 13.269294], [99.196354, 12.804748], [99.587286, 11.892763], [99.038121, 10.960546], [98.553551, 9.93296], [98.457174, 10.675266], [98.764546, 11.441292], [98.428339, 12.032987], [98.509574, 13.122378], [98.103604, 13.64046], [97.777732, 14.837286], [97.597072, 16.100568], [97.16454, 16.928734], [96.505769, 16.427241], [95.369352, 15.71439], [94.808405, 15.803454], [94.188804, 16.037936], [94.533486, 17.27724], [94.324817, 18.213514], [93.540988, 19.366493], [93.663255, 19.726962], [93.078278, 19.855145], [92.368554, 20.670883]]]}, "properties": {"name": "Myanmar"}, "id": "MMR"}, {"type": "Feature", "geometry": {"type": "Polygon", "coordinates": [[[20.0707, 42.58863], [19.801613, 42.500093], [19.738051, 42.688247], [19.304486, 42.195745], [19.3717684562836, 41.87755057136166], [19.16246, 41.95502], [18.88214, 42.28151], [18.45001682335878, 42.47999227271605], [18.56, 42.65], [18.70648, 43.20011], [19.03165, 43.43253], [19.21852, 43.52384], [19.48389, 43.35229], [19.63, 43.21378], [19.95857, 43.10604], [20.3398, 42.89852], [20.25758, 42.81275], [20.0707, 42.58863]]]}, "properties": {"name": "Montenegro"}, "id": "MNE"}, {"type": "Feature", "geometry": {"type": "Polygon", "coordinates": [[[116.678801, 49.888531], [116.191802, 49.134598], [115.485282, 48.135383], [115.742837, 47.726545], [116.308953, 47.85341], [117.295507, 47.697709], [118.064143, 48.06673], [118.866574, 47.74706], [119.772824, 47.048059], [119.66327, 46.69268], [118.874326, 46.805412], [117.421701, 46.672733], [116.717868, 46.388202], [115.985096, 45.727235], [114.460332, 45.339817], [113.463907, 44.808893], [112.436062, 45.011646], [111.873306, 45.102079], [111.348377, 44.457442], [111.667737, 44.073176], [111.829588, 43.743118], [111.129682, 43.406834], [110.412103, 42.871234], [109.243596, 42.519446], [107.744773, 42.481516], [106.129316, 42.134328], [104.964994, 41.59741], [104.522282, 41.908347], [103.312278, 41.907468], [101.83304, 42.514873], [100.845866, 42.663804], [99.515817, 42.524691], [97.451757, 42.74889], [96.349396, 42.725635], [95.762455, 43.319449], [95.306875, 44.241331], [94.688929, 44.352332], [93.480734, 44.975472], [92.133891, 45.115076], [90.94554, 45.286073], [90.585768, 45.719716], [90.970809, 46.888146], [90.280826, 47.693549], [88.854298, 48.069082], [88.013832, 48.599463], [87.751264, 49.297198], [88.805567, 49.470521], [90.713667, 50.331812], [92.234712, 50.802171], [93.10421, 50.49529], [94.147566, 50.480537], [94.815949, 50.013433], [95.81402, 49.97746], [97.25976, 49.72605], [98.231762, 50.422401], [97.82574, 51.010995], [98.861491, 52.047366], [99.981732, 51.634006], [100.88948, 51.516856], [102.06521, 51.25991], [102.25589, 50.51056], [103.676545, 50.089966], [104.62158, 50.27532], [105.886591, 50.406019], [106.888804, 50.274296], [107.868176, 49.793705], [108.475167, 49.282548], [109.402449, 49.292961], [110.662011, 49.130128], [111.581231, 49.377968], [112.89774, 49.543565], [114.362456, 50.248303], [114.96211, 50.140247], [115.485695, 49.805177], [116.678801, 49.888531]]]}, "properties": {"name": "Mongolia"}, "id": "MNG"}, {"type": "Feature", "geometry": {"type": "Polygon", "coordinates": [[[34.559989, -11.52002], [35.312398, -11.439146], [36.514082, -11.720938], [36.775151, -11.594537], [37.47129, -11.56876], [37.82764, -11.26879], [38.427557, -11.285202], [39.521, -10.89688], [40.31659, -10.3171], [40.31658643025367, -10.317097872684482], [40.316589, -10.317096], [40.478387, -10.765441], [40.437253, -11.761711], [40.560811, -12.639177], [40.59962, -14.201975], [40.775475, -14.691764], [40.477251, -15.406294], [40.089264, -16.100774], [39.452559, -16.720891], [38.538351, -17.101023], [37.411133, -17.586368], [36.281279, -18.659688], [35.896497, -18.84226], [35.1984, -19.552811], [34.786383, -19.784012], [34.701893, -20.497043], [35.176127, -21.254361], [35.373428, -21.840837], [35.385848, -22.14], [35.562546, -22.09], [35.533935, -23.070788], [35.371774, -23.535359], [35.60747, -23.706563], [35.458746, -24.12261], [35.040735, -24.478351], [34.215824, -24.816314], [33.01321, -25.357573], [32.574632, -25.727318], [32.660363, -26.148584], [32.915955, -26.215867], [32.83012, -26.742192], [32.071665, -26.73382], [31.985779, -26.29178], [31.837778, -25.843332], [31.752408, -25.484284], [31.930589, -24.369417], [31.670398, -23.658969], [31.191409, -22.25151], [32.244988, -21.116489], [32.508693, -20.395292], [32.659743, -20.30429], [32.772708, -19.715592], [32.611994, -19.419383], [32.654886, -18.67209], [32.849861, -17.979057], [32.847639, -16.713398], [32.328239, -16.392074], [31.852041, -16.319417], [31.636498, -16.07199], [31.173064, -15.860944], [30.338955, -15.880839], [30.274256, -15.507787], [30.179481, -14.796099], [33.214025, -13.97186], [33.7897, -14.451831], [34.064825, -14.35995], [34.459633, -14.61301], [34.517666, -15.013709], [34.307291, -15.478641], [34.381292, -16.18356], [35.03381, -16.8013], [35.339063, -16.10744], [35.771905, -15.896859], [35.686845, -14.611046], [35.267956, -13.887834], [34.907151, -13.565425], [34.559989, -13.579998], [34.280006, -12.280025], [34.559989, -11.52002]]]}, "properties": {"name": "Mozambique"}, "id": "MOZ"}, {"type": "Feature", "geometry": {"type": "Polygon", "coordinates": [[[-8.6844, 27.395744], [-4.923337, 24.974574], [-6.453787, 24.956591], [-5.971129, 20.640833], [-5.488523, 16.325102], [-5.315277, 16.201854], [-5.537744, 15.50169], [-9.550238, 15.486497], [-9.700255, 15.264107], [-10.086846, 15.330486], [-10.650791, 15.132746], [-11.349095, 15.411256], [-11.666078, 15.388208], [-11.834208, 14.799097], [-12.17075, 14.616834], [-12.830658, 15.303692], [-13.435738, 16.039383], [-14.099521, 16.304302], [-14.577348, 16.598264], [-15.135737, 16.587282], [-15.623666, 16.369337], [-16.12069, 16.455663], [-16.463098, 16.135036], [-16.549708, 16.673892], [-16.270552, 17.166963], [-16.146347, 18.108482], [-16.256883, 19.096716], [-16.377651, 19.593817], [-16.277838, 20.092521], [-16.536324, 20.567866], [-17.063423, 20.999752], [-16.845194, 21.333323], [-12.929102, 21.327071], [-13.118754, 22.77122], [-12.874222, 23.284832], [-11.937224, 23.374594], [-11.969419, 25.933353], [-8.687294, 25.881056], [-8.6844, 27.395744]]]}, "properties": {"name": "Mauritania"}, "id": "MRT"}, {"type": "Feature", "geometry": {"type": "MultiPolygon", "coordinates": [[[[59.78906215287205, -16.492118847105246], [59.767089498717525, -16.504716502153826], [59.77089809210429, -16.47478486438331], [59.78906215287205, -16.492118847105246]]], [[[59.72436489341706, -16.38694307588554], [59.70380825475249, -16.40393526176507], [59.685253569021995, -16.37405245211488], [59.710448879119184, -16.364579796768282], [59.72436489341706, -16.38694307588554]]], [[[57.75893539335502, -19.874931024495083], [57.73291000521198, -19.883134148712827], [57.71660141301729, -19.86223571320585], [57.75849594027193, -19.848954464472456], [57.75893539335502, -19.874931024495083]]], [[[57.83413069868382, -19.907059927681075], [57.81201156016829, -19.92248961370956], [57.79785140526869, -19.882890008111076], [57.82529280890168, -19.882450555028015], [57.83413069868382, -19.907059927681075]]], [[[56.68291010534779, -10.301543265609496], [56.661035107433946, -10.302470999896059], [56.65410151434517, -10.280693658222901], [56.67431635616734, -10.262236628733092], [56.69130854204684, -10.277178033558187], [56.68291010534779, -10.301543265609496]]], [[[57.936816235765974, -19.9242962541623], [57.91894514372029, -19.943973986660637], [57.891161943244896, -19.931571644093424], [57.89609358339959, -19.905888052792818], [57.9232420183105, -19.90159117820258], [57.936816235765974, -19.9242962541623]]], [[[56.78749993912331, -10.396513959677407], [56.77402337790855, -10.406670208708817], [56.75195306751334, -10.385820601322223], [56.74931634901478, -10.364873337694917], [56.76874994091145, -10.35310576069213], [56.78818353280812, -10.367949509276514], [56.78749993912331, -10.396513959677407]]], [[[59.65624966553801, -16.29495089715863], [59.62851529318297, -16.297392303175798], [59.62123990325182, -16.256034885244958], [59.648339510042405, -16.249540745239244], [59.6666988832915, -16.269853243302123], [59.65624966553801, -16.29495089715863]]], [[[57.82070296558939, -19.81184509301147], [57.79335921819711, -19.817704467452643], [57.774120938781806, -19.798368531796655], [57.78203109427744, -19.772880252977416], [57.809179529188356, -19.76638611297176], [57.829199058529156, -19.786503298553214], [57.82070296558939, -19.81184509301147]]], [[[57.94165021967996, -19.844804074243257], [57.91010725393815, -19.852177120415092], [57.891894365050064, -19.83186462235227], [57.900488114230484, -19.80657165601434], [57.92783186162279, -19.800077516008685], [57.947949047204276, -19.8188763423409], [57.94165021967996, -19.844804074243257]]], [[[63.44247977320498, -19.79397400096576], [63.413085244758264, -19.794071657206473], [63.39540946519395, -19.77742126816935], [63.38349540383018, -19.74407166197483], [63.436132117560334, -19.704911509459407], [63.447850866442764, -19.710477915178558], [63.45976492780653, -19.72156189849653], [63.471581332929645, -19.75491150469105], [63.44247977320498, -19.79397400096576]]], [[[57.54462877316789, -20.500126277371862], [57.42143542554152, -20.5227825252112], [57.39780261529532, -20.500663386695635], [57.39160144401171, -20.439872376868095], [57.36787097752483, -20.401102849315464], [57.36772449316379, -20.373466133201077], [57.391015506567584, -20.323514966089817], [57.42021472253293, -20.306815748932365], [57.4668944055812, -20.256571613099027], [57.48432604454379, -20.2123333360679], [57.58310533199847, -20.034354837416288], [57.61816392240502, -20.000809918740345], [57.65927719973416, -20.006229840098456], [57.700732273905686, -20.067118506166707], [57.724804537234974, -20.161356778429422], [57.789745937291684, -20.23323177157488], [57.78984359353237, -20.244266926772468], [57.81357406001928, -20.283036454325156], [57.773144376374944, -20.410575504662063], [57.68535141599753, -20.466337218094225], [57.61494126646235, -20.477762998254548], [57.54462877316789, -20.500126277371862]]]]}, "properties": {"name": "Mauritius"}}, {"type": "Feature", "geometry": {"type": "Polygon", "coordinates": [[[34.559989, -11.52002], [34.280006, -12.280025], [34.559989, -13.579998], [34.907151, -13.565425], [35.267956, -13.887834], [35.686845, -14.611046], [35.771905, -15.896859], [35.339063, -16.10744], [35.03381, -16.8013], [34.381292, -16.18356], [34.307291, -15.478641], [34.517666, -15.013709], [34.459633, -14.61301], [34.064825, -14.35995], [33.7897, -14.451831], [33.214025, -13.97186], [32.688165, -13.712858], [32.991764, -12.783871], [33.306422, -12.435778], [33.114289, -11.607198], [33.31531, -10.79655], [33.485688, -10.525559], [33.231388, -9.676722], [32.759375, -9.230599], [33.73972, -9.41715], [33.940838, -9.693674], [34.28, -10.16], [34.559989, -11.52002]]]}, "properties": {"name": "Malawi"}, "id": "MWI"}, {"type": "Feature", "geometry": {"type": "MultiPolygon", "coordinates": [[[[114.204017, 4.525874], [114.659596, 4.007637], [114.869557, 4.348314], [115.347461, 4.316636], [115.4057, 4.955228], [115.45071, 5.44773], [116.220741, 6.143191], [116.725103, 6.924771], [117.129626, 6.928053], [117.643393, 6.422166], [117.689075, 5.98749], [118.347691, 5.708696], [119.181904, 5.407836], [119.110694, 5.016128], [118.439727, 4.966519], [118.618321, 4.478202], [117.882035, 4.137551], [117.015214, 4.306094], [115.865517, 4.306559], [115.519078, 3.169238], [115.134037, 2.821482], [114.621355, 1.430688], [113.80585, 1.217549], [112.859809, 1.49779], [112.380252, 1.410121], [111.797548, 0.904441], [111.159138, 0.976478], [110.514061, 0.773131], [109.830227, 1.338136], [109.66326, 2.006467], [110.396135, 1.663775], [111.168853, 1.850637], [111.370081, 2.697303], [111.796928, 2.885897], [112.995615, 3.102395], [113.712935, 3.893509], [114.204017, 4.525874]]], [[[102.141187, 6.221636], [102.371147, 6.128205], [102.961705, 5.524495], [103.381215, 4.855001], [103.438575, 4.181606], [103.332122, 3.726698], [103.429429, 3.382869], [103.502448, 2.791019], [103.854674, 2.515454], [104.247932, 1.631141], [104.228811, 1.293048], [103.519707, 1.226334], [102.573615, 1.967115], [101.390638, 2.760814], [101.27354, 3.270292], [100.695435, 3.93914], [100.557408, 4.76728], [100.196706, 5.312493], [100.30626, 6.040562], [100.085757, 6.464489], [100.259596, 6.642825], [101.075516, 6.204867], [101.154219, 5.691384], [101.814282, 5.810808], [102.141187, 6.221636]]]]}, "properties": {"name": "Malaysia"}, "id": "MYS"}, {"type": "Feature", "geometry": {"type": "Polygon", "coordinates": [[[11.734199, -17.301889], [12.215461, -17.111668], [12.814081, -16.941343], [13.462362, -16.971212], [14.058501, -17.423381], [14.209707, -17.353101], [18.263309, -17.309951], [18.956187, -17.789095], [21.377176, -17.930636], [23.215048, -17.523116], [24.033862, -17.295843], [24.682349, -17.353411], [25.07695, -17.578823], [25.084443, -17.661816], [24.520705, -17.887125], [24.217365, -17.889347], [23.579006, -18.281261], [23.196858, -17.869038], [21.65504, -18.219146], [20.910641, -18.252219], [20.881134, -21.814327], [19.895458, -21.849157], [19.895768, -24.76779], [19.894734, -28.461105], [19.002127, -28.972443], [18.464899, -29.045462], [17.836152, -28.856378], [17.387497, -28.783514], [17.218929, -28.355943], [16.824017, -28.082162], [16.344977, -28.576705], [15.601818, -27.821247], [15.210472, -27.090956], [14.989711, -26.117372], [14.743214, -25.39292], [14.408144, -23.853014], [14.385717, -22.656653], [14.257714, -22.111208], [13.868642, -21.699037], [13.352498, -20.872834], [12.826845, -19.673166], [12.608564, -19.045349], [11.794919, -18.069129], [11.734199, -17.301889]]]}, "properties": {"name": "Namibia"}, "id": "NAM"}, {"type": "Feature", "geometry": {"type": "Polygon", "coordinates": [[[165.77999, -21.080005], [166.599991, -21.700019], [167.120011, -22.159991], [166.740035, -22.399976], [166.189732, -22.129708], [165.474375, -21.679607], [164.829815, -21.14982], [164.167995, -20.444747], [164.029606, -20.105646], [164.459967, -20.120012], [165.020036, -20.459991], [165.460009, -20.800022], [165.77999, -21.080005]]]}, "properties": {"name": "New Caledonia"}, "id": "NCL"}, {"type": "Feature", "geometry": {"type": "Polygon", "coordinates": [[[3.61118, 11.660167], [2.848643, 12.235636], [2.490164, 12.233052], [2.154474, 11.94015], [2.177108, 12.625018], [1.024103, 12.851826], [0.993046, 13.33575], [0.429928, 13.988733], [0.295646, 14.444235], [0.374892, 14.928908], [1.015783, 14.968182], [1.385528, 15.323561], [2.749993, 15.409525], [3.638259, 15.56812], [3.723422, 16.184284], [4.27021, 16.852227], [4.267419, 19.155265], [5.677566, 19.601207], [8.572893, 21.565661], [11.999506, 23.471668], [13.581425, 23.040506], [14.143871, 22.491289], [14.8513, 22.86295], [15.096888, 21.308519], [15.47106, 21.04845], [15.487148, 20.730415], [15.903247, 20.387619], [15.685741, 19.95718], [15.300441, 17.92795], [15.247731, 16.627306], [13.97217, 15.68437], [13.540394, 14.367134], [13.956699, 13.996691], [13.954477, 13.353449], [14.595781, 13.330427], [14.495787, 12.859396], [14.213531, 12.802035], [14.181336, 12.483657], [13.995353, 12.461565], [13.318702, 13.556356], [13.083987, 13.596147], [12.302071, 13.037189], [11.527803, 13.32898], [10.989593, 13.387323], [10.701032, 13.246918], [10.114814, 13.277252], [9.524928, 12.851102], [9.014933, 12.826659], [7.804671, 13.343527], [7.330747, 13.098038], [6.820442, 13.115091], [6.445426, 13.492768], [5.443058, 13.865924], [4.368344, 13.747482], [4.107946, 13.531216], [3.967283, 12.956109], [3.680634, 12.552903], [3.61118, 11.660167]]]}, "properties": {"name": "Niger"}, "id": "NER"}, {"type": "Feature", "geometry": {"type": "Polygon", "coordinates": [[[2.691702, 6.258817], [2.749063, 7.870734], [2.723793, 8.506845], [2.912308, 9.137608], [3.220352, 9.444153], [3.705438, 10.06321], [3.60007, 10.332186], [3.797112, 10.734746], [3.572216, 11.327939], [3.61118, 11.660167], [3.680634, 12.552903], [3.967283, 12.956109], [4.107946, 13.531216], [4.368344, 13.747482], [5.443058, 13.865924], [6.445426, 13.492768], [6.820442, 13.115091], [7.330747, 13.098038], [7.804671, 13.343527], [9.014933, 12.826659], [9.524928, 12.851102], [10.114814, 13.277252], [10.701032, 13.246918], [10.989593, 13.387323], [11.527803, 13.32898], [12.302071, 13.037189], [13.083987, 13.596147], [13.318702, 13.556356], [13.995353, 12.461565], [14.181336, 12.483657], [14.577178, 12.085361], [14.468192, 11.904752], [14.415379, 11.572369], [13.57295, 10.798566], [13.308676, 10.160362], [13.1676, 9.640626], [12.955468, 9.417772], [12.753672, 8.717763], [12.218872, 8.305824], [12.063946, 7.799808], [11.839309, 7.397042], [11.745774, 6.981383], [11.058788, 6.644427], [10.497375, 7.055358], [10.118277, 7.03877], [9.522706, 6.453482], [9.233163, 6.444491], [8.757533, 5.479666], [8.500288, 4.771983], [7.462108, 4.412108], [7.082596, 4.464689], [6.698072, 4.240594], [5.898173, 4.262453], [5.362805, 4.887971], [5.033574, 5.611802], [4.325607, 6.270651], [3.57418, 6.2583], [2.691702, 6.258817]]]}, "properties": {"name": "Nigeria"}, "id": "NGA"}, {"type": "Feature", "geometry": {"type": "Polygon", "coordinates": [[[-83.655612, 10.938764], [-83.895054, 10.726839], [-84.190179, 10.79345], [-84.355931, 10.999226], [-84.673069, 11.082657], [-84.903003, 10.952303], [-85.561852, 11.217119], [-85.71254, 11.088445], [-86.058488, 11.403439], [-86.52585, 11.806877], [-86.745992, 12.143962], [-87.167516, 12.458258], [-87.668493, 12.90991], [-87.557467, 13.064552], [-87.392386, 12.914018], [-87.316654, 12.984686], [-87.005769, 13.025794], [-86.880557, 13.254204], [-86.733822, 13.263093], [-86.755087, 13.754845], [-86.520708, 13.778487], [-86.312142, 13.771356], [-86.096264, 14.038187], [-85.801295, 13.836055], [-85.698665, 13.960078], [-85.514413, 14.079012], [-85.165365, 14.35437], [-85.148751, 14.560197], [-85.052787, 14.551541], [-84.924501, 14.790493], [-84.820037, 14.819587], [-84.649582, 14.666805], [-84.449336, 14.621614], [-84.228342, 14.748764], [-83.975721, 14.749436], [-83.628585, 14.880074], [-83.489989, 15.016267], [-83.147219, 14.995829], [-83.233234, 14.899866], [-83.284162, 14.676624], [-83.182126, 14.310703], [-83.4125, 13.970078], [-83.519832, 13.567699], [-83.552207, 13.127054], [-83.498515, 12.869292], [-83.473323, 12.419087], [-83.626104, 12.32085], [-83.719613, 11.893124], [-83.650858, 11.629032], [-83.85547, 11.373311], [-83.808936, 11.103044], [-83.655612, 10.938764]]]}, "properties": {"name": "Nicaragua"}, "id": "NIC"}, {"type": "Feature", "geometry": {"type": "Polygon", "coordinates": [[[6.156658, 50.803721], [5.606976, 51.037298], [4.973991, 51.475024], [4.047071, 51.267259], [3.314971, 51.345755], [3.315011593325167, 51.34577664612884], [3.830289, 51.620545], [4.705997, 53.091798], [6.074183, 53.510403], [6.90514, 53.482162], [7.092053, 53.144043], [6.84287, 52.22844], [6.589397, 51.852029], [5.988658, 51.851616], [6.156658, 50.803721]]]}, "properties": {"name": "Netherlands"}, "id": "NLD"}, {"type": "Feature", "geometry": {"type": "MultiPolygon", "coordinates": [[[[28.59193, 69.064777], [29.015573, 69.766491], [27.732292, 70.164193], [26.179622, 69.825299], [25.689213, 69.092114], [24.735679, 68.649557], [23.66205, 68.891247], [22.356238, 68.841741], [21.244936, 69.370443], [20.645593, 69.106247], [20.025269, 69.065139], [19.87856, 68.407194], [17.993868, 68.567391], [17.729182, 68.010552], [16.768879, 68.013937], [16.108712, 67.302456], [15.108411, 66.193867], [13.55569, 64.787028], [13.919905, 64.445421], [13.571916, 64.049114], [12.579935, 64.066219], [11.930569, 63.128318], [11.992064, 61.800362], [12.631147, 61.293572], [12.300366, 60.117933], [11.468272, 59.432393], [11.027369, 58.856149], [10.356557, 59.469807], [8.382, 58.313288], [7.048748, 58.078884], [5.665835, 58.588155], [5.308234, 59.663232], [4.992078, 61.970998], [5.9129, 62.614473], [8.553411, 63.454008], [10.527709, 64.486038], [12.358347, 65.879726], [14.761146, 67.810642], [16.435927, 68.563205], [19.184028, 69.817444], [21.378416, 70.255169], [23.023742, 70.202072], [24.546543, 71.030497], [26.37005, 70.986262], [28.165547, 71.185474], [31.293418, 70.453788], [30.005435, 70.186259], [31.101042214276276, 69.55810109080974], [29.39955, 69.15692], [28.59193, 69.064777]]], [[[24.72412, 77.85385], [22.49032, 77.44493], [20.72601, 77.67704], [21.41611, 77.93504], [20.8119, 78.25463], [22.88426, 78.45494], [23.28134, 78.07954], [24.72412, 77.85385]]], [[[18.25183, 79.70175], [21.54383, 78.95611], [19.02737, 78.5626], [18.47172, 77.82669], [17.59441, 77.63796], [17.1182, 76.80941], [15.91315, 76.77045], [13.76259, 77.38035], [14.66956, 77.73565], [13.1706, 78.02493], [11.22231, 78.8693], [10.44453, 79.65239], [13.17077, 80.01046], [13.71852, 79.66039], [15.14282, 79.67431], [15.52255, 80.01608], [16.99085, 80.05086], [18.25183, 79.70175]]], [[[25.447625, 80.40734], [27.407506, 80.056406], [25.924651, 79.517834], [23.024466, 79.400012], [20.075188, 79.566823], [19.897266, 79.842362], [18.462264, 79.85988], [17.368015, 80.318896], [20.455992, 80.598156], [21.907945, 80.357679], [22.919253, 80.657144], [25.447625, 80.40734]]]]}, "properties": {"name": "Norway"}, "id": "NOR"}, {"type": "Feature", "geometry": {"type": "Polygon", "coordinates": [[[81.111256, 30.183481], [81.525804, 30.422717], [82.327513, 30.115268], [83.337115, 29.463732], [83.898993, 29.320226], [84.23458, 28.839894], [85.011638, 28.642774], [85.82332, 28.203576], [86.954517, 27.974262], [88.120441, 27.876542], [88.043133, 27.445819], [88.174804, 26.810405], [88.060238, 26.414615], [87.227472, 26.397898], [86.024393, 26.630985], [85.251779, 26.726198], [84.675018, 27.234901], [83.304249, 27.364506], [81.999987, 27.925479], [81.057203, 28.416095], [80.088425, 28.79447], [80.476721, 29.729865], [81.111256, 30.183481]]]}, "properties": {"name": "Nepal"}, "id": "NPL"}, {"type": "Feature", "geometry": {"type": "MultiPolygon", "coordinates": [[[[173.020375, -40.919052], [173.247234, -41.331999], [173.958405, -40.926701], [174.247587, -41.349155], [174.248517, -41.770008], [173.876447, -42.233184], [173.22274, -42.970038], [172.711246, -43.372288], [173.080113, -43.853344], [172.308584, -43.865694], [171.452925, -44.242519], [171.185138, -44.897104], [170.616697, -45.908929], [169.831422, -46.355775], [169.332331, -46.641235], [168.411354, -46.619945], [167.763745, -46.290197], [166.676886, -46.219917], [166.509144, -45.852705], [167.046424, -45.110941], [168.303763, -44.123973], [168.949409, -43.935819], [169.667815, -43.555326], [170.52492, -43.031688], [171.12509, -42.512754], [171.569714, -41.767424], [171.948709, -41.514417], [172.097227, -40.956104], [172.79858, -40.493962], [173.020375, -40.919052]]], [[[174.612009, -36.156397], [175.336616, -37.209098], [175.357596, -36.526194], [175.808887, -36.798942], [175.95849, -37.555382], [176.763195, -37.881253], [177.438813, -37.961248], [178.010354, -37.579825], [178.517094, -37.695373], [178.274731, -38.582813], [177.97046, -39.166343], [177.206993, -39.145776], [176.939981, -39.449736], [177.032946, -39.879943], [176.885824, -40.065978], [176.508017, -40.604808], [176.01244, -41.289624], [175.239567, -41.688308], [175.067898, -41.425895], [174.650973, -41.281821], [175.22763, -40.459236], [174.900157, -39.908933], [173.824047, -39.508854], [173.852262, -39.146602], [174.574802, -38.797683], [174.743474, -38.027808], [174.697017, -37.381129], [174.292028, -36.711092], [174.319004, -36.534824], [173.840997, -36.121981], [173.054171, -35.237125], [172.636005, -34.529107], [173.007042, -34.450662], [173.551298, -35.006183], [174.32939, -35.265496], [174.612009, -36.156397]]]]}, "properties": {"name": "New Zealand"}, "id": "NZL"}, {"type": "Feature", "geometry": {"type": "MultiPolygon", "coordinates": [[[[56.261042, 25.714606], [56.070821, 26.055464], [56.362017, 26.395934], [56.485679, 26.309118], [56.391421, 25.895991], [56.261042, 25.714606]]], [[[55.208341, 22.70833], [55.234489, 23.110993], [55.525841, 23.524869], [55.528632, 23.933604], [55.981214, 24.130543], [55.804119, 24.269604], [55.886233, 24.920831], [56.396847, 24.924732], [56.84514, 24.241673], [57.403453, 23.878594], [58.136948, 23.747931], [58.729211, 23.565668], [59.180502, 22.992395], [59.450098, 22.660271], [59.80806, 22.533612], [59.806148, 22.310525], [59.442191, 21.714541], [59.282408, 21.433886], [58.861141, 21.114035], [58.487986, 20.428986], [58.034318, 20.481437], [57.826373, 20.243002], [57.665762, 19.736005], [57.7887, 19.06757], [57.694391, 18.94471], [57.234264, 18.947991], [56.609651, 18.574267], [56.512189, 18.087113], [56.283521, 17.876067], [55.661492, 17.884128], [55.269939, 17.632309], [55.2749, 17.228354], [54.791002, 16.950697], [54.239253, 17.044981], [53.570508, 16.707663], [53.108573, 16.651051], [52.782184, 17.349742], [52.00001, 19.000003], [54.999982, 19.999994], [55.666659, 22.000001], [55.208341, 22.70833]]]]}, "properties": {"name": "Oman"}, "id": "OMN"}, {"type": "Feature", "geometry": {"type": "Polygon", "coordinates": [[[60.874248, 29.829239], [62.549857, 29.318572], [63.550261, 29.468331], [64.148002, 29.340819], [64.350419, 29.560031], [65.046862, 29.472181], [66.346473, 29.887943], [66.381458, 30.738899], [66.938891, 31.304911], [67.683394, 31.303154], [67.792689, 31.58293], [68.556932, 31.71331], [68.926677, 31.620189], [69.317764, 31.901412], [69.262522, 32.501944], [69.687147, 33.105499], [70.323594, 33.358533], [69.930543, 34.02012], [70.881803, 33.988856], [71.156773, 34.348911], [71.115019, 34.733126], [71.613076, 35.153203], [71.498768, 35.650563], [71.262348, 36.074388], [71.846292, 36.509942], [72.920025, 36.720007], [74.067552, 36.836176], [74.575893, 37.020841], [75.158028, 37.133031], [75.896897, 36.666806], [76.192848, 35.898403], [77.837451, 35.49401], [76.871722, 34.653544], [75.757061, 34.504923], [74.240203, 34.748887], [73.749948, 34.317699], [74.104294, 33.441473], [74.451559, 32.7649], [75.258642, 32.271105], [74.405929, 31.692639], [74.42138, 30.979815], [73.450638, 29.976413], [72.823752, 28.961592], [71.777666, 27.91318], [70.616496, 27.989196], [69.514393, 26.940966], [70.168927, 26.491872], [70.282873, 25.722229], [70.844699, 25.215102], [71.04324, 24.356524], [68.842599, 24.359134], [68.176645, 23.691965], [67.443667, 23.944844], [67.145442, 24.663611], [66.372828, 25.425141], [64.530408, 25.237039], [62.905701, 25.218409], [61.497363, 25.078237], [61.874187, 26.239975], [63.316632, 26.756532], [63.233898, 27.217047], [62.755426, 27.378923], [62.72783, 28.259645], [61.771868, 28.699334], [61.369309, 29.303276], [60.874248, 29.829239]]]}, "properties": {"name": "Pakistan"}, "id": "PAK"}, {"type": "Feature", "geometry": {"type": "Polygon", "coordinates": [[[-77.353361, 8.670505], [-77.474723, 8.524286], [-77.242566, 7.935278], [-77.431108, 7.638061], [-77.753414, 7.70984], [-77.881571, 7.223771], [-78.214936, 7.512255], [-78.429161, 8.052041], [-78.182096, 8.319182], [-78.435465, 8.387705], [-78.622121, 8.718124], [-79.120307, 8.996092], [-79.557877, 8.932375], [-79.760578, 8.584515], [-80.164481, 8.333316], [-80.382659, 8.298409], [-80.480689, 8.090308], [-80.00369, 7.547524], [-80.276671, 7.419754], [-80.421158, 7.271572], [-80.886401, 7.220541], [-81.059543, 7.817921], [-81.189716, 7.647906], [-81.519515, 7.70661], [-81.721311, 8.108963], [-82.131441, 8.175393], [-82.390934, 8.292362], [-82.820081, 8.290864], [-82.850958, 8.073823], [-82.965783, 8.225028], [-82.913176, 8.423517], [-82.829771, 8.626295], [-82.868657, 8.807266], [-82.719183, 8.925709], [-82.927155, 9.07433], [-82.932891, 9.476812], [-82.546196, 9.566135], [-82.187123, 9.207449], [-82.207586, 8.995575], [-81.808567, 8.950617], [-81.714154, 9.031955], [-81.439287, 8.786234], [-80.947302, 8.858504], [-80.521901, 9.111072], [-79.9146, 9.312765], [-79.573303, 9.61161], [-79.021192, 9.552931], [-79.05845, 9.454565], [-78.500888, 9.420459], [-78.055928, 9.24773], [-77.729514, 8.946844], [-77.353361, 8.670505]]]}, "properties": {"name": "Panama"}, "id": "PAN"}, {"type": "Feature", "geometry": {"type": "Polygon", "coordinates": [[[-69.529678, -10.951734], [-68.66508, -12.5613], [-68.88008, -12.899729], [-68.929224, -13.602684], [-68.948887, -14.453639], [-69.339535, -14.953195], [-69.160347, -15.323974], [-69.389764, -15.660129], [-68.959635, -16.500698], [-69.590424, -17.580012], [-69.858444, -18.092694], [-70.372572, -18.347975], [-71.37525, -17.773799], [-71.462041, -17.363488], [-73.44453, -16.359363], [-75.237883, -15.265683], [-76.009205, -14.649286], [-76.423469, -13.823187], [-76.259242, -13.535039], [-77.106192, -12.222716], [-78.092153, -10.377712], [-79.036953, -8.386568], [-79.44592, -7.930833], [-79.760578, -7.194341], [-80.537482, -6.541668], [-81.249996, -6.136834], [-80.926347, -5.690557], [-81.410943, -4.736765], [-81.09967, -4.036394], [-80.302561, -3.404856], [-80.184015, -3.821162], [-80.469295, -4.059287], [-80.442242, -4.425724], [-80.028908, -4.346091], [-79.624979, -4.454198], [-79.205289, -4.959129], [-78.639897, -4.547784], [-78.450684, -3.873097], [-77.837905, -3.003021], [-76.635394, -2.608678], [-75.544996, -1.56161], [-75.233723, -0.911417], [-75.373223, -0.152032], [-75.106625, -0.057205], [-74.441601, -0.53082], [-74.122395, -1.002833], [-73.659504, -1.260491], [-73.070392, -2.308954], [-72.325787, -2.434218], [-71.774761, -2.16979], [-71.413646, -2.342802], [-70.813476, -2.256865], [-70.047709, -2.725156], [-70.692682, -3.742872], [-70.394044, -3.766591], [-69.893635, -4.298187], [-70.794769, -4.251265], [-70.928843, -4.401591], [-71.748406, -4.593983], [-72.891928, -5.274561], [-72.964507, -5.741251], [-73.219711, -6.089189], [-73.120027, -6.629931], [-73.724487, -6.918595], [-73.723401, -7.340999], [-73.987235, -7.52383], [-73.571059, -8.424447], [-73.015383, -9.032833], [-73.226713, -9.462213], [-72.563033, -9.520194], [-72.184891, -10.053598], [-71.302412, -10.079436], [-70.481894, -9.490118], [-70.548686, -11.009147], [-70.093752, -11.123972], [-69.529678, -10.951734]]]}, "properties": {"name": "Peru"}, "id": "PER"}, {"type": "Feature", "geometry": {"type": "MultiPolygon", "coordinates": [[[[126.376814, 8.414706], [126.478513, 7.750354], [126.537424, 7.189381], [126.196773, 6.274294], [125.831421, 7.293715], [125.363852, 6.786485], [125.683161, 6.049657], [125.396512, 5.581003], [124.219788, 6.161355], [123.93872, 6.885136], [124.243662, 7.36061], [123.610212, 7.833527], [123.296071, 7.418876], [122.825506, 7.457375], [122.085499, 6.899424], [121.919928, 7.192119], [122.312359, 8.034962], [122.942398, 8.316237], [123.487688, 8.69301], [123.841154, 8.240324], [124.60147, 8.514158], [124.764612, 8.960409], [125.471391, 8.986997], [125.412118, 9.760335], [126.222714, 9.286074], [126.306637, 8.782487], [126.376814, 8.414706]]], [[[123.982438, 10.278779], [123.623183, 9.950091], [123.309921, 9.318269], [122.995883, 9.022189], [122.380055, 9.713361], [122.586089, 9.981045], [122.837081, 10.261157], [122.947411, 10.881868], [123.49885, 10.940624], [123.337774, 10.267384], [124.077936, 11.232726], [123.982438, 10.278779]]], [[[118.504581, 9.316383], [117.174275, 8.3675], [117.664477, 9.066889], [118.386914, 9.6845], [118.987342, 10.376292], [119.511496, 11.369668], [119.689677, 10.554291], [119.029458, 10.003653], [118.504581, 9.316383]]], [[[121.883548, 11.891755], [122.483821, 11.582187], [123.120217, 11.58366], [123.100838, 11.165934], [122.637714, 10.741308], [122.00261, 10.441017], [121.967367, 10.905691], [122.03837, 11.415841], [121.883548, 11.891755]]], [[[125.502552, 12.162695], [125.783465, 11.046122], [125.011884, 11.311455], [125.032761, 10.975816], [125.277449, 10.358722], [124.801819, 10.134679], [124.760168, 10.837995], [124.459101, 10.88993], [124.302522, 11.495371], [124.891013, 11.415583], [124.87799, 11.79419], [124.266762, 12.557761], [125.227116, 12.535721], [125.502552, 12.162695]]], [[[121.527394, 13.06959], [121.26219, 12.20556], [120.833896, 12.704496], [120.323436, 13.466413], [121.180128, 13.429697], [121.527394, 13.06959]]], [[[121.321308, 18.504065], [121.937601, 18.218552], [122.246006, 18.47895], [122.336957, 18.224883], [122.174279, 17.810283], [122.515654, 17.093505], [122.252311, 16.262444], [121.662786, 15.931018], [121.50507, 15.124814], [121.728829, 14.328376], [122.258925, 14.218202], [122.701276, 14.336541], [123.950295, 13.782131], [123.855107, 13.237771], [124.181289, 12.997527], [124.077419, 12.536677], [123.298035, 13.027526], [122.928652, 13.55292], [122.671355, 13.185836], [122.03465, 13.784482], [121.126385, 13.636687], [120.628637, 13.857656], [120.679384, 14.271016], [120.991819, 14.525393], [120.693336, 14.756671], [120.564145, 14.396279], [120.070429, 14.970869], [119.920929, 15.406347], [119.883773, 16.363704], [120.286488, 16.034629], [120.390047, 17.599081], [120.715867, 18.505227], [121.321308, 18.504065]]]]}, "properties": {"name": "Philippines"}, "id": "PHL"}, {"type": "Feature", "geometry": {"type": "MultiPolygon", "coordinates": [[[[141.033852, -9.117893], [141.017057, -5.859022], [141.00021, -2.600151], [142.735247, -3.289153], [144.583971, -3.861418], [145.27318, -4.373738], [145.829786, -4.876498], [145.981922, -5.465609], [147.648073, -6.083659], [147.891108, -6.614015], [146.970905, -6.721657], [147.191874, -7.388024], [148.084636, -8.044108], [148.734105, -9.104664], [149.306835, -9.071436], [149.266631, -9.514406], [150.038728, -9.684318], [149.738798, -9.872937], [150.801628, -10.293687], [150.690575, -10.582713], [150.028393, -10.652476], [149.78231, -10.393267], [148.923138, -10.280923], [147.913018, -10.130441], [147.135443, -9.492444], [146.567881, -8.942555], [146.048481, -8.067414], [144.744168, -7.630128], [143.897088, -7.91533], [143.286376, -8.245491], [143.413913, -8.983069], [142.628431, -9.326821], [142.068259, -9.159596], [141.033852, -9.117893]]], [[[155.880026, -6.819997], [155.599991, -6.919991], [155.166994, -6.535931], [154.729192, -5.900828], [154.514114, -5.139118], [154.652504, -5.042431], [154.759991, -5.339984], [155.062918, -5.566792], [155.547746, -6.200655], [156.019965, -6.540014], [155.880026, -6.819997]]], [[[151.982796, -5.478063], [151.459107, -5.56028], [151.30139, -5.840728], [150.754447, -6.083763], [150.241197, -6.317754], [149.709963, -6.316513], [148.890065, -6.02604], [148.318937, -5.747142], [148.401826, -5.437756], [149.298412, -5.583742], [149.845562, -5.505503], [149.99625, -5.026101], [150.139756, -5.001348], [150.236908, -5.53222], [150.807467, -5.455842], [151.089672, -5.113693], [151.647881, -4.757074], [151.537862, -4.167807], [152.136792, -4.14879], [152.338743, -4.312966], [152.318693, -4.867661], [151.982796, -5.478063]]], [[[153.140038, -4.499983], [152.827292, -4.766427], [152.638673, -4.176127], [152.406026, -3.789743], [151.953237, -3.462062], [151.384279, -3.035422], [150.66205, -2.741486], [150.939965, -2.500002], [151.479984, -2.779985], [151.820015, -2.999972], [152.239989, -3.240009], [152.640017, -3.659983], [153.019994, -3.980015], [153.140038, -4.499983]]]]}, "properties": {"name": "Papua New Guinea"}, "id": "PNG"}, {"type": "Feature", "geometry": {"type": "Polygon", "coordinates": [[[23.484128, 53.912498], [23.527536, 53.470122], [23.804935, 53.089731], [23.799199, 52.691099], [23.199494, 52.486977], [23.508002, 52.023647], [23.527071, 51.578454], [24.029986, 50.705407], [23.922757, 50.424881], [23.426508, 50.308506], [22.51845, 49.476774], [22.776419, 49.027395], [22.558138, 49.085738], [21.607808, 49.470107], [20.887955, 49.328772], [20.415839, 49.431453], [19.825023, 49.217125], [19.320713, 49.571574], [18.909575, 49.435846], [18.853144, 49.49623], [18.392914, 49.988629], [17.649445, 50.049038], [17.554567, 50.362146], [16.868769, 50.473974], [16.719476, 50.215747], [16.176253, 50.422607], [16.238627, 50.697733], [15.490972, 50.78473], [15.016996, 51.106674], [14.607098, 51.745188], [14.685026, 52.089947], [14.4376, 52.62485], [14.074521, 52.981263], [14.353315, 53.248171], [14.119686, 53.757029], [14.8029, 54.050706], [16.363477, 54.513159], [17.622832, 54.851536], [18.620859, 54.682606], [18.696255, 54.438719], [19.66064, 54.426084], [20.892245, 54.312525], [22.731099, 54.327537], [23.243987, 54.220567], [23.484128, 53.912498]]]}, "properties": {"name": "Poland"}, "id": "POL"}, {"type": "Feature", "geometry": {"type": "Polygon", "coordinates": [[[-66.282434, 18.514762], [-65.771303, 18.426679], [-65.591004, 18.228035], [-65.847164, 17.975906], [-66.599934, 17.981823], [-67.184162, 17.946553], [-67.242428, 18.37446], [-67.100679, 18.520601], [-66.282434, 18.514762]]]}, "properties": {"name": "Puerto Rico"}, "id": "PRI"}, {"type": "Feature", "geometry": {"type": "MultiPolygon", "coordinates": [[[[124.265625, 39.928493], [125.079942, 40.569824], [126.182045, 41.107336], [126.869083, 41.816569], [127.343783, 41.503152], [128.208433, 41.466772], [128.052215, 41.994285], [129.596669, 42.424982], [129.994267, 42.985387], [130.6399997115198, 42.39502389179288], [130.64, 42.395], [130.7799925782858, 42.220009277142736], [130.400031, 42.280004], [129.965949, 41.941368], [129.667362, 41.601104], [129.705189, 40.882828], [129.188115, 40.661808], [129.0104, 40.485436], [128.633368, 40.189847], [127.967414, 40.025413], [127.533436, 39.75685], [127.50212, 39.323931], [127.385434, 39.213472], [127.783343, 39.050898], [128.349716, 38.612243], [128.205746, 38.370397], [127.780035, 38.304536], [127.073309, 38.256115], [126.68372, 37.804773], [126.237339, 37.840378], [126.174759, 37.749686], [125.689104, 37.94001], [125.568439, 37.752089], [125.27533, 37.669071], [125.240087, 37.857224], [124.981033, 37.948821], [124.712161, 38.108346], [124.985994, 38.548474], [125.221949, 38.665857], [125.132859, 38.848559], [125.38659, 39.387958], [125.321116, 39.551385], [124.737482, 39.660344], [124.265625, 39.928493]]], [[[130.78000465332036, 42.220009933571674], [130.780007, 42.220007], [130.78000353537084, 42.22000754705391], [130.78000465332036, 42.220009933571674]]]]}, "properties": {"name": "North Korea"}, "id": "PRK"}, {"type": "Feature", "geometry": {"type": "Polygon", "coordinates": [[[-9.034818, 41.880571], [-8.671946, 42.134689], [-8.263857, 42.280469], [-8.013175, 41.790886], [-7.422513, 41.792075], [-7.251309, 41.918346], [-6.668606, 41.883387], [-6.389088, 41.381815], [-6.851127, 41.111083], [-6.86402, 40.330872], [-7.026413, 40.184524], [-7.066592, 39.711892], [-7.498632, 39.629571], [-7.098037, 39.030073], [-7.374092, 38.373059], [-7.029281, 38.075764], [-7.166508, 37.803894], [-7.537105, 37.428904], [-7.453726, 37.097788], [-7.855613, 36.838269], [-8.382816, 36.97888], [-8.898857, 36.868809], [-8.746101, 37.651346], [-8.839998, 38.266243], [-9.287464, 38.358486], [-9.526571, 38.737429], [-9.446989, 39.392066], [-9.048305, 39.755093], [-8.977353, 40.159306], [-8.768684, 40.760639], [-8.790853, 41.184334], [-8.990789, 41.543459], [-9.034818, 41.880571]]]}, "properties": {"name": "Portugal"}, "id": "PRT"}, {"type": "Feature", "geometry": {"type": "Polygon", "coordinates": [[[-54.625291, -25.739255], [-54.788795, -26.621786], [-55.695846, -27.387837], [-56.486702, -27.548499], [-57.60976, -27.395899], [-58.618174, -27.123719], [-57.63366, -25.603657], [-57.777217, -25.16234], [-58.807128, -24.771459], [-60.028966, -24.032796], [-60.846565, -23.880713], [-62.685057, -22.249029], [-62.291179, -21.051635], [-62.265961, -20.513735], [-61.786326, -19.633737], [-60.043565, -19.342747], [-59.115042, -19.356906], [-58.183471, -19.868399], [-58.166392, -20.176701], [-57.870674, -20.732688], [-57.937156, -22.090176], [-56.88151, -22.282154], [-56.473317, -22.0863], [-55.797958, -22.35693], [-55.610683, -22.655619], [-55.517639, -23.571998], [-55.400747, -23.956935], [-55.027902, -24.001274], [-54.652834, -23.839578], [-54.29296, -24.021014], [-54.293476, -24.5708], [-54.428946, -25.162185], [-54.625291, -25.739255]]]}, "properties": {"name": "Paraguay"}, "id": "PRY"}, {"type": "Feature", "geometry": {"type": "Polygon", "coordinates": [[[50.810108, 24.754743], [50.743911, 25.482424], [51.013352, 26.006992], [51.286462, 26.114582], [51.589079, 25.801113], [51.6067, 25.21567], [51.389608, 24.627386], [51.112415, 24.556331], [50.810108, 24.754743]]]}, "properties": {"name": "Qatar"}, "id": "QAT"}, {"type": "Feature", "geometry": {"type": "Polygon", "coordinates": [[[28.558081, 43.707462], [27.970107, 43.812468], [27.2424, 44.175986], [26.065159, 43.943494], [25.569272, 43.688445], [24.100679, 43.741051], [23.332302, 43.897011], [22.944832, 43.823785], [22.65715, 44.234923], [22.474008, 44.409228], [22.705726, 44.578003], [22.459022, 44.702517], [22.145088, 44.478422], [21.562023, 44.768947], [21.483526, 45.18117], [20.874313, 45.416375], [20.762175, 45.734573], [20.220192, 46.127469], [21.021952, 46.316088], [21.626515, 46.994238], [22.099768, 47.672439], [22.710531, 47.882194], [23.142236, 48.096341], [23.760958, 47.985598], [24.402056, 47.981878], [24.866317, 47.737526], [25.207743, 47.891056], [25.945941, 47.987149], [26.19745, 48.220881], [26.619337, 48.220726], [26.924176, 48.123264], [27.233873, 47.826771], [27.551166, 47.405117], [28.12803, 46.810476], [28.160018, 46.371563], [28.054443, 45.944586], [28.233554, 45.488283], [28.679779, 45.304031], [29.149725, 45.464925], [29.603289, 45.293308], [29.626543, 45.035391], [29.141612, 44.82021], [28.837858, 44.913874], [28.558081, 43.707462]]]}, "properties": {"name": "Romania"}, "id": "ROU"}, {"type": "Feature", "geometry": {"type": "MultiPolygon", "coordinates": [[[[130.6399997115198, 42.39502389179288], [130.633866, 42.903015], [131.144688, 42.92999], [131.288555, 44.11152], [131.02519, 44.96796], [131.883454, 45.321162], [133.09712, 45.14409], [133.769644, 46.116927], [134.11235, 47.21248], [134.50081, 47.57845], [135.026311, 48.47823], [133.373596, 48.183442], [132.50669, 47.78896], [130.98726, 47.79013], [130.582293, 48.729687], [129.397818, 49.4406], [127.6574, 49.76027], [127.287456, 50.739797], [126.939157, 51.353894], [126.564399, 51.784255], [125.946349, 52.792799], [125.068211, 53.161045], [123.57147, 53.4588], [122.245748, 53.431726], [121.003085, 53.251401], [120.177089, 52.753886], [120.725789, 52.516226], [120.7382, 51.96411], [120.18208, 51.64355], [119.27939, 50.58292], [119.288461, 50.142883], [117.879244, 49.510983], [116.678801, 49.888531], [115.485695, 49.805177], [114.96211, 50.140247], [114.362456, 50.248303], [112.89774, 49.543565], [111.581231, 49.377968], [110.662011, 49.130128], [109.402449, 49.292961], [108.475167, 49.282548], [107.868176, 49.793705], [106.888804, 50.274296], [105.886591, 50.406019], [104.62158, 50.27532], [103.676545, 50.089966], [102.25589, 50.51056], [102.06521, 51.25991], [100.88948, 51.516856], [99.981732, 51.634006], [98.861491, 52.047366], [97.82574, 51.010995], [98.231762, 50.422401], [97.25976, 49.72605], [95.81402, 49.97746], [94.815949, 50.013433], [94.147566, 50.480537], [93.10421, 50.49529], [92.234712, 50.802171], [90.713667, 50.331812], [88.805567, 49.470521], [87.751264, 49.297198], [87.35997, 49.214981], [86.829357, 49.826675], [85.54127, 49.692859], [85.11556, 50.117303], [84.416377, 50.3114], [83.935115, 50.889246], [83.383004, 51.069183], [81.945986, 50.812196], [80.568447, 51.388336], [80.03556, 50.864751], [77.800916, 53.404415], [76.525179, 54.177003], [76.8911, 54.490524], [74.38482, 53.54685], [73.425679, 53.48981], [73.508516, 54.035617], [72.22415, 54.376655], [71.180131, 54.133285], [70.865267, 55.169734], [69.068167, 55.38525], [68.1691, 54.970392], [65.66687, 54.60125], [65.178534, 54.354228], [61.4366, 54.00625], [60.978066, 53.664993], [61.699986, 52.979996], [60.739993, 52.719986], [60.927269, 52.447548], [59.967534, 51.96042], [61.588003, 51.272659], [61.337424, 50.79907], [59.932807, 50.842194], [59.642282, 50.545442], [58.36332, 51.06364], [56.77798, 51.04355], [55.71694, 50.62171], [54.532878, 51.02624], [52.328724, 51.718652], [50.766648, 51.692762], [48.702382, 50.605128], [48.577841, 49.87476], [47.54948, 50.454698], [46.751596, 49.356006], [47.043672, 49.152039], [46.466446, 48.394152], [47.31524, 47.71585], [48.05725, 47.74377], [48.694734, 47.075628], [48.59325, 46.56104], [49.10116, 46.39933], [48.64541, 45.80629], [47.67591, 45.64149], [46.68201, 44.6092], [47.59094, 43.66016], [47.49252, 42.98658], [48.58437, 41.80888], [48.58435388036503, 41.80886911851005], [47.987283, 41.405819], [47.815666, 41.151416], [47.373315, 41.219732], [46.686071, 41.827137], [46.404951, 41.860675], [45.7764, 42.09244], [45.470279, 42.502781], [44.537623, 42.711993], [43.93121, 42.55496], [43.75599, 42.74083], [42.3944, 43.2203], [40.92219, 43.38215], [40.076965, 43.553104], [39.955009, 43.434998], [38.68, 44.28], [37.53912, 44.65721], [36.67546, 45.24469], [37.40317, 45.40451], [38.23295, 46.24087], [37.67372, 46.63657], [39.14767, 47.04475], [39.1212, 47.26336], [38.223538, 47.10219], [38.255112, 47.5464], [38.77057, 47.82562], [39.738278, 47.898937], [39.89562, 48.23241], [39.67465, 48.78382], [40.080789, 49.30743], [40.06904, 49.60105], [38.594988, 49.926462], [38.010631, 49.915662], [37.39346, 50.383953], [36.626168, 50.225591], [35.356116, 50.577197], [35.37791, 50.77394], [35.022183, 51.207572], [34.224816, 51.255993], [34.141978, 51.566413], [34.391731, 51.768882], [33.7527, 52.335075], [32.715761, 52.238465], [32.412058, 52.288695], [32.15944, 52.06125], [31.785992186245153, 52.101677598227724], [31.78597, 52.10168], [31.540018, 52.742052], [31.305201, 53.073996], [31.49764, 53.16743], [32.304519, 53.132726], [32.693643, 53.351421], [32.405599, 53.618045], [31.731273, 53.794029], [31.791424, 53.974639], [31.384472, 54.157056], [30.757534, 54.811771], [30.971836, 55.081548], [30.873909, 55.550976], [29.896294, 55.789463], [29.371572, 55.670091], [29.229513, 55.918344], [28.176709, 56.16913], [27.855282, 56.759326], [27.770016, 57.244258], [27.288185, 57.474528], [27.716686, 57.791899], [27.42015, 58.72457], [28.131699, 59.300825], [27.98112, 59.47537], [27.98112671201368, 59.4753732638228], [29.1177, 60.02805], [28.07000172151676, 60.503519218736685], [28.07, 60.50352], [30.211107, 61.780028], [31.139991, 62.357693], [31.516092, 62.867687], [30.035872, 63.552814], [30.444685, 64.204453], [29.54443, 64.948672], [30.21765, 65.80598], [29.054589, 66.944286], [29.977426, 67.698297], [28.445944, 68.364613], [28.59193, 69.064777], [29.39955, 69.15692], [31.101042214276276, 69.55810109080974], [31.10108, 69.55811], [32.13272, 69.90595], [33.77547, 69.30142], [36.51396, 69.06342], [40.29234, 67.9324], [41.05987, 67.45713], [41.12595, 66.79158], [40.01583, 66.26618], [38.38295, 65.99953], [33.91871, 66.75961], [33.18444, 66.63253], [34.81477, 65.90015], [34.878574, 65.436213], [34.94391, 64.41437], [36.23129, 64.10945], [37.01273, 63.84983], [37.14197, 64.33471], [36.539579, 64.76446], [37.17604, 65.14322], [39.59345, 64.52079], [40.4356, 64.76446], [39.7626, 65.49682], [42.09309, 66.47623], [43.01604, 66.41858], [43.94975, 66.06908], [44.53226, 66.75634], [43.69839, 67.35245], [44.18795, 67.95051], [43.45282, 68.57079], [46.25, 68.25], [46.82134, 67.68997], [45.55517, 67.56652], [45.56202, 67.01005], [46.34915, 66.66767], [47.89416, 66.88455], [48.13876, 67.52238], [50.22766, 67.99867], [53.71743, 68.85738], [54.47171, 68.80815], [53.48582, 68.20131], [54.72628, 68.09702], [55.44268, 68.43866], [57.31702, 68.46628], [58.802, 68.88082], [59.94142, 68.27844], [61.07784, 68.94069], [60.03, 69.52], [60.55, 69.85], [63.504, 69.54739], [64.888115, 69.234835], [68.51216, 68.09233], [69.18068, 68.61563], [68.16444, 69.14436], [68.13522, 69.35649], [66.93008, 69.45461], [67.25976, 69.92873], [66.72492, 70.70889], [66.69466, 71.02897], [68.54006, 71.9345], [69.19636, 72.84336], [69.94, 73.04], [72.58754, 72.77629], [72.79603, 72.22006], [71.84811, 71.40898], [72.47011, 71.09019], [72.79188, 70.39114], [72.5647, 69.02085], [73.66787, 68.4079], [73.2387, 67.7404], [71.28, 66.32], [72.42301, 66.17267], [72.82077, 66.53267], [73.92099, 66.78946], [74.18651, 67.28429], [75.052, 67.76047], [74.46926, 68.32899], [74.93584, 68.98918], [73.84236, 69.07146], [73.60187, 69.62763], [74.3998, 70.63175], [73.1011, 71.44717], [74.89082, 72.12119], [74.65926, 72.83227], [75.15801, 72.85497], [75.68351, 72.30056], [75.28898, 71.33556], [76.35911, 71.15287], [75.90313, 71.87401], [77.57665, 72.26717], [79.65202, 72.32011], [81.5, 71.75], [80.61071, 72.58285], [80.51109, 73.6482], [82.25, 73.85], [84.65526, 73.80591], [86.8223, 73.93688], [86.00956, 74.45967], [87.16682, 75.11643], [88.31571, 75.14393], [90.26, 75.64], [92.90058, 75.77333], [93.23421, 76.0472], [95.86, 76.14], [96.67821, 75.91548], [98.92254, 76.44689], [100.75967, 76.43028], [101.03532, 76.86189], [101.99084, 77.28754], [104.3516, 77.69792], [106.06664, 77.37389], [104.705, 77.1274], [106.97013, 76.97419], [107.24, 76.48], [108.1538, 76.72335], [111.07726, 76.71], [113.33151, 76.22224], [114.13417, 75.84764], [113.88539, 75.32779], [112.77918, 75.03186], [110.15125, 74.47673], [109.4, 74.18], [110.64, 74.04], [112.11919, 73.78774], [113.01954, 73.97693], [113.52958, 73.33505], [113.96881, 73.59488], [115.56782, 73.75285], [118.77633, 73.58772], [119.02, 73.12], [123.20066, 72.97122], [123.25777, 73.73503], [125.38, 73.56], [126.97644, 73.56549], [128.59126, 73.03871], [129.05157, 72.39872], [128.46, 71.98], [129.71599, 71.19304], [131.28858, 70.78699], [132.2535, 71.8363], [133.85766, 71.38642], [135.56193, 71.65525], [137.49755, 71.34763], [138.23409, 71.62803], [139.86983, 71.48783], [139.14791, 72.41619], [140.46817, 72.84941], [149.5, 72.2], [150.35118, 71.60643], [152.9689, 70.84222], [157.00688, 71.03141], [158.99779, 70.86672], [159.83031, 70.45324], [159.70866, 69.72198], [160.94053, 69.43728], [162.27907, 69.64204], [164.05248, 69.66823], [165.94037, 69.47199], [167.83567, 69.58269], [169.57763, 68.6938], [170.81688, 69.01363], [170.0082, 69.65276], [170.45345, 70.09703], [173.64391, 69.81743], [175.72403, 69.87725], [178.6, 69.4], [180, 68.963636], [180, 64.979709], [179.99281, 64.97433], [178.7072, 64.53493], [177.41128, 64.60821], [178.313, 64.07593], [178.90825, 63.25197], [179.37034, 62.98262], [179.48636, 62.56894], [179.22825, 62.3041], [177.3643, 62.5219], [174.56929, 61.76915], [173.68013, 61.65261], [172.15, 60.95], [170.6985, 60.33618], [170.33085, 59.88177], [168.90046, 60.57355], [166.29498, 59.78855], [165.84, 60.16], [164.87674, 59.7316], [163.53929, 59.86871], [163.21711, 59.21101], [162.01733, 58.24328], [162.05297, 57.83912], [163.19191, 57.61503], [163.05794, 56.15924], [162.12958, 56.12219], [161.70146, 55.28568], [162.11749, 54.85514], [160.36877, 54.34433], [160.02173, 53.20257], [158.53094, 52.95868], [158.23118, 51.94269], [156.78979, 51.01105], [156.42, 51.7], [155.99182, 53.15895], [155.43366, 55.38103], [155.91442, 56.76792], [156.75815, 57.3647], [156.81035, 57.83204], [158.36433, 58.05575], [160.15064, 59.31477], [161.87204, 60.343], [163.66969, 61.1409], [164.47355, 62.55061], [163.25842, 62.46627], [162.65791, 61.6425], [160.12148, 60.54423], [159.30232, 61.77396], [156.72068, 61.43442], [154.21806, 59.75818], [155.04375, 59.14495], [152.81185, 58.88385], [151.26573, 58.78089], [151.33815, 59.50396], [149.78371, 59.65573], [148.54481, 59.16448], [145.48722, 59.33637], [142.19782, 59.03998], [138.95848, 57.08805], [135.12619, 54.72959], [136.70171, 54.60355], [137.19342, 53.97732], [138.1647, 53.75501], [138.80463, 54.25455], [139.90151, 54.18968], [141.34531, 53.08957], [141.37923, 52.23877], [140.59742, 51.23967], [140.51308, 50.04553], [140.06193, 48.44671], [138.55472, 46.99965], [138.21971, 46.30795], [136.86232, 45.1435], [135.51535, 43.989], [134.86939, 43.39821], [133.53687, 42.81147], [132.90627, 42.79849], [132.27807, 43.28456], [130.93587, 42.55274], [130.78000465332036, 42.220009933571674], [130.78000353537084, 42.22000754705391], [130.78, 42.22], [130.7799925782858, 42.220009277142736], [130.64, 42.395], [130.6399997115198, 42.39502389179288]]], [[[21.268449, 55.190482], [22.315724, 55.015299], [22.757764, 54.856574], [22.651052, 54.582741], [22.731099, 54.327537], [20.892245, 54.312525], [19.66064, 54.426084], [19.888481, 54.86616], [21.268449, 55.190482]]], [[[143.648007, 50.7476], [144.654148, 48.976391], [143.173928, 49.306551], [142.558668, 47.861575], [143.533492, 46.836728], [143.505277, 46.137908], [142.747701, 46.740765], [142.09203, 45.966755], [141.906925, 46.805929], [142.018443, 47.780133], [141.904445, 48.859189], [142.1358, 49.615163], [142.179983, 50.952342], [141.594076, 51.935435], [141.682546, 53.301966], [142.606934, 53.762145], [142.209749, 54.225476], [142.654786, 54.365881], [142.914616, 53.704578], [143.260848, 52.74076], [143.235268, 51.75666], [143.648007, 50.7476]]], [[[-175.01425, 66.58435], [-174.33983, 66.33556], [-174.57182, 67.06219], [-171.85731, 66.91308], [-169.89958, 65.97724], [-170.89107, 65.54139], [-172.53025, 65.43791], [-172.555, 64.46079], [-172.95533, 64.25269], [-173.89184, 64.2826], [-174.65392, 64.63125], [-175.98353, 64.92288], [-176.20716, 65.35667], [-177.22266, 65.52024], [-178.35993, 65.39052], [-178.90332, 65.74044], [-178.68611, 66.11211], [-179.88377, 65.87456], [-179.43268, 65.40411], [-180, 64.979709], [-180, 68.963636], [-177.55, 68.2], [-174.92825, 67.20589], [-175.01425, 66.58435]]], [[[180, 70.832199], [178.903425, 70.78114], [178.7253, 71.0988], [180, 71.515714], [180, 70.832199]]], [[[-178.69378, 70.89302], [-180, 70.832199], [-180, 71.515714], [-179.871875, 71.55762], [-179.02433, 71.55553], [-177.577945, 71.26948], [-177.663575, 71.13277], [-178.69378, 70.89302]]], [[[143.60385, 73.21244], [142.08763, 73.20544], [140.038155, 73.31692], [139.86312, 73.36983], [140.81171, 73.76506], [142.06207, 73.85758], [143.48283, 73.47525], [143.60385, 73.21244]]], [[[150.73167, 75.08406], [149.575925, 74.68892], [147.977465, 74.778355], [146.11919, 75.17298], [146.358485, 75.49682], [148.22223, 75.345845], [150.73167, 75.08406]]], [[[145.086285, 75.562625], [144.3, 74.82], [140.61381, 74.84768], [138.95544, 74.61148], [136.97439, 75.26167], [137.51176, 75.94917], [138.831075, 76.13676], [141.471615, 76.09289], [145.086285, 75.562625]]], [[[57.535693, 70.720464], [56.944979, 70.632743], [53.677375, 70.762658], [53.412017, 71.206662], [51.601895, 71.474759], [51.455754, 72.014881], [52.478275, 72.229442], [52.444169, 72.774731], [54.427614, 73.627548], [53.50829, 73.749814], [55.902459, 74.627486], [55.631933, 75.081412], [57.868644, 75.60939], [61.170044, 76.251883], [64.498368, 76.439055], [66.210977, 76.809782], [68.15706, 76.939697], [68.852211, 76.544811], [68.180573, 76.233642], [64.637326, 75.737755], [61.583508, 75.260885], [58.477082, 74.309056], [56.986786, 73.333044], [55.419336, 72.371268], [55.622838, 71.540595], [57.535693, 70.720464]]], [[[105.07547, 78.30689], [99.43814, 77.921], [101.2649, 79.23399], [102.08635, 79.34641], [102.837815, 79.28129], [105.37243, 78.71334], [105.07547, 78.30689]]], [[[51.136187, 80.54728], [49.793685, 80.415428], [48.894411, 80.339567], [48.754937, 80.175468], [47.586119, 80.010181], [46.502826, 80.247247], [47.072455, 80.559424], [44.846958, 80.58981], [46.799139, 80.771918], [48.318477, 80.78401], [48.522806, 80.514569], [49.09719, 80.753986], [50.039768, 80.918885], [51.522933, 80.699726], [51.136187, 80.54728]]], [[[99.93976, 78.88094], [97.75794, 78.7562], [94.97259, 79.044745], [93.31288, 79.4265], [92.5454, 80.14379], [91.18107, 80.34146], [93.77766, 81.0246], [95.940895, 81.2504], [97.88385, 80.746975], [100.186655, 79.780135], [99.93976, 78.88094]]]]}, "properties": {"name": "Russia"}, "id": "RUS"}, {"type": "Feature", "geometry": {"type": "Polygon", "coordinates": [[[30.469673719645275, -2.4138552588224256], [29.938359, -2.348487], [29.632176, -2.917858], [29.024926, -2.839258], [29.117479, -2.292211], [29.254835, -2.21511], [29.291887, -1.620056], [29.579466, -1.341313], [29.821519, -1.443322], [30.419105, -1.134659], [30.816135, -1.698914], [30.758309, -2.28725], [30.46967, -2.41383], [30.469673719645275, -2.4138552588224256]]]}, "properties": {"name": "Rwanda"}, "id": "RWA"}, {"type": "Feature", "geometry": {"type": "MultiPolygon", "coordinates": [[[[7.383842541248242, 1.4420591300582828], [7.360209731002044, 1.4298032718521085], [7.324369890669999, 1.4716489709863936], [7.306401142383635, 1.5195493570432177], [7.312065204343469, 1.5615903686589263], [7.347563247833108, 1.5858579444695806], [7.383110119443103, 1.592059115753159], [7.400981211488784, 1.5800962262690632], [7.4014694926922004, 1.484051313553607], [7.383842541248242, 1.4420591300582828]]], [[[6.5561570733074745, -0.05051885259837263], [6.5206590298178355, -0.05681768012266275], [6.407621931222906, 0.04440301334915375], [6.383549667893618, 0.11618035025395557], [6.389213729853424, 0.17018425135370308], [6.395073104294653, 0.18815299964006726], [6.459819191869968, 0.23053580809812502], [6.54834457405255, 0.2851256466420864], [6.64292464315767, 0.3096373630544349], [6.678569171008348, 0.2739440070834007], [6.661137532045757, 0.22589713666553735], [6.620463707799729, 0.08170769729150607], [6.59727035063662, -0.008331356621681607], [6.5561570733074745, -0.05051885259837263]]]]}, "properties": {"name": "S\u00e3o Tom\u00e9 and Pr\u00edncipe"}, "id": "STP"}, {"type": "Feature", "geometry": {"type": "Polygon", "coordinates": [[[51.579519, 24.245497], [51.617708, 24.014219], [52.000733, 23.001154], [55.006803, 22.496948], [55.208341, 22.70833], [55.666659, 22.000001], [54.999982, 19.999994], [52.00001, 19.000003], [49.116672, 18.616668], [48.183344, 18.166669], [47.466695, 17.116682], [47.000005, 16.949999], [46.749994, 17.283338], [46.366659, 17.233315], [45.399999, 17.333335], [45.216651, 17.433329], [44.062613, 17.410359], [43.791519, 17.319977], [43.380794, 17.579987], [43.115798, 17.08844], [43.218375, 16.66689], [42.779332, 16.347891], [42.649573, 16.774635], [42.347989, 17.075806], [42.270888, 17.474722], [41.754382, 17.833046], [41.221391, 18.6716], [40.939341, 19.486485], [40.247652, 20.174635], [39.801685, 20.338862], [39.139399, 21.291905], [39.023696, 21.986875], [39.066329, 22.579656], [38.492772, 23.688451], [38.02386, 24.078686], [37.483635, 24.285495], [37.154818, 24.858483], [37.209491, 25.084542], [36.931627, 25.602959], [36.639604, 25.826228], [36.249137, 26.570136], [35.640182, 27.37652], [35.130187, 28.063352], [34.632336, 28.058546], [34.787779, 28.607427], [34.83222, 28.957483], [34.956037, 29.356555], [36.068941, 29.197495], [36.501214, 29.505254], [36.740528, 29.865283], [37.503582, 30.003776], [37.66812, 30.338665], [37.998849, 30.5085], [37.002166, 31.508413], [39.004886, 32.010217], [39.195468, 32.161009], [40.399994, 31.889992], [41.889981, 31.190009], [44.709499, 29.178891], [46.568713, 29.099025], [47.459822, 29.002519], [47.708851, 28.526063], [48.416094, 28.552004], [48.807595, 27.689628], [49.299554, 27.461218], [49.470914, 27.109999], [50.152422, 26.689663], [50.212935, 26.277027], [50.113303, 25.943972], [50.239859, 25.60805], [50.527387, 25.327808], [50.660557, 24.999896], [50.810108, 24.754743], [51.112415, 24.556331], [51.389608, 24.627386], [51.579519, 24.245497]]]}, "properties": {"name": "Saudi Arabia"}, "id": "SAU"}, {"type": "Feature", "geometry": {"type": "Polygon", "coordinates": [[[36.42951, 14.42211], [36.27022, 13.56333], [35.86363, 12.57828], [35.26049, 12.08286], [34.83163, 11.31896], [34.73115, 10.91017], [34.25745, 10.63009], [33.96162, 9.58358], [33.963393, 9.464285], [33.96339279795152, 9.464285028864486], [33.824963, 9.484061], [33.842131, 9.981915], [33.721959, 10.325262], [33.206938, 10.720112], [33.086766, 11.441141], [33.206938, 12.179338], [32.743419, 12.248008], [32.67475, 12.024832], [32.073892, 11.97333], [32.314235, 11.681484], [32.400072, 11.080626], [31.850716, 10.531271], [31.352862, 9.810241], [30.837841, 9.707237], [29.996639, 10.290927], [29.618957, 10.084919], [29.515953, 9.793074], [29.000932, 9.604232], [28.966597, 9.398224], [27.97089, 9.398224], [27.833551, 9.604232], [27.112521, 9.638567], [26.752006, 9.466893], [26.477328, 9.55273], [25.962307, 10.136421], [25.790633, 10.411099], [25.069604, 10.27376], [24.794926, 9.810241], [24.537415, 8.917538], [24.194068, 8.728696], [23.88698, 8.61973], [23.805813, 8.666319], [23.459013, 8.954286], [23.394779, 9.265068], [23.55725, 9.681218], [23.554304, 10.089255], [22.977544, 10.714463], [22.864165, 11.142395], [22.87622, 11.38461], [22.50869, 11.67936], [22.49762, 12.26024], [22.28801, 12.64605], [21.93681, 12.58818], [22.03759, 12.95546], [22.29658, 13.37232], [22.18329, 13.78648], [22.51202, 14.09318], [22.30351, 14.32682], [22.56795, 14.94429], [23.02459, 15.68072], [23.88689, 15.61084], [23.83766, 19.58047], [23.85, 20], [25, 20.00304], [25, 22], [29.02, 22], [32.9, 22], [36.86623, 22], [37.18872, 21.01885], [36.96941, 20.83744], [37.1147, 19.80796], [37.48179, 18.61409], [37.86276, 18.36786], [38.41009, 17.998307], [37.904, 17.42754], [37.16747, 17.26314], [36.85253, 16.95655], [36.75389, 16.29186], [36.32322, 14.82249], [36.42951, 14.42211]]]}, "properties": {"name": "Sudan"}, "id": "SDN"}, {"type": "Feature", "geometry": {"type": "Polygon", "coordinates": [[[27.374226, 5.233944], [27.213409, 5.550953], [26.465909, 5.946717], [26.213418, 6.546603], [25.796648, 6.979316], [25.124131, 7.500085], [25.114932, 7.825104], [24.567369, 8.229188], [23.88698, 8.61973], [24.194068, 8.728696], [24.537415, 8.917538], [24.794926, 9.810241], [25.069604, 10.27376], [25.790633, 10.411099], [25.962307, 10.136421], [26.477328, 9.55273], [26.752006, 9.466893], [27.112521, 9.638567], [27.833551, 9.604232], [27.97089, 9.398224], [28.966597, 9.398224], [29.000932, 9.604232], [29.515953, 9.793074], [29.618957, 10.084919], [29.996639, 10.290927], [30.837841, 9.707237], [31.352862, 9.810241], [31.850716, 10.531271], [32.400072, 11.080626], [32.314235, 11.681484], [32.073892, 11.97333], [32.67475, 12.024832], [32.743419, 12.248008], [33.206938, 12.179338], [33.086766, 11.441141], [33.206938, 10.720112], [33.721959, 10.325262], [33.842131, 9.981915], [33.824963, 9.484061], [33.96339279795152, 9.464285028864486], [33.97498, 8.68456], [33.8255, 8.37916], [33.2948, 8.35458], [32.95418, 7.78497], [33.56829, 7.71334], [34.0751, 7.22595], [34.25032, 6.82607], [34.70702, 6.59422], [35.298007, 5.506], [34.620196, 4.847123], [34.005, 4.249885], [33.39, 3.79], [32.68642, 3.79232], [31.88145, 3.55827], [31.24556, 3.7819], [30.833852503694974, 3.5091716585284063], [29.9535, 4.173699], [29.715995, 4.600805], [29.159078, 4.389267], [28.696678, 4.455077], [28.428994, 4.287155], [27.979977, 4.408413], [27.374226, 5.233944]]]}, "properties": {"name": "South Sudan"}, "id": "SDS"}, {"type": "Feature", "geometry": {"type": "Polygon", "coordinates": [[[-11.513943, 12.442988], [-11.658301, 12.386583], [-12.203565, 12.465648], [-12.278599, 12.35444], [-12.499051, 12.33209], [-13.217818, 12.575874], [-13.700476, 12.586183], [-15.548477, 12.62817], [-15.816574, 12.515567], [-16.147717, 12.547762], [-16.677452, 12.384852], [-16.841525, 13.151394], [-15.931296, 13.130284], [-15.691001, 13.270353], [-15.511813, 13.27857], [-15.141163, 13.509512], [-14.712197, 13.298207], [-14.277702, 13.280585], [-13.844963, 13.505042], [-14.046992, 13.794068], [-14.376714, 13.62568], [-14.687031, 13.630357], [-15.081735, 13.876492], [-15.39877, 13.860369], [-15.624596, 13.623587], [-16.713729, 13.594959], [-17.126107, 14.373516], [-17.625043, 14.729541], [-17.185173, 14.919477], [-16.700706, 15.621527], [-16.463098, 16.135036], [-16.12069, 16.455663], [-15.623666, 16.369337], [-15.135737, 16.587282], [-14.577348, 16.598264], [-14.099521, 16.304302], [-13.435738, 16.039383], [-12.830658, 15.303692], [-12.17075, 14.616834], [-12.124887, 13.994727], [-11.927716, 13.422075], [-11.553398, 13.141214], [-11.467899, 12.754519], [-11.513943, 12.442988]]]}, "properties": {"name": "Senegal"}, "id": "SEN"}, {"type": "Feature", "geometry": {"type": "MultiPolygon", "coordinates": [[[[53.48154322315392, -4.742119967672409], [53.46167017817416, -4.754278169637928], [53.46953150554944, -4.7342098121768], [53.48154322315392, -4.742119967672409]]], [[[51.13808641539339, -10.194756166418529], [51.12963915057398, -10.217656554859559], [51.11250048033344, -10.200127259656313], [51.13808641539339, -10.194756166418529]]], [[[52.822949535962294, -6.9298150715375755], [52.81259797444952, -6.953154913061724], [52.79799836646683, -6.924639290781158], [52.822949535962294, -6.9298150715375755]]], [[[53.115918258022646, -6.21311592113733], [53.11059599290522, -6.238213574993836], [53.0873049795014, -6.2275690447589795], [53.115918258022646, -6.21311592113733]]], [[[52.92763702597853, -5.978838599729784], [52.92241241710178, -6.003936253586232], [52.899023747457306, -5.993291723351376], [52.92763702597853, -5.978838599729784]]], [[[51.21191453335257, -10.120439767255903], [51.212109845833965, -10.14622101479722], [51.18613328581128, -10.143974921261417], [51.21191453335257, -10.120439767255903]]], [[[55.35371101336008, -6.163701863349843], [55.360546950208146, -6.18909248592837], [55.32910164070702, -6.172637409372669], [55.35371101336008, -6.163701863349843]]], [[[53.34345729882281, -5.744317137720486], [53.339844017917414, -5.8121393968774555], [53.32773464407225, -5.78821361790915], [53.34345729882281, -5.744317137720486]]], [[[46.35463960595342, -9.26663125493144], [46.341163044738636, -9.274834379149127], [46.328858358412106, -9.266777739292422], [46.32734468668147, -9.250713287699455], [46.339649373008, -9.243877350851392], [46.35322359046344, -9.250517975218088], [46.35463960595342, -9.26663125493144]]], [[[46.445459909792106, -9.248808991006058], [46.4333993640673, -9.258330474473041], [46.420997021500085, -9.252959381235257], [46.419581006010105, -9.231279695802812], [46.433155223465576, -9.228789461665315], [46.44672944092105, -9.23274453941309], [46.445459909792106, -9.248808991006058]]], [[[55.139648533774675, -5.483428490725771], [55.12246103541381, -5.487334740353219], [55.12983408158564, -5.439873807379456], [55.14116220550531, -5.4417292759524685], [55.139648533774675, -5.483428490725771]]], [[[47.826807434306545, -9.672978872429098], [47.81171954512044, -9.681963246572252], [47.79965899939563, -9.674639028520744], [47.799610171275276, -9.659599967454994], [47.817627747681996, -9.650517937071129], [47.829688293406804, -9.656377311512358], [47.826807434306545, -9.672978872429098]]], [[[56.40156247592918, -7.014434204092652], [56.38408200884626, -7.0309869368890645], [56.37416990041655, -7.025518187410626], [56.37626950959131, -7.008965454614213], [56.389355445843336, -6.991338503170255], [56.3992187261527, -6.990264284522709], [56.40156247592918, -7.014434204092652]]], [[[47.683594557339404, -9.68855504281862], [47.66103596574075, -9.69612340147188], [47.651953935356886, -9.682695668377448], [47.66088948137971, -9.663213248360421], [47.67148518349424, -9.661748404750085], [47.68349690109869, -9.669072622801593], [47.683594557339404, -9.68855504281862]]], [[[55.36562507472388, -4.28469813629556], [55.34013679590461, -4.293975479160849], [55.334082108982045, -4.257256732662597], [55.36123054389296, -4.257842670106697], [55.36562507472388, -4.28469813629556]]], [[[53.207226843064774, -6.107647181195603], [53.19423856305343, -6.131475303923196], [53.16523465956945, -6.107061243751502], [53.18652372003916, -6.090166714112684], [53.207226843064774, -6.107647181195603]]], [[[55.418652413416794, -6.058623748370849], [55.407324289497126, -6.083330777264621], [55.380859448270996, -6.077227262221697], [55.39687507174364, -6.042461640537169], [55.418652413416794, -6.058623748370849]]], [[[53.79575217756363, -5.588360121343669], [53.768457258291676, -5.590948011721878], [53.77753928867554, -5.548028093940047], [53.80146506764379, -5.561406998914151], [53.79575217756363, -5.588360121343669]]], [[[47.77636798599184, -9.560869508120675], [47.75693439409517, -9.567021851283926], [47.74628986386031, -9.561064820602041], [47.74316486415833, -9.546172243897331], [47.749268379201254, -9.535674198023457], [47.764258612146676, -9.534014041931812], [47.78081134494309, -9.538506229003417], [47.783887516524715, -9.545976931415908], [47.77636798599184, -9.560869508120675]]], [[[47.83335040243256, -10.070683912625952], [47.815332826025866, -10.079668286769163], [47.7957039216478, -10.07527375593827], [47.79267657818653, -10.061894850964165], [47.79707110901742, -10.049834305239358], [47.834668761681826, -10.042412430947138], [47.84233477657574, -10.054131179829596], [47.83335040243256, -10.070683912625952]]], [[[55.30571297106255, -4.418291873555063], [55.28476570743521, -4.43606530936006], [55.260546959744914, -4.420342654609499], [55.26806649027779, -4.393975469624081], [55.295605550151464, -4.392608282254457], [55.30571297106255, -4.418291873555063]]], [[[53.331396753098005, -5.22981523366218], [53.30903347398072, -5.245928513375532], [53.285595976215916, -5.227080858922989], [53.29638699081178, -5.201543751983365], [53.323828394444774, -5.203252736195395], [53.331396753098005, -5.22981523366218]]], [[[52.9381838999727, -6.123760460908954], [52.9117190587466, -6.131377647682484], [52.895605779033275, -6.10881905608386], [52.914502261606145, -6.085381558319057], [52.93994171230506, -6.096172572914895], [52.9381838999727, -6.123760460908954]]], [[[53.324219019407536, -5.636944101085362], [53.30561550555669, -5.657549567870262], [53.2792971486916, -5.648906990569515], [53.28525417937351, -5.611455822266123], [53.31298855172855, -5.611455822266123], [53.324219019407536, -5.636944101085362]]], [[[53.11401396132925, -5.8504206432266415], [53.10537138402847, -5.876787828212059], [53.068017871965765, -5.870977281891214], [53.068017871965765, -5.843096425175133], [53.09335966642399, -5.831719473135138], [53.11401396132925, -5.8504206432266415]]], [[[56.09912109852223, -4.60300865281414], [56.0739746165454, -4.614776229816869], [56.052734384196015, -4.582549670390222], [56.07333985098094, -4.563799672178391], [56.09882812980018, -4.575030139857347], [56.09912109852223, -4.60300865281414]]], [[[55.80673831390604, -3.724053658512787], [55.76025394333914, -3.731475532805007], [55.755273475064115, -3.703692332329638], [55.77685550425588, -3.6858212402839285], [55.802929720519245, -3.6961239736763787], [55.80673831390604, -3.724053658512787]]], [[[53.663330315192354, -5.5994929327819705], [53.635400630355946, -5.5998347296243765], [53.62109399109531, -5.575713638174761], [53.6621584403041, -5.550908953040334], [53.67680687640711, -5.57488356012891], [53.663330315192354, -5.5994929327819705]]], [[[56.32480467074939, -7.051006466229865], [56.29404295493305, -7.065361933610802], [56.2818359248472, -7.0346490459148185], [56.287207018084956, -7.012725219880622], [56.30258787599314, -7.003838501978123], [56.332421857522945, -7.027910765307411], [56.32480467074939, -7.051006466229865]]], [[[47.63632893684701, -9.58997106784534], [47.61831136044029, -9.593047239426937], [47.60473714298482, -9.588652708596044], [47.595606284480596, -9.573662475650622], [47.59853597170121, -9.554228883753979], [47.612012532916, -9.543682009759777], [47.62861409383274, -9.542119509908787], [47.64677815460047, -9.552568727662276], [47.648389482571815, -9.56897497609765], [47.63632893684701, -9.58997106784534]]], [[[52.76132844808896, -7.064775996166702], [52.73584016926969, -7.085772087914336], [52.71025423420977, -7.074150995272646], [52.70654329706366, -7.046221310436181], [52.728222982496135, -7.028350218390528], [52.75488313620363, -7.037334592533739], [52.76132844808896, -7.064775996166702]]], [[[53.45078150733758, -4.903741046009031], [53.422656510019806, -4.906182452026201], [53.40527369917754, -4.870147299212817], [53.42446315047249, -4.849444176187205], [53.452441663429255, -4.853643394536732], [53.464746349755785, -4.879131673355971], [53.45078150733758, -4.903741046009031]]], [[[51.068457515783706, -9.1899711059923], [51.050879392460075, -9.200615636227155], [51.01904345799619, -9.186650793808951], [50.99785205376716, -9.158721108972543], [50.99414111662108, -9.137822673465564], [51.004785646855936, -9.134209392560138], [51.02949267574968, -9.1446097821933], [51.06127978209324, -9.168975014244666], [51.068457515783706, -9.1899711059923]]], [[[46.63798918830608, -9.749004255803754], [46.61489348738368, -9.749150740164794], [46.595850520449744, -9.738408553689226], [46.57670989727515, -9.712969102990314], [46.57929778765333, -9.690068714549284], [46.59692473909729, -9.691338245678196], [46.629590751607026, -9.709990587649372], [46.64731535929167, -9.726103867362667], [46.64873137478165, -9.740947615947107], [46.63798918830608, -9.749004255803754]]], [[[50.79438527629628, -9.327568749119962], [50.737988797299664, -9.341875388380572], [50.73447317263492, -9.317363671968167], [50.75546926438258, -9.299736720524209], [50.77998098079496, -9.275127347871148], [50.80459035344805, -9.271514066965779], [50.81181691525887, -9.299541408042842], [50.79438527629628, -9.327568749119962]]], [[[55.838427764008884, -4.279229386817121], [55.81489261000337, -4.282940323963203], [55.79316409645057, -4.275713762152407], [55.773144567109796, -4.254034076719961], [55.76562503657689, -4.224932516995295], [55.77285159838772, -4.212139549465292], [55.80556643901778, -4.219268455035433], [55.83466799874245, -4.242803609040948], [55.841992216793955, -4.268194231619532], [55.838427764008884, -4.279229386817121]]], [[[51.11938524530186, -8.828935984173313], [51.09130907610441, -8.843047310952556], [51.06650439096998, -8.822100047325193], [51.052295407950055, -8.804717236482986], [51.048730955164984, -8.783672316614968], [51.06630907848859, -8.77307661450044], [51.10859423070596, -8.783428176013274], [51.13330125959973, -8.800810986855481], [51.11938524530186, -8.828935984173313]]], [[[51.2878910886069, -10.094853832195952], [51.262207497306264, -10.107353831003877], [51.235156718636034, -10.098271800620012], [51.22246140734674, -10.0728323499211], [51.23149460961028, -10.045976883732237], [51.25712937279056, -10.033330400563273], [51.284228979581144, -10.042412430947138], [51.29707077523145, -10.067998366007089], [51.2878910886069, -10.094853832195952]]], [[[46.44321381625633, -9.347197653498029], [46.38632905605627, -9.352861715457834], [46.37402436972974, -9.3407523416127], [46.373926713489055, -9.327275780397883], [46.40234467952891, -9.309600000833598], [46.46611420469736, -9.2918265650286], [46.514844668800066, -9.288994534048697], [46.52431732414669, -9.298320705034257], [46.52041107451922, -9.3118460943694], [46.50546966969415, -9.322685937085623], [46.44321381625633, -9.347197653498029]]], [[[50.99902392865542, -9.566435913839825], [50.97080127509693, -9.57283239760477], [50.9443364338708, -9.561553101805487], [50.92929737280505, -9.536992557272754], [50.93237354438668, -9.506914435141198], [50.951855964403705, -9.48567420279187], [50.97998096172148, -9.47996131271168], [51.00644580294761, -9.491728889714409], [51.02099658280994, -9.516435918608181], [51.01816455183001, -9.545000369009074], [50.99902392865542, -9.566435913839825]]], [[[55.632519580520835, -4.70901450207964], [55.60917973899669, -4.738555514887366], [55.567871149186175, -4.703448096360489], [55.49667974972553, -4.568145374888957], [55.502343811685364, -4.526787956958117], [55.525781309450196, -4.520830926276176], [55.56123052481948, -4.5501766266025925], [55.567285211742075, -4.573711780608107], [55.59667974018879, -4.603057480934467], [55.60273442711136, -4.626592634939982], [55.62641606547791, -4.66194419406861], [55.632519580520835, -4.70901450207964]]]]}, "properties": {"name": "Seychelles"}}, {"type": "Feature", "geometry": {"type": "MultiPolygon", "coordinates": [[[[162.119025, -10.482719], [162.398646, -10.826367], [161.700032, -10.820011], [161.319797, -10.204751], [161.917383, -10.446701], [162.119025, -10.482719]]], [[[160.852229, -9.872937], [160.462588, -9.89521], [159.849447, -9.794027], [159.640003, -9.63998], [159.702945, -9.24295], [160.362956, -9.400304], [160.688518, -9.610162], [160.852229, -9.872937]]], [[[161.679982, -9.599982], [161.529397, -9.784312], [160.788253, -8.917543], [160.579997, -8.320009], [160.920028, -8.320009], [161.280006, -9.120011], [161.679982, -9.599982]]], [[[159.875027, -8.33732], [159.917402, -8.53829], [159.133677, -8.114181], [158.586114, -7.754824], [158.21115, -7.421872], [158.359978, -7.320018], [158.820001, -7.560003], [159.640003, -8.020027], [159.875027, -8.33732]]], [[[157.538426, -7.34782], [157.33942, -7.404767], [156.90203, -7.176874], [156.491358, -6.765943], [156.542828, -6.599338], [157.14, -7.021638], [157.538426, -7.34782]]]]}, "properties": {"name": "Solomon Islands"}, "id": "SLB"}, {"type": "Feature", "geometry": {"type": "Polygon", "coordinates": [[[-13.24655, 8.903049], [-12.711958, 9.342712], [-12.596719, 9.620188], [-12.425929, 9.835834], [-12.150338, 9.858572], [-11.917277, 10.046984], [-11.117481, 10.045873], [-10.839152, 9.688246], [-10.622395, 9.26791], [-10.65477, 8.977178], [-10.494315, 8.715541], [-10.505477, 8.348896], [-10.230094, 8.406206], [-10.695595, 7.939464], [-11.146704, 7.396706], [-11.199802, 7.105846], [-11.438779, 6.785917], [-11.708195, 6.860098], [-12.428099, 7.262942], [-12.949049, 7.798646], [-13.124025, 8.163946], [-13.24655, 8.903049]]]}, "properties": {"name": "Sierra Leone"}, "id": "SLE"}, {"type": "Feature", "geometry": {"type": "Polygon", "coordinates": [[[-90.095555, 13.735338], [-90.064678, 13.88197], [-89.721934, 14.134228], [-89.534219, 14.244816], [-89.587343, 14.362586], [-89.353326, 14.424133], [-89.058512, 14.340029], [-88.843073, 14.140507], [-88.541231, 13.980155], [-88.503998, 13.845486], [-88.065343, 13.964626], [-87.859515, 13.893312], [-87.723503, 13.78505], [-87.793111, 13.38448], [-87.904112, 13.149017], [-88.483302, 13.163951], [-88.843228, 13.259734], [-89.256743, 13.458533], [-89.812394, 13.520622], [-90.095555, 13.735338]]]}, "properties": {"name": "El Salvador"}, "id": "SLV"}, {"type": "Feature", "geometry": {"type": "MultiPolygon", "coordinates": [[[[47.56774433422063, 8.001387008281531], [46.962562659078415, 7.99698348917292], [46.82894406847936, 8.040214837681651], [43.920567096520266, 9.095812314008606], [43.912346, 9.102736], [43.884083, 9.122967], [43.866333, 9.142237], [43.842873, 9.156737], [43.804016, 9.197337], [43.770504, 9.218058], [43.761055, 9.231267], [43.735844, 9.245927], [43.724644, 9.259297], [43.709633, 9.269497], [43.682243, 9.279087], [43.666836, 9.305178], [43.653736, 9.316957], [43.628826, 9.335128], [43.624474, 9.346097], [43.597515, 9.360928], [43.581364, 9.378278], [43.569553, 9.384658], [43.554104, 9.389607], [43.546253, 9.400908], [43.534294, 9.405538], [43.496834, 9.408078], [43.492413, 9.421438], [43.482483, 9.435318], [43.466244, 9.440528], [43.455673, 9.447058], [43.447273, 9.457098], [43.415462, 9.476858], [43.405426, 9.510838], [43.387974, 9.525378], [43.379326, 9.541988], [43.367702, 9.557428], [43.355343, 9.564318], [43.356445, 9.577148], [43.345066, 9.595438], [43.335804, 9.604918], [43.317783, 9.629568], [43.306973, 9.637748], [43.301064, 9.652668], [43.298004, 9.667318], [43.288864, 9.678218], [43.287224, 9.692738], [43.274994, 9.701048], [43.272053, 9.717128], [43.274216, 9.725548], [43.274136, 9.741358], [43.264996, 9.752258], [43.263603, 9.769628], [43.256145, 9.783248], [43.249615, 9.791038], [43.249165, 9.802578], [43.251366, 9.828228], [43.237946, 9.839528], [43.231544, 9.848738], [43.222286, 9.858218], [43.213394, 9.871968], [43.199734, 9.880418], [43.167274, 9.887728], [43.158264, 9.900058], [43.142815, 9.904358], [43.136406, 9.913578], [43.098255, 9.921418], [43.092216, 9.934908], [43.081043, 9.938808], [43.078106, 9.954888], [43.065666, 9.977589], [43.062965, 9.996518], [43.052036, 10.003278], [43.040665, 10.021568], [43.026184, 10.037278], [43.021324, 10.047778], [43.012074, 10.057259], [43.004486, 10.069448], [42.993923, 10.080479], [42.970276, 10.089849], [42.966724, 10.098799], [42.953434, 10.111518], [42.937763, 10.130219], [42.908566, 10.158778], [42.883675, 10.186439], [42.856033, 10.225569], [42.839813, 10.266468], [42.819374, 10.290869], [42.804516, 10.314758], [42.785736, 10.358708], [42.775585, 10.404669], [42.749706, 10.449609], [42.736385, 10.498558], [42.715984, 10.531178], [42.704685, 10.574638], [42.706886, 10.618979], [42.721596, 10.660548], [42.740845, 10.685928], [42.767708, 10.734218], [42.796535, 10.791978], [42.897026, 10.924237], [42.933048, 10.958317], [42.942574, 10.983265], [42.952209, 10.98497], [42.961639, 10.98441], [42.985897, 11.021904], [43.00132, 11.051467], [43.016075, 11.073303], [43.036228, 11.107745], [43.082024, 11.178072], [43.088367, 11.190376], [43.125313, 11.247292], [43.141739, 11.275965], [43.156185, 11.296713], [43.158337, 11.302623], [43.161304, 11.305285], [43.195908, 11.360164], [43.199253, 11.366196], [43.194, 11.37079], [43.21394, 11.403248], [43.219517, 11.398431], [43.250816, 11.449642], [43.256733, 11.456826], [43.258129, 11.460972], [43.27264, 11.460972], [43.275417, 11.464026], [43.279026, 11.462638], [43.279305, 11.464026], [43.283749, 11.46486], [43.280972, 11.465417], [43.278194, 11.464026], [43.277637, 11.465973], [43.28653, 11.468195], [43.293472, 11.467361], [43.299583, 11.459306], [43.309307, 11.45986], [43.312084, 11.46486], [43.312916, 11.460694], [43.315693, 11.458194], [43.316807, 11.448471], [43.321251, 11.436807], [43.331528, 11.424306], [43.336807, 11.424862], [43.339306, 11.429028], [43.33847, 11.430972], [43.340973, 11.432916], [43.34903, 11.432916], [43.349583, 11.414029], [43.351528, 11.409307], [43.360416, 11.405138], [43.372082, 11.394027], [43.377918, 11.392917], [43.392639, 11.383751], [43.397362, 11.384861], [43.408474, 11.384307], [43.411251, 11.38236], [43.416805, 11.383751], [43.42514, 11.379306], [43.428196, 11.376806], [43.429306, 11.370971], [43.433472, 11.367083], [43.436249, 11.366805], [43.44875, 11.358195], [43.447083, 11.355973], [43.451805, 11.35375], [43.452084, 11.350694], [43.455696, 11.35125], [43.459862, 11.348472], [43.470696, 11.350138], [43.46875, 11.355138], [43.469028, 11.359305], [43.470696, 11.355973], [43.479305, 11.357917], [43.479027, 11.354304], [43.480972, 11.35236], [43.490417, 11.367083], [43.482082, 11.363471], [43.481251, 11.361251], [43.479584, 11.362639], [43.468472, 11.360973], [43.480141, 11.363471], [43.48875, 11.368749], [43.499584, 11.370418], [43.499306, 11.368196], [43.505138, 11.368471], [43.493195, 11.365693], [43.487915, 11.360695], [43.482918, 11.351528], [43.478748, 11.330973], [43.480972, 11.316806], [43.487362, 11.307361], [43.488472, 11.299028], [43.492085, 11.291528], [43.490696, 11.279029], [43.491528, 11.273472], [43.489861, 11.266806], [43.491249, 11.267084], [43.491806, 11.269862], [43.49514, 11.24375], [43.503193, 11.21986], [43.50264, 11.216806], [43.497082, 11.212084], [43.498196, 11.211528], [43.502361, 11.215138], [43.505974, 11.214028], [43.519028, 11.194582], [43.517639, 11.190138], [43.520416, 11.189028], [43.517918, 11.18764], [43.522915, 11.185972], [43.524307, 11.183472], [43.525696, 11.184862], [43.532082, 11.181806], [43.531528, 11.183472], [43.522915, 11.18736], [43.521252, 11.191528], [43.532917, 11.182918], [43.536804, 11.181527], [43.548473, 11.181527], [43.554028, 11.178473], [43.55875, 11.169583], [43.560974, 11.15625], [43.574585, 11.125693], [43.584862, 11.11125], [43.592083, 11.093195], [43.599861, 11.079306], [43.605141, 11.074027], [43.612083, 11.061529], [43.614655, 11.060191], [43.630138, 11.040695], [43.644585, 11.010695], [43.649307, 11.00375], [43.648472, 10.99875], [43.652916, 10.989305], [43.652637, 10.986805], [43.654026, 10.988751], [43.654026, 10.993749], [43.665138, 10.975972], [43.679585, 10.957083], [43.716805, 10.913471], [43.719582, 10.912083], [43.725418, 10.904029], [43.727917, 10.902639], [43.745972, 10.879305], [43.791527, 10.830417], [43.821529, 10.800695], [43.822083, 10.798749], [43.825974, 10.796805], [43.841805, 10.779862], [43.846558, 10.777115], [43.859859, 10.762363], [43.90625, 10.720417], [43.919304, 10.711529], [43.920418, 10.709307], [43.924026, 10.708194], [43.928749, 10.702638], [43.945137, 10.691805], [43.956528, 10.681528], [43.973194, 10.669583], [44.014584, 10.644862], [44.036251, 10.625972], [44.048752, 10.61875], [44.054863, 10.61764], [44.062084, 10.613471], [44.068474, 10.607917], [44.073193, 10.600972], [44.076805, 10.590137], [44.083195, 10.581527], [44.097637, 10.567916], [44.103748, 10.565416], [44.118473, 10.554583], [44.137917, 10.550417], [44.152084, 10.542362], [44.186527, 10.514584], [44.203472, 10.505139], [44.224861, 10.482084], [44.253471, 10.455974], [44.284027, 10.43375], [44.328194, 10.41236], [44.338749, 10.410416], [44.360695, 10.400415], [44.375416, 10.396805], [44.385139, 10.397361], [44.402084, 10.391805], [44.414028, 10.389861], [44.436527, 10.395973], [44.445972, 10.400139], [44.452915, 10.400415], [44.457638, 10.398749], [44.474861, 10.397361], [44.490696, 10.392639], [44.497917, 10.393195], [44.508194, 10.389861], [44.519585, 10.389304], [44.526806, 10.386528], [44.53653, 10.388751], [44.548752, 10.382362], [44.569027, 10.378194], [44.584026, 10.379584], [44.591526, 10.37875], [44.60014, 10.380972], [44.609859, 10.380416], [44.621529, 10.384028], [44.633194, 10.38486], [44.644585, 10.387638], [44.64986, 10.390139], [44.647915, 10.392361], [44.653751, 10.395973], [44.669304, 10.401806], [44.694862, 10.407638], [44.722363, 10.410138], [44.748196, 10.418195], [44.788193, 10.412916], [44.796806, 10.413194], [44.800972, 10.415973], [44.808193, 10.414029], [44.818195, 10.415695], [44.846806, 10.408472], [44.884304, 10.403472], [44.902084, 10.40375], [44.908749, 10.406528], [44.931252, 10.40625], [44.935417, 10.407916], [44.945972, 10.408472], [44.977638, 10.422083], [44.981529, 10.426249], [44.986805, 10.427083], [44.991528, 10.430694], [44.989582, 10.43625], [44.992916, 10.431806], [44.998196, 10.43264], [44.99736, 10.43625], [44.994305, 10.435138], [44.993195, 10.436528], [44.997639, 10.440138], [45.001804, 10.439028], [44.998474, 10.437084], [44.999863, 10.434028], [45.003471, 10.434584], [45.00486, 10.43736], [45.003193, 10.440694], [45.005974, 10.439028], [45.007916, 10.443195], [45.005974, 10.444861], [45.005974, 10.450693], [45.003193, 10.452361], [44.995972, 10.450417], [44.994862, 10.447917], [44.992085, 10.450139], [44.990696, 10.447639], [44.981804, 10.443473], [44.982082, 10.440972], [44.980141, 10.441807], [44.979584, 10.444305], [44.982918, 10.447639], [45.010693, 10.458194], [45.017918, 10.462638], [45.039028, 10.468751], [45.053749, 10.476529], [45.062637, 10.482918], [45.073193, 10.496251], [45.085972, 10.507639], [45.102638, 10.510418], [45.106529, 10.512916], [45.117363, 10.51264], [45.120693, 10.514306], [45.141251, 10.516528], [45.151249, 10.52125], [45.167641, 10.532917], [45.181805, 10.539028], [45.18375, 10.541528], [45.191528, 10.54125], [45.196529, 10.544028], [45.200974, 10.543472], [45.209583, 10.548472], [45.211529, 10.547916], [45.21875, 10.551529], [45.223751, 10.555695], [45.229305, 10.556805], [45.229027, 10.558195], [45.236252, 10.562362], [45.239861, 10.568472], [45.25375, 10.580973], [45.261806, 10.591528], [45.267918, 10.604029], [45.270695, 10.605695], [45.274307, 10.611527], [45.295696, 10.628472], [45.305138, 10.639583], [45.315971, 10.656807], [45.324028, 10.662361], [45.334305, 10.664029], [45.351807, 10.660417], [45.37014, 10.661805], [45.39764, 10.658195], [45.418194, 10.659305], [45.428749, 10.662083], [45.447639, 10.661805], [45.465694, 10.665695], [45.473194, 10.671806], [45.474861, 10.677638], [45.478748, 10.681528], [45.489861, 10.685973], [45.502361, 10.688195], [45.510971, 10.687639], [45.517918, 10.690973], [45.52264, 10.695139], [45.524029, 10.702362], [45.529583, 10.70736], [45.537918, 10.70736], [45.551529, 10.711529], [45.574028, 10.722361], [45.577362, 10.72875], [45.57486, 10.735138], [45.586807, 10.746805], [45.592918, 10.75625], [45.592339, 10.760152], [45.594028, 10.762082], [45.601807, 10.765417], [45.613472, 10.764029], [45.626251, 10.766251], [45.64986, 10.776805], [45.659584, 10.777918], [45.673195, 10.783472], [45.679585, 10.786806], [45.687363, 10.795417], [45.689304, 10.795417], [45.69236, 10.802083], [45.696251, 10.802639], [45.700695, 10.807362], [45.704304, 10.806528], [45.705917, 10.809935], [45.718746, 10.818208], [45.739307, 10.825417], [45.749027, 10.827361], [45.757362, 10.832362], [45.762085, 10.841528], [45.760693, 10.846529], [45.761528, 10.851249], [45.770138, 10.858193], [45.776527, 10.860415], [45.800972, 10.862918], [45.801529, 10.866528], [45.804863, 10.86875], [45.812363, 10.860972], [45.816807, 10.859584], [45.826248, 10.850417], [45.844307, 10.840694], [45.847084, 10.840416], [45.857082, 10.832362], [45.858196, 10.830139], [45.854584, 10.821251], [45.855694, 10.819582], [45.857639, 10.820417], [45.859585, 10.816528], [45.863194, 10.816528], [45.864307, 10.819582], [45.866249, 10.820417], [45.868473, 10.818194], [45.87236, 10.817916], [45.875973, 10.814584], [45.878193, 10.814862], [45.875137, 10.820139], [45.872082, 10.820417], [45.87014, 10.823473], [45.86264, 10.823473], [45.862083, 10.830971], [45.864861, 10.830139], [45.869862, 10.831527], [45.87347, 10.834584], [45.888748, 10.827361], [45.90514, 10.822639], [45.923473, 10.813472], [45.950138, 10.793473], [45.955418, 10.791804], [45.964306, 10.784584], [45.977917, 10.77764], [45.997082, 10.778749], [46.015972, 10.775974], [46.066528, 10.76486], [46.100693, 10.764029], [46.117916, 10.76486], [46.135693, 10.768751], [46.150696, 10.770139], [46.165695, 10.775139], [46.190971, 10.777918], [46.202084, 10.781806], [46.222084, 10.78014], [46.228195, 10.780972], [46.230972, 10.783472], [46.234306, 10.783194], [46.257916, 10.771249], [46.274307, 10.758472], [46.287918, 10.745973], [46.330971, 10.699028], [46.345139, 10.690973], [46.356804, 10.686529], [46.368195, 10.687361], [46.38681, 10.685708], [46.394562, 10.682919], [46.409027, 10.680972], [46.415974, 10.681806], [46.422085, 10.680138], [46.422916, 10.681528], [46.44125, 10.68236], [46.472363, 10.690417], [46.528473, 10.715417], [46.589027, 10.72875], [46.614582, 10.728472], [46.652637, 10.740139], [46.670696, 10.748749], [46.689304, 10.762363], [46.699306, 10.765973], [46.700695, 10.768195], [46.709026, 10.769861], [46.711529, 10.772361], [46.717918, 10.774861], [46.719582, 10.778193], [46.724583, 10.782084], [46.744583, 10.789306], [46.756248, 10.796805], [46.768749, 10.800139], [46.777363, 10.80514], [46.782917, 10.81125], [46.812408, 10.824314], [46.820416, 10.834862], [46.82486, 10.835694], [46.833752, 10.840694], [46.840973, 10.846804], [46.844582, 10.852917], [46.858196, 10.854861], [46.868195, 10.859862], [46.871807, 10.862918], [46.873749, 10.867084], [46.877361, 10.868472], [46.885971, 10.875973], [46.889584, 10.883749], [46.89875, 10.893472], [46.90097, 10.894862], [46.915138, 10.895694], [46.921249, 10.897638], [46.92625, 10.901807], [46.930973, 10.91625], [46.943195, 10.914306], [46.955696, 10.91625], [46.965137, 10.91875], [46.967918, 10.921528], [46.96875, 10.92486], [46.982918, 10.925694], [46.986805, 10.928751], [46.990417, 10.929307], [47.007362, 10.955139], [47.008194, 10.960695], [47.015694, 10.964027], [47.021252, 10.964305], [47.029305, 10.962361], [47.043751, 10.963473], [47.047916, 10.965693], [47.050415, 10.969028], [47.054028, 10.969862], [47.05986, 10.974028], [47.062363, 10.973472], [47.063473, 10.975138], [47.067081, 10.974584], [47.075695, 10.97736], [47.077641, 10.976806], [47.082638, 10.979304], [47.085415, 10.983195], [47.09264, 10.984305], [47.099304, 10.987639], [47.102917, 10.990973], [47.108471, 11.00125], [47.109585, 11.011805], [47.11375, 11.02125], [47.119583, 11.026528], [47.133194, 11.03236], [47.144028, 11.044861], [47.146805, 11.060695], [47.149029, 11.064029], [47.165138, 11.068471], [47.169304, 11.071249], [47.181526, 11.074027], [47.185139, 11.07625], [47.202084, 11.080416], [47.21236, 11.086804], [47.222084, 11.089583], [47.230694, 11.094027], [47.243195, 11.105416], [47.262085, 11.117083], [47.271805, 11.119583], [47.291527, 11.130418], [47.30014, 11.130418], [47.30875, 11.132916], [47.320694, 11.140138], [47.32486, 11.144583], [47.33736, 11.148195], [47.341526, 11.151249], [47.373474, 11.159862], [47.380695, 11.162916], [47.392361, 11.170695], [47.409584, 11.174583], [47.411251, 11.177917], [47.417915, 11.178193], [47.432919, 11.174305], [47.444027, 11.174305], [47.450974, 11.175139], [47.451248, 11.177361], [47.453472, 11.178473], [47.463749, 11.178749], [47.474861, 11.181527], [47.491249, 11.181806], [47.506527, 11.184028], [47.530972, 11.183472], [47.538471, 11.181806], [47.548473, 11.177361], [47.560139, 11.169583], [47.579304, 11.152361], [47.615971, 11.126527], [47.629581, 11.115139], [47.635693, 11.115139], [47.641251, 11.11236], [47.654026, 11.103194], [47.666527, 11.097639], [47.668194, 11.095417], [47.698471, 11.089861], [47.717361, 11.095695], [47.723751, 11.099861], [47.730141, 11.10014], [47.744026, 11.10736], [47.75375, 11.109306], [47.764305, 11.115139], [47.792362, 11.119305], [47.795696, 11.122917], [47.805138, 11.118195], [47.814583, 11.118473], [47.83847, 11.115417], [47.858749, 11.115417], [47.870693, 11.113194], [47.890141, 11.114582], [47.897915, 11.117083], [47.90514, 11.122361], [47.912083, 11.123749], [47.917084, 11.127362], [47.948193, 11.115973], [47.960972, 11.11486], [47.984028, 11.118195], [48.002083, 11.118749], [48.018749, 11.117361], [48.027637, 11.119583], [48.035137, 11.119029], [48.052639, 11.127915], [48.079304, 11.125693], [48.094582, 11.130972], [48.114029, 11.127362], [48.139305, 11.125693], [48.156528, 11.132362], [48.167915, 11.140694], [48.17514, 11.147917], [48.181526, 11.151805], [48.190693, 11.161528], [48.193195, 11.162084], [48.19986, 11.16992], [48.200138, 11.172083], [48.202641, 11.173195], [48.21125, 11.182918], [48.228748, 11.192916], [48.233196, 11.198749], [48.233471, 11.201251], [48.23875, 11.205693], [48.252361, 11.209584], [48.27375, 11.211806], [48.305416, 11.222639], [48.320416, 11.233749], [48.322361, 11.239306], [48.328472, 11.242084], [48.332916, 11.24625], [48.34486, 11.260971], [48.349304, 11.26375], [48.354584, 11.270138], [48.361252, 11.272084], [48.377083, 11.272638], [48.383751, 11.274304], [48.394859, 11.283195], [48.400139, 11.284305], [48.412361, 11.284861], [48.443474, 11.281805], [48.475693, 11.285139], [48.48764, 11.290693], [48.492363, 11.29514], [48.499863, 11.297916], [48.513748, 11.307361], [48.52597, 11.310417], [48.564304, 11.310417], [48.578751, 11.308751], [48.579861, 11.306529], [48.581528, 11.309027], [48.597363, 11.308473], [48.615417, 11.312361], [48.633194, 11.32014], [48.645138, 11.320416], [48.649307, 11.323472], [48.654583, 11.32375], [48.658196, 11.325694], [48.66486, 11.322084], [48.674026, 11.320972], [48.690418, 11.314583], [48.695137, 11.314027], [48.700138, 11.310973], [48.776249, 11.291528], [48.799862, 11.280973], [48.815693, 11.275973], [48.831249, 11.267084], [48.863194, 11.256805], [48.868752, 11.253749], [48.868752, 11.250417], [48.872917, 11.252083], [48.882916, 11.247916], [48.889305, 11.245972], [48.893749, 11.24625], [48.897083, 11.243472], [48.906528, 11.241528], [48.922916, 11.24014], [48.935139, 11.24125], [48.955139, 11.240416], [48.979305, 11.244028], [48.983749, 11.24625], [48.99514, 11.248473], [49.008751, 11.255139], [49.02597, 11.258473], [49.031807, 11.258749], [49.034027, 11.252083], [49.040417, 11.247638], [49.035137, 11.254583], [49.034863, 11.259305], [49.062084, 11.267916], [49.097084, 11.274028], [49.107918, 11.277361], [49.133751, 11.279583], [49.147083, 11.283473], [49.163471, 11.285693], [49.170696, 11.289584], [49.177639, 11.287361], [49.180695, 11.289306], [49.177639, 11.292362], [49.181252, 11.292084], [49.18375, 11.289862], [49.189026, 11.290418], [49.189304, 11.291528], [49.210415, 11.294306], [49.212639, 11.297638], [49.228474, 11.298472], [49.251804, 11.303473], [49.268471, 11.309305], [49.275417, 11.313195], [49.286804, 11.322916], [49.292362, 11.325416], [49.302361, 11.337083], [49.30986, 11.334305], [49.328751, 11.331529], [49.356804, 11.332639], [49.385971, 11.330973], [49.421528, 11.335971], [49.434307, 11.340139], [49.445416, 11.346806], [49.446804, 11.349862], [49.446251, 11.35375], [49.449028, 11.358195], [49.462917, 11.359305], [49.471806, 11.363751], [49.473751, 11.365973], [49.475693, 11.375416], [49.489307, 11.375416], [49.508472, 11.381807], [49.527084, 11.402362], [49.552082, 11.446527], [49.555138, 11.449027], [49.558472, 11.45014], [49.561249, 11.449305], [49.571529, 11.454028], [49.578472, 11.45375], [49.580971, 11.45625], [49.584305, 11.45486], [49.595974, 11.455694], [49.601807, 11.454306], [49.603748, 11.457638], [49.607918, 11.459028], [49.619862, 11.455694], [49.62764, 11.457084], [49.634304, 11.460416], [49.645695, 11.45875], [49.653473, 11.459584], [49.661251, 11.462082], [49.670971, 11.469027], [49.675415, 11.470417], [49.680695, 11.477918], [49.683193, 11.479028], [49.687637, 11.478193], [49.689304, 11.479584], [49.692917, 11.478471], [49.694027, 11.48014], [49.720417, 11.467639], [49.724583, 11.468473], [49.729027, 11.467361], [49.740139, 11.462082], [49.75375, 11.45875], [49.774029, 11.458472], [49.800415, 11.460694], [49.827641, 11.46014], [49.859306, 11.468473], [49.869862, 11.474583], [49.879581, 11.477362], [49.917915, 11.504305], [49.929863, 11.495695], [49.93597, 11.495973], [49.937916, 11.494305], [49.939026, 11.485138], [49.94236, 11.483472], [49.939304, 11.487638], [49.939026, 11.495417], [49.926529, 11.499305], [49.92514, 11.505137], [49.926529, 11.507916], [49.934307, 11.509584], [49.935974, 11.512362], [49.940693, 11.512638], [49.946251, 11.515694], [49.962639, 11.510416], [50.002644, 11.502361], [50.009304, 11.502083], [50.015415, 11.504584], [50.028473, 11.503749], [50.034027, 11.505418], [50.040974, 11.50514], [50.046249, 11.507084], [50.048473, 11.504305], [50.057362, 11.504305], [50.062363, 11.507362], [50.071251, 11.505418], [50.079861, 11.511806], [50.089584, 11.516807], [50.09375, 11.51736], [50.094582, 11.519861], [50.097084, 11.520139], [50.09903, 11.522639], [50.104862, 11.522917], [50.106251, 11.525695], [50.107361, 11.524861], [50.107639, 11.527639], [50.120693, 11.534306], [50.12125, 11.537084], [50.124584, 11.540416], [50.135971, 11.540416], [50.139584, 11.543194], [50.143471, 11.543194], [50.145695, 11.545138], [50.146526, 11.549307], [50.151249, 11.551805], [50.193474, 11.562916], [50.209862, 11.564862], [50.216251, 11.567916], [50.21875, 11.566528], [50.226807, 11.574305], [50.227085, 11.577083], [50.231804, 11.576805], [50.234585, 11.579861], [50.236526, 11.578195], [50.247917, 11.579029], [50.252083, 11.582361], [50.264027, 11.584583], [50.269306, 11.587916], [50.269859, 11.590138], [50.279583, 11.59625], [50.285973, 11.602639], [50.287083, 11.606527], [50.291805, 11.607083], [50.294029, 11.612362], [50.296249, 11.612637], [50.297916, 11.615694], [50.302361, 11.617918], [50.305138, 11.616806], [50.310974, 11.617638], [50.321529, 11.62236], [50.323471, 11.621806], [50.350971, 11.636527], [50.364582, 11.641528], [50.368752, 11.645694], [50.37875, 11.649582], [50.386806, 11.655695], [50.415695, 11.664027], [50.444584, 11.681805], [50.46764, 11.702916], [50.485416, 11.721528], [50.498196, 11.738195], [50.503471, 11.749028], [50.509583, 11.757082], [50.522915, 11.786251], [50.522083, 11.787639], [50.519859, 11.787085], [50.520695, 11.791805], [50.522362, 11.793473], [50.525139, 11.792361], [50.526249, 11.796251], [50.529305, 11.797361], [50.529861, 11.80375], [50.535137, 11.810416], [50.535973, 11.814861], [50.534863, 11.819027], [50.53764, 11.820973], [50.539585, 11.828196], [50.53875, 11.834584], [50.526806, 11.799583], [50.52486, 11.798474], [50.53653, 11.834584], [50.539028, 11.849583], [50.545139, 11.870139], [50.554028, 11.886806], [50.555973, 11.887362], [50.55764, 11.890694], [50.572083, 11.905693], [50.592083, 11.920973], [50.604862, 11.928195], [50.619305, 11.929027], [50.626251, 11.932361], [50.627361, 11.936528], [50.625694, 11.939584], [50.626251, 11.940694], [50.62764, 11.939862], [50.627083, 11.941528], [50.630138, 11.943472], [50.642918, 11.942916], [50.671528, 11.936528], [50.680138, 11.93625], [50.69125, 11.939862], [50.703194, 11.947916], [50.724583, 11.958195], [50.75264, 11.964584], [50.765694, 11.971528], [50.77317, 11.977914], [50.77486, 11.975695], [50.779583, 11.976251], [50.780418, 11.979027], [50.784306, 11.979027], [50.78653, 11.980139], [50.78653, 11.981805], [50.785137, 11.982917], [50.78236, 11.981529], [50.781528, 11.984305], [50.780972, 11.980677], [50.778194, 11.977639], [50.772083, 11.980695], [50.775139, 11.981249], [50.77597, 11.983195], [50.774307, 11.983471], [50.775417, 11.984861], [50.787083, 11.985417], [50.787361, 11.986805], [50.775139, 11.985973], [50.769028, 11.978195], [50.762917, 11.97375], [50.773193, 11.986249], [50.773193, 11.987918], [50.785694, 11.989306], [50.789028, 11.987918], [50.795139, 11.988193], [50.80125, 11.985139], [50.81736, 11.972638], [50.814861, 11.964584], [50.806805, 11.961249], [50.813751, 11.96264], [50.820137, 11.970416], [50.84903, 11.949861], [50.848751, 11.945694], [50.845696, 11.940416], [50.85125, 11.948751], [50.861805, 11.945972], [50.87986, 11.944582], [50.897083, 11.940972], [50.922359, 11.932083], [50.953194, 11.926529], [50.965694, 11.921529], [50.97514, 11.91986], [50.997082, 11.905139], [51.017918, 11.894585], [51.048752, 11.874861], [51.052917, 11.875139], [51.055973, 11.872404], [51.068474, 11.870417], [51.072639, 11.874305], [51.089863, 11.870695], [51.103195, 11.870695], [51.106804, 11.872639], [51.119591, 11.870918], [51.132916, 11.873749], [51.145416, 11.872917], [51.186249, 11.850417], [51.194862, 11.848195], [51.201248, 11.848749], [51.209026, 11.846249], [51.214863, 11.846249], [51.225693, 11.839028], [51.228195, 11.839307], [51.238472, 11.83486], [51.25264, 11.837916], [51.259029, 11.841804], [51.273472, 11.842639], [51.279583, 11.840973], [51.288193, 11.834028], [51.28875, 11.821527], [51.285973, 11.814585], [51.285694, 11.809028], [51.276527, 11.789583], [51.274307, 11.788473], [51.273472, 11.784582], [51.271805, 11.784028], [51.267639, 11.77514], [51.260975, 11.767409], [51.258194, 11.754306], [51.258751, 11.749028], [51.260693, 11.747362], [51.258751, 11.744027], [51.259583, 11.735139], [51.254307, 11.72764], [51.254581, 11.725694], [51.250416, 11.722916], [51.247082, 11.716251], [51.249584, 11.705138], [51.253193, 11.697638], [51.25486, 11.696806], [51.256248, 11.691805], [51.256805, 11.679029], [51.25375, 11.674584], [51.25375, 11.671528], [51.248978, 11.668219], [51.24847, 11.663471], [51.244583, 11.660139], [51.241528, 11.65125], [51.239582, 11.649028], [51.234859, 11.64764], [51.227638, 11.64014], [51.227917, 11.637361], [51.224861, 11.633193], [51.224583, 11.628473], [51.217918, 11.625695], [51.214027, 11.62125], [51.211807, 11.620972], [51.207916, 11.61625], [51.204029, 11.614306], [51.201527, 11.609861], [51.195694, 11.605695], [51.194584, 11.603751], [51.195416, 11.599304], [51.192638, 11.594584], [51.182083, 11.587084], [51.178196, 11.580417], [51.172085, 11.575139], [51.171249, 11.571529], [51.164307, 11.566806], [51.16375, 11.562084], [51.139027, 11.522639], [51.135693, 11.514304], [51.124584, 11.500417], [51.122082, 11.489863], [51.124863, 11.484582], [51.124584, 11.479584], [51.127918, 11.467917], [51.127918, 11.454306], [51.125694, 11.448749], [51.125973, 11.444583], [51.120419, 11.427084], [51.118473, 11.415695], [51.115696, 11.410416], [51.114582, 11.401528], [51.109859, 11.394861], [51.103474, 11.377638], [51.096249, 11.365693], [51.094028, 11.354585], [51.083195, 11.32736], [51.081528, 11.317918], [51.082085, 11.292084], [51.077915, 11.271806], [51.077362, 11.239862], [51.080418, 11.216806], [51.086807, 11.196526], [51.094582, 11.180418], [51.10125, 11.170695], [51.109028, 11.164028], [51.110695, 11.160694], [51.123196, 11.157084], [51.159863, 11.151527], [51.141251, 11.151249], [51.137085, 11.153196], [51.118752, 11.154027], [51.107082, 11.16125], [51.104027, 11.16125], [51.103748, 11.159862], [51.114307, 11.153749], [51.114582, 11.150417], [51.119305, 11.146805], [51.139862, 11.138194], [51.147915, 11.138472], [51.150417, 11.142639], [51.154583, 11.145139], [51.16486, 11.145973], [51.170418, 11.148751], [51.175694, 11.154584], [51.183472, 11.144305], [51.181526, 11.136528], [51.178196, 11.132916], [51.175415, 11.124305], [51.164028, 11.10764], [51.153751, 11.084306], [51.14986, 11.079028], [51.143749, 11.05986], [51.140694, 11.055138], [51.133194, 11.034582], [51.127361, 11.010695], [51.12125, 10.970138], [51.120693, 10.934583], [51.119583, 10.931529], [51.120693, 10.930695], [51.121529, 10.897638], [51.125694, 10.875973], [51.129307, 10.81625], [51.12875, 10.807084], [51.132084, 10.778749], [51.131805, 10.737638], [51.130417, 10.734582], [51.129028, 10.713195], [51.130974, 10.685695], [51.134583, 10.672916], [51.136806, 10.672084], [51.139305, 10.667639], [51.144028, 10.666527], [51.148193, 10.662361], [51.147915, 10.658751], [51.146526, 10.659305], [51.145973, 10.662917], [51.142082, 10.665989], [51.139862, 10.665971], [51.144306, 10.662917], [51.142639, 10.659583], [51.147915, 10.65736], [51.145973, 10.654306], [51.14764, 10.65375], [51.14764, 10.644584], [51.151249, 10.623194], [51.161251, 10.595418], [51.170418, 10.582083], [51.170696, 10.57125], [51.169582, 10.567916], [51.158749, 10.56375], [51.124027, 10.560695], [51.12347, 10.558473], [51.114582, 10.556805], [51.109028, 10.553195], [51.105141, 10.548194], [51.105972, 10.542362], [51.112083, 10.54014], [51.109585, 10.535693], [51.106804, 10.535418], [51.105415, 10.529305], [51.103474, 10.528195], [51.087639, 10.528473], [51.084026, 10.525973], [51.078751, 10.518194], [51.075138, 10.51625], [51.074306, 10.51125], [51.076805, 10.509306], [51.079304, 10.494863], [51.076805, 10.493472], [51.071251, 10.484028], [51.069027, 10.484028], [51.056252, 10.474861], [51.05764, 10.472917], [51.052082, 10.469029], [51.051807, 10.467082], [51.048473, 10.465972], [51.043751, 10.467363], [51.035416, 10.460972], [51.032917, 10.460972], [51.03236, 10.452361], [51.024582, 10.44236], [51.022083, 10.433194], [51.02264, 10.430972], [51.032082, 10.424027], [51.02375, 10.421527], [51.028473, 10.417917], [51.034306, 10.417085], [51.030418, 10.415417], [51.024582, 10.415417], [51.029305, 10.409862], [51.03764, 10.404862], [51.044304, 10.404862], [51.048195, 10.406528], [51.05014, 10.408472], [51.05014, 10.411528], [51.056526, 10.415695], [51.076248, 10.418751], [51.076527, 10.420971], [51.078751, 10.420139], [51.079861, 10.421527], [51.085415, 10.421527], [51.091526, 10.423749], [51.100693, 10.424027], [51.110138, 10.428193], [51.125973, 10.429028], [51.139584, 10.432084], [51.152363, 10.431528], [51.165417, 10.432084], [51.166805, 10.433194], [51.193748, 10.434028], [51.234859, 10.43236], [51.236805, 10.436806], [51.235695, 10.445417], [51.230972, 10.446527], [51.230141, 10.448749], [51.225418, 10.450417], [51.221806, 10.456528], [51.213196, 10.463194], [51.210693, 10.467082], [51.200417, 10.472917], [51.19875, 10.479305], [51.197083, 10.479861], [51.196529, 10.497361], [51.201805, 10.499029], [51.200974, 10.505417], [51.203194, 10.507361], [51.204582, 10.512362], [51.204029, 10.515138], [51.200138, 10.51625], [51.201527, 10.524305], [51.200417, 10.524305], [51.200138, 10.528473], [51.194027, 10.532639], [51.193474, 10.534027], [51.194862, 10.534305], [51.211529, 10.527083], [51.21875, 10.527361], [51.220696, 10.524583], [51.223751, 10.523473], [51.224583, 10.51986], [51.229305, 10.515418], [51.232918, 10.514306], [51.238194, 10.508471], [51.243473, 10.505417], [51.249863, 10.504027], [51.261528, 10.495695], [51.271252, 10.495138], [51.287918, 10.485972], [51.28986, 10.483193], [51.292084, 10.48264], [51.292362, 10.480139], [51.295418, 10.478749], [51.300972, 10.478195], [51.303471, 10.476529], [51.308193, 10.477083], [51.30986, 10.475695], [51.314026, 10.476529], [51.321251, 10.472639], [51.326805, 10.471529], [51.333473, 10.472917], [51.338749, 10.476529], [51.342667, 10.476532], [51.346249, 10.481249], [51.350693, 10.48264], [51.365417, 10.483193], [51.392639, 10.478195], [51.394306, 10.468194], [51.39875, 10.462638], [51.398193, 10.46125], [51.401249, 10.45625], [51.415695, 10.444583], [51.415417, 10.441251], [51.411251, 10.435972], [51.41153, 10.430418], [51.406528, 10.420417], [51.406528, 10.415417], [51.399307, 10.408472], [51.39875, 10.40375], [51.395138, 10.395973], [51.392639, 10.391529], [51.388748, 10.389583], [51.386528, 10.381528], [51.384583, 10.380416], [51.384861, 10.384028], [51.381527, 10.385416], [51.374863, 10.382638], [51.374306, 10.375972], [51.376526, 10.374584], [51.375973, 10.371249], [51.377918, 10.368749], [51.37764, 10.365695], [51.375137, 10.363195], [51.373474, 10.364583], [51.373749, 10.367639], [51.371529, 10.369583], [51.36264, 10.370417], [51.361526, 10.367917], [51.360695, 10.370139], [51.359028, 10.370139], [51.357361, 10.366807], [51.354862, 10.367083], [51.353195, 10.369861], [51.351528, 10.369861], [51.349861, 10.374027], [51.340694, 10.37764], [51.334583, 10.377362], [51.331806, 10.375418], [51.324585, 10.374305], [51.318195, 10.375972], [51.315418, 10.374584], [51.305416, 10.374584], [51.30125, 10.372639], [51.292915, 10.372083], [51.285137, 10.374862], [51.283196, 10.37764], [51.272915, 10.37625], [51.271805, 10.374584], [51.265694, 10.384584], [51.268196, 10.387638], [51.266804, 10.393751], [51.269028, 10.403194], [51.270973, 10.402918], [51.272362, 10.40514], [51.270973, 10.406528], [51.272362, 10.40875], [51.272083, 10.413194], [51.268196, 10.417361], [51.265694, 10.414582], [51.265415, 10.420417], [51.261806, 10.419583], [51.247917, 10.424305], [51.21125, 10.424305], [51.182919, 10.421805], [51.134861, 10.415417], [51.09264, 10.407638], [51.049305, 10.396249], [51.029026, 10.387916], [51.024307, 10.387363], [51.023193, 10.385694], [51.007084, 10.379028], [51.004307, 10.376528], [50.982361, 10.366807], [50.932362, 10.340695], [50.913193, 10.327084], [50.904026, 10.319305], [50.899029, 10.312917], [50.894859, 10.255139], [50.896526, 10.246528], [50.896252, 10.232639], [50.899307, 10.215972], [50.903473, 10.204305], [50.903194, 10.175973], [50.902363, 10.174307], [50.899029, 10.175417], [50.900417, 10.173751], [50.89986, 10.168472], [50.901527, 10.161528], [50.896252, 10.144028], [50.896526, 10.136806], [50.895138, 10.135972], [50.891529, 10.122361], [50.889305, 10.120417], [50.887638, 10.114582], [50.885693, 10.095695], [50.888195, 10.087638], [50.88736, 10.076805], [50.889862, 10.065973], [50.889584, 10.05875], [50.893196, 10.05375], [50.892639, 10.043473], [50.894585, 10.039029], [50.898193, 10.035694], [50.896526, 10.034306], [50.899029, 10.025415], [50.89764, 10.024305], [50.895901, 10.015435], [50.899582, 10.006806], [50.898193, 10.002084], [50.894585, 9.999862], [50.895416, 9.998196], [50.900696, 9.998196], [50.902084, 9.995417], [50.900696, 9.992083], [50.895416, 9.989583], [50.895138, 9.984304], [50.893749, 9.984304], [50.888474, 9.974862], [50.886806, 9.966805], [50.884304, 9.963473], [50.884304, 9.949584], [50.885693, 9.947918], [50.87986, 9.939305], [50.880974, 9.935695], [50.880138, 9.930973], [50.878471, 9.929585], [50.879581, 9.92375], [50.878471, 9.917362], [50.874863, 9.908749], [50.873749, 9.901806], [50.869305, 9.895416], [50.868473, 9.886249], [50.870693, 9.883195], [50.870415, 9.881251], [50.867363, 9.880417], [50.867085, 9.876804], [50.862083, 9.86986], [50.862362, 9.868194], [50.855141, 9.861249], [50.851528, 9.859305], [50.845696, 9.858751], [50.85125, 9.857361], [50.853474, 9.849304], [50.852085, 9.838196], [50.846527, 9.825139], [50.846806, 9.805695], [50.842918, 9.798751], [50.842918, 9.779583], [50.839863, 9.775695], [50.83847, 9.765416], [50.832916, 9.755971], [50.834305, 9.743751], [50.837639, 9.740972], [50.835415, 9.731806], [50.832916, 9.728471], [50.834026, 9.725971], [50.833195, 9.716804], [50.829861, 9.710694], [50.831528, 9.705416], [50.829304, 9.700139], [50.831249, 9.697361], [50.831249, 9.693473], [50.828751, 9.68125], [50.825138, 9.676806], [50.822918, 9.676528], [50.822083, 9.667361], [50.82375, 9.668749], [50.825695, 9.663195], [50.824306, 9.658472], [50.825138, 9.65375], [50.82375, 9.653472], [50.817638, 9.637639], [50.815418, 9.634307], [50.812916, 9.634029], [50.813751, 9.62986], [50.809029, 9.619583], [50.807083, 9.609861], [50.808472, 9.601806], [50.803196, 9.590139], [50.802361, 9.569306], [50.80125, 9.56764], [50.800694, 9.555973], [50.802917, 9.554029], [50.802639, 9.54986], [50.804585, 9.547082], [50.804028, 9.536527], [50.805973, 9.532917], [50.805416, 9.525972], [50.802361, 9.51875], [50.805138, 9.51625], [50.810417, 9.503195], [50.812637, 9.502639], [50.815418, 9.494028], [50.821251, 9.485417], [50.829029, 9.480695], [50.832085, 9.481249], [50.837639, 9.479027], [50.837917, 9.477639], [50.844028, 9.476251], [50.845974, 9.474029], [50.847084, 9.468472], [50.844582, 9.452639], [50.832638, 9.430695], [50.828194, 9.41736], [50.800694, 9.370973], [50.793472, 9.362916], [50.786251, 9.351249], [50.778194, 9.344583], [50.778473, 9.340695], [50.77597, 9.33986], [50.764305, 9.317361], [50.754581, 9.307916], [50.75486, 9.304306], [50.748196, 9.294861], [50.732941, 9.285697], [50.719582, 9.280972], [50.713196, 9.27514], [50.71014, 9.27514], [50.708195, 9.271806], [50.706249, 9.271806], [50.703751, 9.262361], [50.699306, 9.260139], [50.691528, 9.24764], [50.680973, 9.236251], [50.675694, 9.233473], [50.674862, 9.230694], [50.671806, 9.22875], [50.671249, 9.225694], [50.659306, 9.212361], [50.654861, 9.204029], [50.652916, 9.19625], [50.650417, 9.195972], [50.649307, 9.194028], [50.644585, 9.179307], [50.645695, 9.171806], [50.644859, 9.161805], [50.649307, 9.145972], [50.653194, 9.140694], [50.651527, 9.126805], [50.652637, 9.124029], [50.649029, 9.107639], [50.64764, 9.091528], [50.635971, 9.070462], [50.619305, 9.051805], [50.611805, 9.047639], [50.608471, 9.047361], [50.60236, 9.04125], [50.587917, 9.03375], [50.58514, 9.025139], [50.577641, 9.01375], [50.571804, 9.00764], [50.56514, 9.003471], [50.563473, 8.999027], [50.554028, 8.990973], [50.548752, 8.988751], [50.542641, 8.98125], [50.526249, 8.972083], [50.519028, 8.965695], [50.515694, 8.960694], [50.513748, 8.961804], [50.508751, 8.95875], [50.495972, 8.942917], [50.491249, 8.941249], [50.484028, 8.932916], [50.480415, 8.931528], [50.475971, 8.927084], [50.471527, 8.919305], [50.466526, 8.915417], [50.465416, 8.911805], [50.458752, 8.907085], [50.455696, 8.90236], [50.453472, 8.902916], [50.445972, 8.898472], [50.447361, 8.893193], [50.445137, 8.886529], [50.433193, 8.872638], [50.426807, 8.860695], [50.419861, 8.85486], [50.411804, 8.829583], [50.409863, 8.809861], [50.411251, 8.799306], [50.40625, 8.776807], [50.394028, 8.754583], [50.388195, 8.73625], [50.387917, 8.720695], [50.385418, 8.703749], [50.37764, 8.690138], [50.374306, 8.689306], [50.374306, 8.68736], [50.371529, 8.685138], [50.368164, 8.684901], [50.362915, 8.681528], [50.357361, 8.672083], [50.350418, 8.665138], [50.350418, 8.662084], [50.345139, 8.656806], [50.341805, 8.648751], [50.33625, 8.641251], [50.330971, 8.619861], [50.329304, 8.618473], [50.329861, 8.612638], [50.327362, 8.595971], [50.329582, 8.586804], [50.327362, 8.58375], [50.332359, 8.583472], [50.335415, 8.570693], [50.334026, 8.567639], [50.334862, 8.558751], [50.330971, 8.545693], [50.315693, 8.513195], [50.311527, 8.510139], [50.303749, 8.50014], [50.302917, 8.496528], [50.297916, 8.490693], [50.290417, 8.485695], [50.279305, 8.472638], [50.25375, 8.452082], [50.239582, 8.436249], [50.231804, 8.422916], [50.230972, 8.412918], [50.22736, 8.405973], [50.219582, 8.398195], [50.208195, 8.389862], [50.206528, 8.38625], [50.199306, 8.379027], [50.190964, 8.364586], [50.187084, 8.353473], [50.185417, 8.352083], [50.18597, 8.348195], [50.183472, 8.346805], [50.185139, 8.342916], [50.182083, 8.34125], [50.185139, 8.340138], [50.185417, 8.33514], [50.182083, 8.330693], [50.178169, 8.329928], [50.168472, 8.323473], [50.157639, 8.305972], [50.156528, 8.296805], [50.153194, 8.289307], [50.149029, 8.284584], [50.149307, 8.281806], [50.146526, 8.27875], [50.14875, 8.274583], [50.145416, 8.248196], [50.140656, 8.241274], [50.137638, 8.232916], [50.134583, 8.219583], [50.133751, 8.205416], [50.130138, 8.196528], [50.113194, 8.179306], [50.105141, 8.174584], [50.096527, 8.165973], [50.091526, 8.163749], [50.070137, 8.140971], [50.06097, 8.135417], [50.042362, 8.128751], [50.040138, 8.126528], [50.031528, 8.12486], [50.010418, 8.109027], [49.999584, 8.104583], [49.998749, 8.101529], [49.99514, 8.100694], [49.987083, 8.095138], [49.970696, 8.082083], [49.959862, 8.068472], [49.951805, 8.064306], [49.951805, 8.061806], [49.947639, 8.056805], [49.936249, 8.050139], [49.937084, 8.04736], [49.932915, 8.04125], [49.919029, 8.031527], [49.917641, 8.026805], [49.914028, 8.024583], [49.898472, 8.004027], [49.892639, 8.001527], [49.883194, 7.990972], [49.87764, 7.989306], [49.867916, 7.978749], [49.86264, 7.975139], [49.855694, 7.973195], [49.853195, 7.969029], [49.85014, 7.967917], [49.847637, 7.962916], [49.841526, 7.956806], [49.840137, 7.952083], [49.818195, 7.920139], [49.818474, 7.915139], [49.812916, 7.90625], [49.811527, 7.891527], [49.809307, 7.889861], [49.80986, 7.886251], [49.807919, 7.882084], [49.80875, 7.876528], [49.805416, 7.85736], [49.805973, 7.845971], [49.804306, 7.842083], [49.805416, 7.833195], [49.804585, 7.82625], [49.805973, 7.82014], [49.809582, 7.815695], [49.812916, 7.814583], [49.812637, 7.808195], [49.817081, 7.797362], [49.818748, 7.79625], [49.829304, 7.796528], [49.83514, 7.794584], [49.825974, 7.786251], [49.827641, 7.780417], [49.825695, 7.778473], [49.825974, 7.774306], [49.827915, 7.772084], [49.830696, 7.772362], [49.831249, 7.769306], [49.819305, 7.755695], [49.820694, 7.74875], [49.825974, 7.745416], [49.824028, 7.738471], [49.818195, 7.729861], [49.805695, 7.716806], [49.80125, 7.708195], [49.797359, 7.705139], [49.791248, 7.696528], [49.788471, 7.689862], [49.779583, 7.684584], [49.77486, 7.674029], [49.769306, 7.667638], [49.765694, 7.652917], [49.764584, 7.634584], [49.759861, 7.61736], [49.747917, 7.590973], [49.745693, 7.58875], [49.73875, 7.570695], [49.719307, 7.534584], [49.705971, 7.505972], [49.703472, 7.503472], [49.699306, 7.492361], [49.696804, 7.489861], [49.697918, 7.489027], [49.695416, 7.486805], [49.693474, 7.480694], [49.689026, 7.475416], [49.680138, 7.456251], [49.678196, 7.455416], [49.675694, 7.449306], [49.672359, 7.445694], [49.668472, 7.436527], [49.666527, 7.435417], [49.666805, 7.433751], [49.66264, 7.429582], [49.658749, 7.421528], [49.652084, 7.412917], [49.652363, 7.411249], [49.649582, 7.409861], [49.648472, 7.405695], [49.640972, 7.395972], [49.640694, 7.39375], [49.615417, 7.357639], [49.608749, 7.350695], [49.594582, 7.330417], [49.588196, 7.317638], [49.57486, 7.301249], [49.571529, 7.29486], [49.563751, 7.285416], [49.559029, 7.282362], [49.558472, 7.278195], [49.547916, 7.26736], [49.540138, 7.254027], [49.523193, 7.235138], [49.519028, 7.228193], [49.514862, 7.224861], [49.507916, 7.211528], [49.496529, 7.195695], [49.472084, 7.168473], [49.472916, 7.165695], [49.469582, 7.162917], [49.46347, 7.149028], [49.450138, 7.130138], [49.442081, 7.115139], [49.429028, 7.097916], [49.415695, 7.07014], [49.410694, 7.067084], [49.402363, 7.055139], [49.392082, 7.04625], [49.385971, 7.034861], [49.384861, 7.029029], [49.366249, 7.005695], [49.364307, 6.997916], [49.355141, 6.981805], [49.346806, 6.970694], [49.336807, 6.951251], [49.331806, 6.946805], [49.327915, 6.939584], [49.323471, 6.937084], [49.320694, 6.933472], [49.320694, 6.927361], [49.315971, 6.922361], [49.312084, 6.912916], [49.305416, 6.909028], [49.303749, 6.903749], [49.304585, 6.901805], [49.285694, 6.874583], [49.270695, 6.841529], [49.268749, 6.840417], [49.264862, 6.833194], [49.263474, 6.827916], [49.260971, 6.824306], [49.256527, 6.821527], [49.247917, 6.804028], [49.241806, 6.797084], [49.232361, 6.77625], [49.216526, 6.752362], [49.209583, 6.735973], [49.199306, 6.70236], [49.190418, 6.687639], [49.181805, 6.665416], [49.177639, 6.658471], [49.175415, 6.647916], [49.169029, 6.632361], [49.156528, 6.608471], [49.152637, 6.595973], [49.144859, 6.580971], [49.140415, 6.557084], [49.125416, 6.526805], [49.122082, 6.515139], [49.11264, 6.495973], [49.090694, 6.434307], [49.084862, 6.413195], [49.080139, 6.368472], [49.075138, 6.345972], [49.081249, 6.308471], [49.080139, 6.294584], [49.072639, 6.265416], [49.060696, 6.229583], [49.015972, 6.127362], [48.981529, 6.052916], [48.955139, 6.000972], [48.952084, 5.998194], [48.948471, 5.988474], [48.932362, 5.960971], [48.929028, 5.952083], [48.927361, 5.951526], [48.916527, 5.928473], [48.914585, 5.927083], [48.912361, 5.920972], [48.908196, 5.917084], [48.906528, 5.911806], [48.902084, 5.907361], [48.90097, 5.903473], [48.888195, 5.882362], [48.88625, 5.881249], [48.885418, 5.877917], [48.865417, 5.850417], [48.860695, 5.841251], [48.857082, 5.838472], [48.85125, 5.826805], [48.835972, 5.80514], [48.820137, 5.77764], [48.80764, 5.75986], [48.798752, 5.741805], [48.784584, 5.722916], [48.77264, 5.70236], [48.769306, 5.700416], [48.757637, 5.680416], [48.749863, 5.672084], [48.748196, 5.666805], [48.739029, 5.654861], [48.734859, 5.646528], [48.730415, 5.642084], [48.721806, 5.62736], [48.720696, 5.621806], [48.710415, 5.608749], [48.69986, 5.588472], [48.697639, 5.585971], [48.694862, 5.585971], [48.695694, 5.583195], [48.693474, 5.578195], [48.681252, 5.561528], [48.675415, 5.547917], [48.673195, 5.546529], [48.665695, 5.530974], [48.660694, 5.524861], [48.650696, 5.506249], [48.63625, 5.485694], [48.62986, 5.474027], [48.619026, 5.459584], [48.606529, 5.447083], [48.596527, 5.431806], [48.541248, 5.365139], [48.537918, 5.357082], [48.53653, 5.356528], [48.536251, 5.352638], [48.538193, 5.349028], [48.535694, 5.34764], [48.532082, 5.339583], [48.519306, 5.321806], [48.510139, 5.312639], [48.509861, 5.310695], [48.500416, 5.303751], [48.49847, 5.297362], [48.487915, 5.287083], [48.487083, 5.284027], [48.481529, 5.278751], [48.47736, 5.271528], [48.434307, 5.22125], [48.400417, 5.174029], [48.398472, 5.168472], [48.392361, 5.161806], [48.38625, 5.150973], [48.380417, 5.145695], [48.375973, 5.137638], [48.369305, 5.13264], [48.36264, 5.123195], [48.359028, 5.120695], [48.350971, 5.106806], [48.34264, 5.097917], [48.335693, 5.08736], [48.334026, 5.085694], [48.331806, 5.08625], [48.331528, 5.08375], [48.327641, 5.079862], [48.326805, 5.075696], [48.323471, 5.074305], [48.321529, 5.069583], [48.309029, 5.054306], [48.306252, 5.048749], [48.303749, 5.047361], [48.295139, 5.034307], [48.288471, 5.028194], [48.278751, 5.013195], [48.274582, 5.010139], [48.274307, 5.003472], [48.270138, 5.000694], [48.269028, 4.996528], [48.257084, 4.980694], [48.236805, 4.945972], [48.216526, 4.92236], [48.195972, 4.89014], [48.178196, 4.858195], [48.167362, 4.835972], [48.16264, 4.820138], [48.151249, 4.792916], [48.142082, 4.782084], [48.13736, 4.770417], [48.123749, 4.750693], [48.119583, 4.740695], [48.11264, 4.730972], [48.105141, 4.714583], [48.079861, 4.668195], [48.063751, 4.647084], [48.061806, 4.642083], [48.05764, 4.639305], [48.054028, 4.63236], [48.049862, 4.628194], [48.045139, 4.617083], [48.029305, 4.595972], [48.024307, 4.584305], [48.013195, 4.567362], [48.010139, 4.555417], [47.999863, 4.539862], [47.985416, 4.509862], [47.964027, 4.480417], [47.937916, 4.447917], [47.854305, 4.364583], [47.787918, 4.290695], [47.757637, 4.25236], [47.74625, 4.234861], [47.735138, 4.224582], [47.71986, 4.206805], [47.717918, 4.206527], [47.697918, 4.189028], [47.673195, 4.161528], [47.672359, 4.158749], [47.667641, 4.154861], [47.662918, 4.147917], [47.634029, 4.120973], [47.600693, 4.08125], [47.58625, 4.066804], [47.554863, 4.026527], [47.532917, 4.001528], [47.526527, 3.988473], [47.514862, 3.974306], [47.51236, 3.968749], [47.510139, 3.968473], [47.493473, 3.944305], [47.480141, 3.931529], [47.476807, 3.924862], [47.466251, 3.915417], [47.451527, 3.897362], [47.42625, 3.872916], [47.421806, 3.86625], [47.417915, 3.865693], [47.406528, 3.851529], [47.396252, 3.844584], [47.394028, 3.839862], [47.383194, 3.829861], [47.380417, 3.829029], [47.378471, 3.825417], [47.368473, 3.818472], [47.312084, 3.760418], [47.268471, 3.721805], [47.23875, 3.690973], [47.229305, 3.68375], [47.190693, 3.643195], [47.182919, 3.634028], [47.178749, 3.624862], [47.170139, 3.615417], [47.159584, 3.607082], [47.153473, 3.596528], [47.14764, 3.592083], [47.145138, 3.586529], [47.125137, 3.567639], [47.103474, 3.544306], [47.09903, 3.535973], [47.089027, 3.52625], [47.08625, 3.52125], [47.017403, 3.453202], [46.999306, 3.437084], [46.995693, 3.431527], [46.97625, 3.412362], [46.973473, 3.407083], [46.962639, 3.398473], [46.959026, 3.393194], [46.928196, 3.362362], [46.902363, 3.332362], [46.893196, 3.317917], [46.872917, 3.294861], [46.855694, 3.269027], [46.834862, 3.244583], [46.795418, 3.19986], [46.732918, 3.137083], [46.681526, 3.077639], [46.656807, 3.053473], [46.618752, 3.021805], [46.614582, 3.015694], [46.610138, 3.014028], [46.572361, 2.975696], [46.539307, 2.948195], [46.50375, 2.921805], [46.488472, 2.908194], [46.478195, 2.901528], [46.44986, 2.878472], [46.429306, 2.857639], [46.421528, 2.846528], [46.411804, 2.836527], [46.392639, 2.82014], [46.375416, 2.808473], [46.364029, 2.802638], [46.345139, 2.787361], [46.332916, 2.772916], [46.329582, 2.758195], [46.327641, 2.759305], [46.320137, 2.756805], [46.309536, 2.747128], [46.304863, 2.737362], [46.303471, 2.722082], [46.297638, 2.712084], [46.289585, 2.705139], [46.277637, 2.700139], [46.270416, 2.695417], [46.244862, 2.677361], [46.238472, 2.669861], [46.222363, 2.659584], [46.209305, 2.645973], [46.208195, 2.642917], [46.194027, 2.629028], [46.19125, 2.623195], [46.190418, 2.617083], [46.18264, 2.610694], [46.181526, 2.604028], [46.175415, 2.602918], [46.171528, 2.599861], [46.169029, 2.595139], [46.169304, 2.586804], [46.166527, 2.58486], [46.159863, 2.585138], [46.155972, 2.580416], [46.148472, 2.576528], [46.129028, 2.555972], [46.119026, 2.540695], [46.118473, 2.535417], [46.120693, 2.535417], [46.120693, 2.534304], [46.106529, 2.517639], [46.068748, 2.488749], [46.064304, 2.483195], [46.059582, 2.480973], [46.054306, 2.474306], [46.050415, 2.473472], [46.047638, 2.470972], [46.03125, 2.452917], [46.029861, 2.44875], [46.025139, 2.446806], [46.02375, 2.441528], [46.015415, 2.435695], [46.012638, 2.430973], [46.006527, 2.427082], [46.005417, 2.424585], [45.999027, 2.421528], [45.992638, 2.415972], [45.988194, 2.417638], [45.979027, 2.411805], [45.977085, 2.408195], [45.971527, 2.405139], [45.962639, 2.39625], [45.952915, 2.390694], [45.947083, 2.384583], [45.940971, 2.381249], [45.937084, 2.375973], [45.927639, 2.371529], [45.901806, 2.352083], [45.896526, 2.350973], [45.894028, 2.347639], [45.889027, 2.347639], [45.882362, 2.344029], [45.874027, 2.33625], [45.867085, 2.33514], [45.859585, 2.329305], [45.85125, 2.327917], [45.84375, 2.324027], [45.833473, 2.316528], [45.829861, 2.311806], [45.816528, 2.308472], [45.809307, 2.304027], [45.804585, 2.298195], [45.799026, 2.297083], [45.799862, 2.294861], [45.797916, 2.293751], [45.796249, 2.293751], [45.797359, 2.295973], [45.793472, 2.297361], [45.776806, 2.282916], [45.765972, 2.277918], [45.754028, 2.269027], [45.743195, 2.263472], [45.742638, 2.261528], [45.731804, 2.259028], [45.728748, 2.254306], [45.723751, 2.253472], [45.705696, 2.240695], [45.697918, 2.237917], [45.68375, 2.228194], [45.674583, 2.22514], [45.672916, 2.220417], [45.664585, 2.217361], [45.65736, 2.212083], [45.650139, 2.210973], [45.644028, 2.202638], [45.641529, 2.204306], [45.63625, 2.20375], [45.609028, 2.185973], [45.59375, 2.17736], [45.586529, 2.17514], [45.579861, 2.169027], [45.571251, 2.165695], [45.568748, 2.162639], [45.558472, 2.157639], [45.555416, 2.154028], [45.550694, 2.15236], [45.531807, 2.139583], [45.524582, 2.134583], [45.522915, 2.131805], [45.509029, 2.124584], [45.501804, 2.11764], [45.490417, 2.112639], [45.482639, 2.105417], [45.477638, 2.106529], [45.473473, 2.105139], [45.472084, 2.102916], [45.46125, 2.098194], [45.43486, 2.082917], [45.428196, 2.076251], [45.424862, 2.076529], [45.422359, 2.072916], [45.407639, 2.062083], [45.401806, 2.060139], [45.401249, 2.057639], [45.397083, 2.056527], [45.392639, 2.052083], [45.38625, 2.052361], [45.383194, 2.04986], [45.379028, 2.049582], [45.36375, 2.041806], [45.360973, 2.037362], [45.356804, 2.036528], [45.355694, 2.034861], [45.347637, 2.035693], [45.34486, 2.034583], [45.34375, 2.032917], [45.34486, 2.031805], [45.33625, 2.026805], [45.335972, 2.025139], [45.337917, 2.023473], [45.326527, 2.020416], [45.302361, 2.009862], [45.294029, 2.002639], [45.283196, 2.000417], [45.273193, 1.990694], [45.236805, 1.977083], [45.232918, 1.974027], [45.230141, 1.967916], [45.22403, 1.964306], [45.219582, 1.962638], [45.217083, 1.964028], [45.210693, 1.963472], [45.204029, 1.96014], [45.204861, 1.95764], [45.202641, 1.955971], [45.200138, 1.95625], [45.200974, 1.958194], [45.199306, 1.959584], [45.195972, 1.959306], [45.187916, 1.954862], [45.179863, 1.947083], [45.178749, 1.949305], [45.170139, 1.947917], [45.165974, 1.942917], [45.159863, 1.942639], [45.154583, 1.935416], [45.149029, 1.934306], [45.147083, 1.93625], [45.142361, 1.936528], [45.132637, 1.933472], [45.12875, 1.930972], [45.126251, 1.925139], [45.11264, 1.920695], [45.109306, 1.916805], [45.10125, 1.91236], [45.098473, 1.91236], [45.096527, 1.910416], [45.091526, 1.910694], [45.090416, 1.908472], [45.08514, 1.907084], [45.084026, 1.902915], [45.078751, 1.899027], [45.072361, 1.899861], [45.055138, 1.888751], [45.045971, 1.885416], [45.043194, 1.88125], [45.030418, 1.874027], [45.028751, 1.870971], [45.024029, 1.868195], [45.023472, 1.865695], [45.019585, 1.864305], [45.018471, 1.860694], [45.009861, 1.855138], [45.005695, 1.854584], [45.005974, 1.85625], [45.004581, 1.856806], [45.000137, 1.854862], [44.992638, 1.849584], [44.992363, 1.847362], [44.981529, 1.842083], [44.979862, 1.839027], [44.972637, 1.835973], [44.968193, 1.832082], [44.959583, 1.829028], [44.958752, 1.82625], [44.950138, 1.82264], [44.94875, 1.820418], [44.946804, 1.820418], [44.937637, 1.814027], [44.923752, 1.806807], [44.914028, 1.805416], [44.909863, 1.80125], [44.910973, 1.79764], [44.909863, 1.796806], [44.903194, 1.793196], [44.902916, 1.795694], [44.898472, 1.794862], [44.897083, 1.79264], [44.882916, 1.784583], [44.853748, 1.764027], [44.844028, 1.759027], [44.839863, 1.754582], [44.807919, 1.736527], [44.781528, 1.717916], [44.776806, 1.71764], [44.774582, 1.713193], [44.770695, 1.711805], [44.765972, 1.71264], [44.761528, 1.710417], [44.749863, 1.695972], [44.749863, 1.69125], [44.748196, 1.689306], [44.743195, 1.689584], [44.736252, 1.683195], [44.730972, 1.681527], [44.730415, 1.677361], [44.723194, 1.676527], [44.71986, 1.672917], [44.71764, 1.672917], [44.71764, 1.675417], [44.712639, 1.673751], [44.709862, 1.671529], [44.708473, 1.667916], [44.700417, 1.662362], [44.695694, 1.654861], [44.670696, 1.639306], [44.668472, 1.639584], [44.660973, 1.633472], [44.65736, 1.63264], [44.64986, 1.625973], [44.645695, 1.624583], [44.644585, 1.622083], [44.641529, 1.621251], [44.639305, 1.617638], [44.636528, 1.616528], [44.632916, 1.610138], [44.624863, 1.604862], [44.62236, 1.601249], [44.613194, 1.597361], [44.600418, 1.599583], [44.597084, 1.596529], [44.59375, 1.586806], [44.586529, 1.579862], [44.581249, 1.575695], [44.575974, 1.574305], [44.542915, 1.547639], [44.537083, 1.546527], [44.533749, 1.542361], [44.535416, 1.537916], [44.526806, 1.53236], [44.519859, 1.52514], [44.517918, 1.52514], [44.51236, 1.520139], [44.512085, 1.522917], [44.507084, 1.522083], [44.498749, 1.515973], [44.49514, 1.510138], [44.490139, 1.506806], [44.486252, 1.49875], [44.481529, 1.49764], [44.485416, 1.502362], [44.46236, 1.485973], [44.450974, 1.476528], [44.445972, 1.470418], [44.376526, 1.419862], [44.364307, 1.408195], [44.363194, 1.405139], [44.354027, 1.402082], [44.333473, 1.384305], [44.329861, 1.383195], [44.30875, 1.363471], [44.306805, 1.357639], [44.301529, 1.350417], [44.295696, 1.350695], [44.277916, 1.336527], [44.271526, 1.328751], [44.264305, 1.324861], [44.239861, 1.302361], [44.237083, 1.301249], [44.224583, 1.289028], [44.220139, 1.280695], [44.216526, 1.277083], [44.21764, 1.274861], [44.215973, 1.271805], [44.216805, 1.270417], [44.214306, 1.267638], [44.208752, 1.26625], [44.205139, 1.261806], [44.200974, 1.263194], [44.188194, 1.254861], [44.180138, 1.247639], [44.168194, 1.23986], [44.141251, 1.212916], [44.129307, 1.198749], [44.12764, 1.190973], [44.133194, 1.190417], [44.130138, 1.183472], [44.123474, 1.186807], [44.106804, 1.17625], [44.095974, 1.171249], [44.068195, 1.147083], [44.053196, 1.135973], [44.047085, 1.133194], [44.046249, 1.129028], [44.034027, 1.117639], [44.031807, 1.109583], [44.028473, 1.108195], [44.023193, 1.09514], [44.02375, 1.091527], [44.022083, 1.087361], [44.019306, 1.088195], [44.020695, 1.090417], [44.019028, 1.092361], [44.013195, 1.090971], [44.002083, 1.085417], [44.001804, 1.083473], [43.979305, 1.069306], [43.960693, 1.054861], [43.94125, 1.035417], [43.938473, 1.028473], [43.940418, 1.025416], [43.942917, 1.025138], [43.938194, 1.020694], [43.937084, 1.021806], [43.939026, 1.02375], [43.935696, 1.023472], [43.91486, 1.012083], [43.896252, 0.997638], [43.892639, 0.992362], [43.889305, 0.991528], [43.888474, 0.988472], [43.883472, 0.988194], [43.852085, 0.966806], [43.824585, 0.945416], [43.807915, 0.929305], [43.797638, 0.924027], [43.784584, 0.91375], [43.778473, 0.910694], [43.77375, 0.902639], [43.762085, 0.894029], [43.757916, 0.886806], [43.755749, 0.879317], [43.741528, 0.867917], [43.732361, 0.862638], [43.731804, 0.860138], [43.729027, 0.859584], [43.729584, 0.858472], [43.726528, 0.857916], [43.717361, 0.851527], [43.71236, 0.845695], [43.702084, 0.839861], [43.672359, 0.815973], [43.631248, 0.780138], [43.619583, 0.766527], [43.536804, 0.69375], [43.46986, 0.628473], [43.374027, 0.53014], [43.214306, 0.35486], [43.21125, 0.34986], [43.209305, 0.349306], [43.197639, 0.336805], [43.189583, 0.325972], [43.180416, 0.31764], [43.158474, 0.291806], [43.136806, 0.270694], [43.104584, 0.231527], [43.075974, 0.202361], [43.045696, 0.167361], [42.985416, 0.105416], [42.955971, 0.070971], [42.894306, 0.004582], [42.873749, -0.019583], [42.802639, -0.090139], [42.776527, -0.118195], [42.694305, -0.194582], [42.661804, -0.227639], [42.659584, -0.232083], [42.645138, -0.242916], [42.643749, -0.245972], [42.635971, -0.252361], [42.626251, -0.257639], [42.610973, -0.273194], [42.603748, -0.285973], [42.589863, -0.298194], [42.577362, -0.31764], [42.573471, -0.327916], [42.573471, -0.341249], [42.568474, -0.346528], [42.56625, -0.34625], [42.565693, -0.350694], [42.567917, -0.349306], [42.569027, -0.350416], [42.566807, -0.35125], [42.565693, -0.356528], [42.562916, -0.35736], [42.564304, -0.35375], [42.55986, -0.352638], [42.555695, -0.356806], [42.555973, -0.362083], [42.55764, -0.364027], [42.560696, -0.364305], [42.55986, -0.361805], [42.563751, -0.360139], [42.560696, -0.369027], [42.559582, -0.368749], [42.560417, -0.365417], [42.557083, -0.364861], [42.554863, -0.367083], [42.556526, -0.375416], [42.557919, -0.373193], [42.56097, -0.37375], [42.557362, -0.380972], [42.544861, -0.389583], [42.543194, -0.389305], [42.541248, -0.386804], [42.542915, -0.386251], [42.544861, -0.387917], [42.549862, -0.38486], [42.552917, -0.381806], [42.552917, -0.37986], [42.554863, -0.379028], [42.555695, -0.37375], [42.554028, -0.370971], [42.547638, -0.367083], [42.53653, -0.366249], [42.53125, -0.368195], [42.529583, -0.371249], [42.521805, -0.375416], [42.516251, -0.385138], [42.514027, -0.385416], [42.508194, -0.390695], [42.500973, -0.401528], [42.500973, -0.405138], [42.499306, -0.407084], [42.495972, -0.407638], [42.489861, -0.419027], [42.478748, -0.426249], [42.474583, -0.433472], [42.475971, -0.435416], [42.473751, -0.439582], [42.477085, -0.445417], [42.485416, -0.44817], [42.485138, -0.450139], [42.474583, -0.459862], [42.478195, -0.46236], [42.477085, -0.465416], [42.472916, -0.465694], [42.470139, -0.468751], [42.470696, -0.465694], [42.46875, -0.466804], [42.466805, -0.465138], [42.468472, -0.462084], [42.46764, -0.457916], [42.470417, -0.45514], [42.469582, -0.454306], [42.464584, -0.453193], [42.457916, -0.455416], [42.44875, -0.471251], [42.444305, -0.474861], [42.438194, -0.476805], [42.43264, -0.481528], [42.427361, -0.489028], [42.421806, -0.493751], [42.416805, -0.501805], [42.411251, -0.506249], [42.404583, -0.518472], [42.395973, -0.525695], [42.387638, -0.53986], [42.383194, -0.543472], [42.377083, -0.545694], [42.364307, -0.559862], [42.330418, -0.603195], [42.322918, -0.615694], [42.321251, -0.615415], [42.315693, -0.624028], [42.315418, -0.630139], [42.311249, -0.630695], [42.291248, -0.657639], [42.290974, -0.660973], [42.285416, -0.664861], [42.285137, -0.667083], [42.276806, -0.67625], [42.269859, -0.687361], [42.260139, -0.69764], [42.257637, -0.705972], [42.259583, -0.714583], [42.246807, -0.715973], [42.234585, -0.730972], [42.230972, -0.739861], [42.231529, -0.741527], [42.22625, -0.746805], [42.21986, -0.759306], [42.21125, -0.765973], [42.205971, -0.772639], [42.204304, -0.777362], [42.185417, -0.795695], [42.178471, -0.806806], [42.178196, -0.809584], [42.168194, -0.81486], [42.157917, -0.824027], [42.152916, -0.825971], [42.151527, -0.829306], [42.149029, -0.830693], [42.149029, -0.832916], [42.147915, -0.830972], [42.144028, -0.83014], [42.140694, -0.83375], [42.138195, -0.83264], [42.129581, -0.834028], [42.120693, -0.83875], [42.115139, -0.843751], [42.108749, -0.844583], [42.100693, -0.856528], [42.102638, -0.85764], [42.101528, -0.863472], [42.09486, -0.870973], [42.092918, -0.876249], [42.088196, -0.880417], [42.08625, -0.884306], [42.083195, -0.900139], [42.077084, -0.905695], [42.071804, -0.907639], [42.068474, -0.912916], [42.057919, -0.921528], [42.047085, -0.941528], [42.038471, -0.947638], [42.029839, -0.958462], [42.028751, -0.962639], [42.030418, -0.965694], [42.03014, -0.971528], [42.035694, -0.975694], [42.028194, -0.979861], [42.027084, -0.984861], [42.02486, -0.985973], [42.023193, -0.989861], [42.017639, -0.988471], [42.002918, -1.000138], [41.995693, -1.003751], [41.988472, -1.010973], [41.974304, -1.040971], [41.963196, -1.060139], [41.962917, -1.072918], [41.957085, -1.081806], [41.955418, -1.090695], [41.949306, -1.098471], [41.939026, -1.107362], [41.930695, -1.12764], [41.928749, -1.129028], [41.928471, -1.136806], [41.930138, -1.137916], [41.93264, -1.136528], [41.93486, -1.140417], [41.933472, -1.145139], [41.932362, -1.146527], [41.929028, -1.145695], [41.929585, -1.147917], [41.927082, -1.148471], [41.926529, -1.151249], [41.92514, -1.151249], [41.92625, -1.144305], [41.924583, -1.144305], [41.922085, -1.15264], [41.917084, -1.153472], [41.915695, -1.155972], [41.910694, -1.15875], [41.908474, -1.162638], [41.906807, -1.161806], [41.904861, -1.164028], [41.905418, -1.168751], [41.900417, -1.175971], [41.900417, -1.178749], [41.89875, -1.179306], [41.89764, -1.177918], [41.896526, -1.179027], [41.896526, -1.175695], [41.893471, -1.175695], [41.893471, -1.178471], [41.890972, -1.180694], [41.893196, -1.184028], [41.891251, -1.183472], [41.889584, -1.185694], [41.887638, -1.185138], [41.885971, -1.186806], [41.884861, -1.193473], [41.875694, -1.200417], [41.875694, -1.204027], [41.878471, -1.205971], [41.880974, -1.204861], [41.880695, -1.207916], [41.883194, -1.206806], [41.888474, -1.208472], [41.900417, -1.196805], [41.901527, -1.19236], [41.907082, -1.18986], [41.90625, -1.192638], [41.894527, -1.206487], [41.894585, -1.209028], [41.887638, -1.215416], [41.885139, -1.215416], [41.882362, -1.21986], [41.881527, -1.218751], [41.878193, -1.219582], [41.87125, -1.228473], [41.870972, -1.225973], [41.874306, -1.220973], [41.869305, -1.217916], [41.859859, -1.21736], [41.854027, -1.219307], [41.85014, -1.217638], [41.839584, -1.223751], [41.833195, -1.242916], [41.833473, -1.246251], [41.837082, -1.248751], [41.827915, -1.262362], [41.828194, -1.264584], [41.830139, -1.264306], [41.811249, -1.290972], [41.798752, -1.305417], [41.797638, -1.308473], [41.801529, -1.309583], [41.801529, -1.311249], [41.797916, -1.311805], [41.793472, -1.31875], [41.792915, -1.323472], [41.790417, -1.324028], [41.786804, -1.327917], [41.784027, -1.342362], [41.777637, -1.345416], [41.773472, -1.34986], [41.771526, -1.355695], [41.764584, -1.360139], [41.760971, -1.364027], [41.757916, -1.370694], [41.749584, -1.376528], [41.734859, -1.398194], [41.736805, -1.401528], [41.741249, -1.404028], [41.737362, -1.405972], [41.736526, -1.403194], [41.731251, -1.407917], [41.714584, -1.432638], [41.717918, -1.437639], [41.709583, -1.442917], [41.702641, -1.450694], [41.695137, -1.464029], [41.680138, -1.483194], [41.677082, -1.488473], [41.676529, -1.491529], [41.678196, -1.492639], [41.677082, -1.495417], [41.674583, -1.497361], [41.671249, -1.504584], [41.660416, -1.516251], [41.660416, -1.520973], [41.645138, -1.542917], [41.645138, -1.547361], [41.643471, -1.550417], [41.62764, -1.565138], [41.622082, -1.583471], [41.61375, -1.583193], [41.606529, -1.595973], [41.59486, -1.609584], [41.587917, -1.62125], [41.586529, -1.627083], [41.58736, -1.635971], [41.590137, -1.639306], [41.591526, -1.638194], [41.593472, -1.639584], [41.596527, -1.632639], [41.597916, -1.632917], [41.594307, -1.639862], [41.58736, -1.647082], [41.588749, -1.641528], [41.587639, -1.639862], [41.582085, -1.639028], [41.575417, -1.642362], [41.577358, -1.584807], [41.493851, -1.481565], [41.36528, -1.300346], [41.27541, -1.180308], [41.22868, -1.126167], [41.181881, -1.062997], [41.11517, -0.978097], [41.004299, -0.823578], [41.002071, -0.784315], [41.000355, -0.784224], [40.998795, -0.661484], [40.999958, -0.571866], [40.998825, -0.542007], [41.000816, -0.502933], [40.998238, -0.432193], [40.999989, -0.422072], [40.999382, -0.340071], [41.001408, -0.243586], [41.00032, -0.128072], [40.999062, -0.112007], [41.000477, -0.087654], [41.000515, 1e-06], [40.993126, 0.008716], [40.99014431455136, 0.012230461019461902], [40.988632, 0.014013], [40.989307, 0.093186], [40.9898639007254, 0.09771115468662339], [40.98980629009238, 0.11527304507043201], [40.989265, 0.119312], [40.989368, 0.128975], [40.98966854556731, 0.15726276334131262], [40.990093, 0.197213], [40.989857, 0.234691], [40.99408, 0.236241], [40.99231, 0.287453], [40.999031, 0.405774], [40.993137, 0.430067], [40.989746, 0.444048], [40.98871383129998, 0.44829562360937114], [40.98867, 0.448476], [40.98868291799274, 0.4577191637539776], [40.988689, 0.462071], [40.988693, 0.46406], [40.988693, 0.465188], [40.988697, 0.467191], [40.988762, 0.514507], [40.994259, 0.671209], [40.990543, 0.823341], [40.990879, 0.886462], [40.994709, 1.231045], [40.990688, 1.230771], [40.991882, 1.619324], [40.991089, 1.766589], [40.993832, 1.823886], [40.991287, 1.83168], [40.990479, 1.954712], [40.988171, 1.999052], [40.98332873819864, 2.08987478682946], [40.978607, 2.178437], [40.9785, 2.180446], [40.980721, 2.193275], [40.982947369181915, 2.206130424305284], [40.983028, 2.206596], [40.986889, 2.228898], [40.986084, 2.701477], [40.987499, 2.732555], [40.98542, 2.784939], [40.98560596015377, 2.790433100249937], [40.985802, 2.796225], [40.986561, 2.819381], [40.992111, 2.824773], [40.992126, 2.829712], [41.08123, 2.916805], [41.083012, 2.918642], [41.0897152983173, 2.925554772244024], [41.133541, 2.97075], [41.260071, 3.092285], [41.285706, 3.115295], [41.328129, 3.158635], [41.592529, 3.539861], [41.610645, 3.564136], [41.661449, 3.639193], [41.723938, 3.725586], [41.724941, 3.723592], [41.860188, 3.912657], [41.872883, 3.936613], [41.88135205547383, 3.949184986317078], [41.906156744900144, 3.977770407835182], [41.90757963158787, 3.979410170988115], [41.91975644209382, 3.993442971604012], [41.923678042849936, 3.997962302957554], [41.94597568187431, 4.023658549317087], [41.947289, 4.024469], [41.948418, 4.025166], [41.958817, 4.031576], [41.972084, 4.042656], [41.982487, 4.049066], [41.994556, 4.075016], [42.005375, 4.086316], [42.013744, 4.097836], [42.029247, 4.106246], [42.057377, 4.118396], [42.078175, 4.131236], [42.115246, 4.132726], [42.158047, 4.143526], [42.203907, 4.161426], [42.304916, 4.161915], [42.344639, 4.165626], [42.396156, 4.163315], [42.435879, 4.167015], [42.519016, 4.188845], [42.545898, 4.186365], [42.574238, 4.200955], [42.59623, 4.198925], [42.611938, 4.209775], [42.638817, 4.207285], [42.652077, 4.218355], [42.692009, 4.224505], [42.714828, 4.232235], [42.730537, 4.243075], [42.755798, 4.250575], [42.75780274313564, 4.252248269800461], [42.76967, 4.25259], [42.797033034350136, 4.274234798805511], [42.82678726386161, 4.297771088792506], [42.839577369631265, 4.307888360968643], [42.87132622708112, 4.333002448208153], [42.87611543146808, 4.3367908206550005], [42.90992300738424, 4.363533402250447], [43.464981788846096, 4.8025978530800515], [43.47308, 4.804123], [43.488163, 4.807653], [43.510563, 4.810493], [43.525852, 4.816463], [43.55175, 4.831284], [43.569061, 4.832143], [43.57946, 4.838563], [43.59964, 4.844073], [43.612061, 4.845383], [43.622261, 4.849363], [43.68256, 4.863463], [43.712933, 4.872953], [43.755722, 4.883753], [43.787903, 4.885693], [43.806263, 4.898763], [43.843754, 4.905133], [43.863922, 4.910643], [43.893662, 4.912813], [44.028961, 4.939652], [44.077831, 4.935132], [44.122852, 4.943272], [44.150143, 4.945662], [44.201244, 4.938472], [44.306942, 4.936082], [44.383312, 4.936392], [44.547024, 4.921241], [44.626446, 4.922261], [44.678246, 4.913101], [44.731293, 4.918401], [44.827034, 4.912561], [44.903175, 4.912711], [44.962135, 4.918931], [45.001667, 4.932207], [45.080116, 5.01108], [45.533222, 5.48201], [45.668228, 5.622328], [45.898418, 5.856877], [45.94532, 5.909717], [46.12178, 6.090016], [46.17725, 6.153446], [46.803555, 6.803252], [47.958229, 8.012584], [47.936558, 8.011962], [47.56774433422063, 8.001387008281531]]], [[[41.61375, -1.607918], [41.613472, -1.61264], [41.609585, -1.613472], [41.61375, -1.607918]]], [[[41.630138, -1.585972], [41.630695, -1.587638], [41.628193, -1.589862], [41.630138, -1.585972]]], [[[41.640415, -1.561528], [41.640415, -1.563472], [41.638195, -1.564584], [41.640415, -1.561528]]], [[[41.757637, -1.379582], [41.758194, -1.381251], [41.755695, -1.382361], [41.757637, -1.379582]]], [[[41.774307, -1.361527], [41.774582, -1.359027], [41.776249, -1.358195], [41.774307, -1.361527]]], [[[41.789307, -1.340696], [41.788193, -1.344028], [41.784027, -1.347362], [41.78764, -1.34125], [41.789307, -1.340696]]], [[[41.914585, -1.182362], [41.915138, -1.183472], [41.912083, -1.185694], [41.911804, -1.184028], [41.914585, -1.182362]]], [[[41.941807, -1.142361], [41.942638, -1.143195], [41.940971, -1.146805], [41.933472, -1.154306], [41.933472, -1.156528], [41.928196, -1.163472], [41.92625, -1.164028], [41.922359, -1.169305], [41.919861, -1.169861], [41.918751, -1.174305], [41.915417, -1.179027], [41.917084, -1.171249], [41.913471, -1.170695], [41.91264, -1.168473], [41.914028, -1.162084], [41.916805, -1.160138], [41.918442, -1.154547], [41.920971, -1.15375], [41.920971, -1.15514], [41.922916, -1.15514], [41.922916, -1.157084], [41.92514, -1.157084], [41.927361, -1.155972], [41.928749, -1.152918], [41.929028, -1.155972], [41.930973, -1.15625], [41.939583, -1.143473], [41.941807, -1.142361]]], [[[41.944584, -1.146527], [41.943748, -1.145973], [41.946529, -1.141805], [41.949028, -1.140417], [41.944584, -1.146527]]], [[[41.990696, -1.077638], [41.991806, -1.07986], [41.995972, -1.08125], [41.993752, -1.085695], [41.989861, -1.089305], [41.98764, -1.089027], [41.987083, -1.086529], [41.983749, -1.087083], [41.97403, -1.096249], [41.974304, -1.091805], [41.980141, -1.085138], [41.979862, -1.082916], [41.981529, -1.082084], [41.983471, -1.077084], [41.990696, -1.077638]]], [[[42.00153, -1.068195], [42.000694, -1.066805], [42.00264, -1.065695], [42.00153, -1.068195]]], [[[42.004307, -1.054306], [42.00486, -1.05625], [42.003193, -1.057916], [42.003193, -1.054584], [42.004307, -1.054306]]], [[[42.007362, -1.050416], [42.005974, -1.050138], [42.007916, -1.047916], [42.007362, -1.050416]]], [[[42.02264, -1.031529], [42.021805, -1.034027], [42.022915, -1.036527], [42.020416, -1.034861], [42.018749, -1.040971], [42.017918, -1.032082], [42.024307, -1.02875], [42.02264, -1.031529]]], [[[42.055138, -0.987639], [42.050694, -0.994306], [42.054306, -0.996806], [42.052361, -1.000972], [42.049305, -0.999306], [42.047359, -1.001528], [42.047359, -1.004029], [42.049862, -1.004029], [42.048752, -1.006805], [42.042915, -1.010695], [42.041248, -1.014027], [42.03986, -1.014027], [42.039307, -1.012083], [42.03764, -1.013195], [42.037083, -1.015417], [42.038471, -1.017362], [42.035694, -1.020694], [42.035973, -1.022362], [42.03014, -1.028194], [42.030693, -1.030416], [42.027637, -1.034305], [42.025696, -1.034583], [42.026249, -1.031251], [42.032639, -1.02375], [42.026806, -1.02375], [42.021252, -1.020972], [42.024307, -1.014305], [42.032082, -1.008473], [42.030972, -1.003194], [42.03236, -0.999584], [42.034306, -0.998194], [42.034863, -1.001528], [42.037361, -1.000972], [42.040417, -0.992918], [42.044304, -0.989027], [42.053749, -0.986805], [42.058193, -0.983473], [42.055138, -0.987639]]], [[[42.060139, -0.982361], [42.060139, -0.980417], [42.064861, -0.97625], [42.060139, -0.982361]]], [[[42.079304, -0.976529], [42.077915, -0.97625], [42.079304, -0.974028], [42.084583, -0.970972], [42.081528, -0.975972], [42.079304, -0.976529]]], [[[42.107639, -0.942638], [42.108471, -0.944306], [42.105694, -0.947916], [42.099861, -0.952639], [42.104862, -0.943194], [42.107639, -0.942638]]], [[[42.094028, -0.944584], [42.094307, -0.942362], [42.095974, -0.941528], [42.094028, -0.944584]]], [[[42.088749, -0.924304], [42.087917, -0.927083], [42.086529, -0.927361], [42.088749, -0.924304]]], [[[42.118473, -0.91875], [42.12014, -0.920694], [42.115971, -0.925417], [42.115417, -0.923473], [42.118473, -0.91875]]], [[[42.202915, -0.825417], [42.199585, -0.830972], [42.190971, -0.83875], [42.185139, -0.849305], [42.171528, -0.859306], [42.159584, -0.873473], [42.145138, -0.887362], [42.143749, -0.894582], [42.145416, -0.894582], [42.141529, -0.899305], [42.138474, -0.900417], [42.141251, -0.898473], [42.140694, -0.89736], [42.135693, -0.899305], [42.128193, -0.905973], [42.127918, -0.903751], [42.135693, -0.896251], [42.136528, -0.890694], [42.142918, -0.881805], [42.149029, -0.877917], [42.151806, -0.875139], [42.152637, -0.871805], [42.158749, -0.868194], [42.164028, -0.862362], [42.170139, -0.848473], [42.172916, -0.848195], [42.17514, -0.850973], [42.176529, -0.847083], [42.180973, -0.847917], [42.189304, -0.840694], [42.189583, -0.838472], [42.204582, -0.822639], [42.202915, -0.825417]]], [[[42.228195, -0.798473], [42.228195, -0.800139], [42.219028, -0.809028], [42.215416, -0.814582], [42.205418, -0.822083], [42.225693, -0.799027], [42.228195, -0.798473]]], [[[42.240971, -0.780972], [42.241528, -0.782362], [42.238194, -0.784584], [42.235973, -0.790139], [42.232639, -0.793473], [42.235416, -0.785972], [42.240971, -0.780972]]], [[[42.25486, -0.764029], [42.25486, -0.767639], [42.252083, -0.770695], [42.246529, -0.769861], [42.247917, -0.767917], [42.249863, -0.768751], [42.251804, -0.767639], [42.25486, -0.764029]]], [[[42.259583, -0.748193], [42.255695, -0.750972], [42.254028, -0.754584], [42.253471, -0.753472], [42.256798, -0.748462], [42.259583, -0.748193]]], [[[42.30986, -0.699862], [42.30986, -0.701528], [42.304028, -0.705972], [42.289585, -0.724862], [42.27264, -0.740695], [42.267361, -0.748471], [42.262638, -0.750694], [42.276806, -0.731528], [42.278194, -0.725972], [42.285416, -0.724584], [42.288193, -0.719027], [42.292641, -0.717639], [42.304585, -0.702916], [42.30986, -0.699862]]], [[[42.313194, -0.695693], [42.312363, -0.694862], [42.319027, -0.688749], [42.313194, -0.695693]]], [[[42.350418, -0.62125], [42.35125, -0.625416], [42.354027, -0.627082], [42.349861, -0.628751], [42.349304, -0.631805], [42.350693, -0.631529], [42.351528, -0.633195], [42.35014, -0.636249], [42.347637, -0.637083], [42.342918, -0.64264], [42.339027, -0.649584], [42.339863, -0.65236], [42.337082, -0.657639], [42.333752, -0.659027], [42.331806, -0.662083], [42.330696, -0.660417], [42.330971, -0.657361], [42.332638, -0.657083], [42.332638, -0.65236], [42.329861, -0.651528], [42.328472, -0.654582], [42.328472, -0.663473], [42.325974, -0.663473], [42.324028, -0.661805], [42.324306, -0.659583], [42.321804, -0.658751], [42.322361, -0.654307], [42.320694, -0.653194], [42.320694, -0.65125], [42.323471, -0.648472], [42.322639, -0.642918], [42.325695, -0.639305], [42.329582, -0.641528], [42.33514, -0.640971], [42.34264, -0.62486], [42.345696, -0.62236], [42.350418, -0.62125]]], [[[42.360138, -0.604861], [42.359859, -0.606527], [42.352917, -0.610971], [42.355141, -0.606251], [42.357639, -0.604583], [42.360138, -0.604861]]], [[[42.365696, -0.603473], [42.36264, -0.606527], [42.363472, -0.604305], [42.365696, -0.603473]]], [[[42.378471, -0.590694], [42.380974, -0.583749], [42.385139, -0.580417], [42.378471, -0.590694]]], [[[42.401527, -0.563194], [42.39986, -0.56375], [42.39986, -0.565694], [42.394859, -0.568194], [42.394859, -0.566528], [42.39764, -0.56514], [42.399029, -0.562362], [42.402363, -0.561528], [42.401527, -0.563194]]], [[[42.408196, -0.556249], [42.408474, -0.557639], [42.403473, -0.561806], [42.40514, -0.557639], [42.408196, -0.556249]]], [[[42.409863, -0.551251], [42.406528, -0.555973], [42.404305, -0.555695], [42.401806, -0.557917], [42.402637, -0.555139], [42.405418, -0.554861], [42.409863, -0.551251]]], [[[42.414028, -0.550973], [42.414028, -0.548751], [42.416248, -0.548195], [42.414028, -0.550973]]], [[[42.442081, -0.541806], [42.44125, -0.540138], [42.443474, -0.53875], [42.442081, -0.541806]]], [[[42.430138, -0.532083], [42.425972, -0.538194], [42.421806, -0.540416], [42.425972, -0.534306], [42.430138, -0.532083]]], [[[42.428471, -0.529305], [42.431252, -0.522361], [42.438194, -0.516806], [42.428471, -0.529305]]], [[[42.479305, -0.477361], [42.479027, -0.479027], [42.476807, -0.479584], [42.47736, -0.477639], [42.479305, -0.477361]]], [[[42.510971, -0.434584], [42.511806, -0.43625], [42.510139, -0.440695], [42.507084, -0.440417], [42.506527, -0.438751], [42.507916, -0.437638], [42.506248, -0.43736], [42.506527, -0.43625], [42.510971, -0.434584]]], [[[44.040417, 1.10736], [44.040417, 1.105416], [44.035137, 1.101528], [44.03653, 1.105694], [44.040417, 1.10736]]], [[[45.089306, 1.905972], [45.08847, 1.906806], [45.090973, 1.907916], [45.089306, 1.905972]]], [[[51.182919, 10.559861], [51.190693, 10.542084], [51.19125, 10.537084], [51.188194, 10.540416], [51.182362, 10.557639], [51.182919, 10.559861]]], [[[46.928749, 10.919028], [46.928749, 10.917084], [46.926529, 10.917362], [46.928749, 10.919028]]], [[[47.249027, 11.229861], [47.240971, 11.219584], [47.23764, 11.217082], [47.234028, 11.216528], [47.239582, 11.223751], [47.249027, 11.229861]]], [[[43.46125, 11.354028], [43.46764, 11.352084], [43.464306, 11.350138], [43.460415, 11.352084], [43.46125, 11.354028]]], [[[43.498749, 11.375694], [43.505974, 11.374584], [43.504307, 11.37264], [43.497639, 11.374584], [43.493473, 11.37264], [43.495419, 11.375416], [43.498749, 11.375694]]], [[[43.451527, 11.432916], [43.446804, 11.432916], [43.446804, 11.434304], [43.451527, 11.432916]]], [[[43.371807, 11.442639], [43.372917, 11.438751], [43.37125, 11.435694], [43.375137, 11.436529], [43.376804, 11.442083], [43.379581, 11.442639], [43.381248, 11.440973], [43.381248, 11.435694], [43.376804, 11.43736], [43.374863, 11.434028], [43.368752, 11.434028], [43.368473, 11.442083], [43.371807, 11.442639]]], [[[43.336239, 11.448749], [43.335972, 11.445417], [43.334305, 11.443751], [43.332916, 11.448471], [43.336239, 11.448749]]], [[[43.451527, 11.432916], [43.447918, 11.435416], [43.456528, 11.447917], [43.459862, 11.449583], [43.469582, 11.449583], [43.472916, 11.448471], [43.474861, 11.445693], [43.475971, 11.439585], [43.470974, 11.427084], [43.465973, 11.424306], [43.464863, 11.416527], [43.459305, 11.417917], [43.459026, 11.419861], [43.453751, 11.418473], [43.454861, 11.42875], [43.451527, 11.432916]]], [[[43.364029, 11.465973], [43.365417, 11.464582], [43.364582, 11.462082], [43.359306, 11.463472], [43.364029, 11.465973]]], [[[43.290417, 11.488194], [43.294029, 11.485972], [43.284027, 11.486528], [43.282082, 11.48264], [43.281528, 11.48625], [43.285694, 11.488194], [43.290417, 11.488194]]], [[[43.464306, 11.515416], [43.468472, 11.51125], [43.462917, 11.50625], [43.456249, 11.494029], [43.449028, 11.489582], [43.452362, 11.495695], [43.453194, 11.502639], [43.459862, 11.50875], [43.462082, 11.514304], [43.464306, 11.515416]]]]}, "properties": {"name": "Somalia"}, "id": "SOM"}, {"type": "Feature", "geometry": {"type": "Polygon", "coordinates": [[[22.65715, 44.234923], [22.410446, 44.008063], [22.500157, 43.642814], [22.986019, 43.211161], [22.604801, 42.898519], [22.436595, 42.580321], [22.545012, 42.461362], [22.380526, 42.32026], [21.91708, 42.30364], [21.576636, 42.245224], [21.54332, 42.32025], [21.66292, 42.43922], [21.77505, 42.6827], [21.63302, 42.67717], [21.43866, 42.86255], [21.27421, 42.90959], [21.143395, 43.068685], [20.95651, 43.13094], [20.81448, 43.27205], [20.63508, 43.21671], [20.49679, 42.88469], [20.25758, 42.81275], [20.3398, 42.89852], [19.95857, 43.10604], [19.63, 43.21378], [19.48389, 43.35229], [19.21852, 43.52384], [19.454, 43.5681], [19.59976, 44.03847], [19.11761, 44.42307], [19.36803, 44.863], [19.00548, 44.86023], [19.005484729036837, 44.86023462204895], [19.390476, 45.236516], [19.072769, 45.521511], [18.82982461077362, 45.90887264837161], [18.829838, 45.908878], [19.596045, 46.17173], [20.220192, 46.127469], [20.762175, 45.734573], [20.874313, 45.416375], [21.483526, 45.18117], [21.562023, 44.768947], [22.145088, 44.478422], [22.459022, 44.702517], [22.705726, 44.578003], [22.474008, 44.409228], [22.65715, 44.234923]]]}, "properties": {"name": "Republic of Serbia"}, "id": "SRB"}, {"type": "Feature", "geometry": {"type": "Polygon", "coordinates": [[[-54.524754, 2.311849], [-55.097587, 2.523748], [-55.569755, 2.421506], [-55.973322, 2.510364], [-56.073342, 2.220795], [-55.9056, 2.021996], [-55.995698, 1.817667], [-56.539386, 1.899523], [-57.150098, 2.768927], [-57.281433, 3.333492], [-57.601569, 3.334655], [-58.044694, 4.060864], [-57.86021, 4.576801], [-57.914289, 4.812626], [-57.307246, 5.073567], [-57.147436, 5.97315], [-55.949318, 5.772878], [-55.84178, 5.953125], [-55.03325, 6.025291], [-53.958045, 5.756548], [-54.478633, 4.896756], [-54.399542, 4.212611], [-54.011504, 3.62257], [-54.184284, 3.194172], [-54.27123, 2.738748], [-54.524754, 2.311849]]]}, "properties": {"name": "Suriname"}, "id": "SUR"}, {"type": "Feature", "geometry": {"type": "Polygon", "coordinates": [[[16.979667, 48.123497], [16.879983, 48.470013], [16.960288, 48.596982], [17.101985, 48.816969], [17.545007, 48.800019], [17.886485, 48.903475], [17.913512, 48.996493], [18.104973, 49.043983], [18.170498, 49.271515], [18.399994, 49.315001], [18.554971, 49.495015], [18.853144, 49.49623], [18.909575, 49.435846], [19.320713, 49.571574], [19.825023, 49.217125], [20.415839, 49.431453], [20.887955, 49.328772], [21.607808, 49.470107], [22.558138, 49.085738], [22.280842, 48.825392], [22.085608, 48.422264], [21.872236, 48.319971], [20.801294, 48.623854], [20.473562, 48.56285], [20.239054, 48.327567], [19.769471, 48.202691], [19.661364, 48.266615], [19.174365, 48.111379], [18.777025, 48.081768], [18.696513, 47.880954], [17.857133, 47.758429], [17.488473, 47.867466], [16.979667, 48.123497]]]}, "properties": {"name": "Slovakia"}, "id": "SVK"}, {"type": "Feature", "geometry": {"type": "Polygon", "coordinates": [[[13.806475, 46.509306], [14.632472, 46.431817], [15.137092, 46.658703], [16.011664, 46.683611], [16.202298, 46.852386], [16.370505, 46.841327], [16.564808, 46.503751], [15.768733, 46.238108], [15.67153, 45.834154], [15.323954, 45.731783], [15.327675, 45.452316], [14.935244, 45.471695], [14.595109, 45.634941], [14.411968, 45.466166], [13.71506, 45.500324], [13.93763, 45.591016], [13.69811, 46.016778], [13.806475, 46.509306]]]}, "properties": {"name": "Slovenia"}, "id": "SVN"}, {"type": "Feature", "geometry": {"type": "Polygon", "coordinates": [[[20.645593, 69.106247], [21.978535, 68.616846], [23.539473, 67.936009], [23.56588, 66.396051], [23.903379, 66.006927], [22.183173, 65.723741], [21.213517, 65.026005], [21.369631, 64.413588], [19.778876, 63.609554], [17.847779, 62.7494], [17.119555, 61.341166], [17.831346, 60.636583], [18.787722, 60.081914], [17.869225, 58.953766], [16.829185, 58.719827], [16.44771, 57.041118], [15.879786, 56.104302], [14.666681, 56.200885], [14.100721, 55.407781], [12.942911, 55.361737], [12.625101, 56.30708], [11.787942, 57.441817], [11.027369, 58.856149], [11.468272, 59.432393], [12.300366, 60.117933], [12.631147, 61.293572], [11.992064, 61.800362], [11.930569, 63.128318], [12.579935, 64.066219], [13.571916, 64.049114], [13.919905, 64.445421], [13.55569, 64.787028], [15.108411, 66.193867], [16.108712, 67.302456], [16.768879, 68.013937], [17.729182, 68.010552], [17.993868, 68.567391], [19.87856, 68.407194], [20.025269, 69.065139], [20.645593, 69.106247]]]}, "properties": {"name": "Sweden"}, "id": "SWE"}, {"type": "Feature", "geometry": {"type": "Polygon", "coordinates": [[[31.837778, -25.843332], [31.985779, -26.29178], [32.071665, -26.73382], [31.86806, -27.177927], [31.282773, -27.285879], [30.685962, -26.743845], [30.676609, -26.398078], [30.949667, -26.022649], [31.04408, -25.731452], [31.333158, -25.660191], [31.837778, -25.843332]]]}, "properties": {"name": "Swaziland"}, "id": "SWZ"}, {"type": "Feature", "geometry": {"type": "Polygon", "coordinates": [[[42.349591, 37.229873], [41.837064, 36.605854], [41.289707, 36.358815], [41.383965, 35.628317], [41.006159, 34.419372], [38.792341, 33.378686], [36.834062, 32.312938], [35.719918, 32.709192], [35.700798, 32.716014], [35.836397, 32.868123], [35.821101, 33.277426], [36.06646, 33.824912], [36.61175, 34.201789], [36.448194, 34.593935], [35.998403, 34.644914], [35.905023, 35.410009], [36.149763, 35.821535], [36.41755, 36.040617], [36.685389, 36.259699], [36.739494, 36.81752], [37.066761, 36.623036], [38.167727, 36.90121], [38.699891, 36.712927], [39.52258, 36.716054], [40.673259, 37.091276], [41.212089, 37.074352], [42.349591, 37.229873]]]}, "properties": {"name": "Syria"}, "id": "SYR"}, {"type": "Feature", "geometry": {"type": "Polygon", "coordinates": [[[15.27946, 7.421925], [15.436092, 7.692812], [15.120866, 8.38215], [14.979996, 8.796104], [14.544467, 8.965861], [13.954218, 9.549495], [14.171466, 10.021378], [14.627201, 9.920919], [14.909354, 9.992129], [15.467873, 9.982337], [14.923565, 10.891325], [14.960152, 11.555574], [14.89336, 12.21905], [14.495787, 12.859396], [14.595781, 13.330427], [13.954477, 13.353449], [13.956699, 13.996691], [13.540394, 14.367134], [13.97217, 15.68437], [15.247731, 16.627306], [15.300441, 17.92795], [15.685741, 19.95718], [15.903247, 20.387619], [15.487148, 20.730415], [15.47106, 21.04845], [15.096888, 21.308519], [14.8513, 22.86295], [15.86085, 23.40972], [19.84926, 21.49509], [23.83766, 19.58047], [23.88689, 15.61084], [23.02459, 15.68072], [22.56795, 14.94429], [22.30351, 14.32682], [22.51202, 14.09318], [22.18329, 13.78648], [22.29658, 13.37232], [22.03759, 12.95546], [21.93681, 12.58818], [22.28801, 12.64605], [22.49762, 12.26024], [22.50869, 11.67936], [22.87622, 11.38461], [22.864165, 11.142395], [22.231129, 10.971889], [21.723822, 10.567056], [21.000868, 9.475985], [20.059685, 9.012706], [19.094008, 9.074847], [18.81201, 8.982915], [18.911022, 8.630895], [18.389555, 8.281304], [17.96493, 7.890914], [16.705988, 7.508328], [16.456185, 7.734774], [16.290562, 7.754307], [16.106232, 7.497088], [15.27946, 7.421925]]]}, "properties": {"name": "Chad"}, "id": "TCD"}, {"type": "Feature", "geometry": {"type": "Polygon", "coordinates": [[[0.899563, 10.997339], [0.772336, 10.470808], [1.077795, 10.175607], [1.425061, 9.825395], [1.463043, 9.334624], [1.664478, 9.12859], [1.618951, 6.832038], [1.865241, 6.142158], [1.060122, 5.928837], [0.836931, 6.279979], [0.570384, 6.914359], [0.490957, 7.411744], [0.712029, 8.312465], [0.461192, 8.677223], [0.365901, 9.465004], [0.36758, 10.191213], [-0.049785, 10.706918], [0.023803, 11.018682], [0.899563, 10.997339]]]}, "properties": {"name": "Togo"}, "id": "TGO"}, {"type": "Feature", "geometry": {"type": "Polygon", "coordinates": [[[105.218777, 14.273212], [104.281418, 14.416743], [102.988422, 14.225721], [102.348099, 13.394247], [102.584932, 12.186595], [101.687158, 12.64574], [100.83181, 12.627085], [100.978467, 13.412722], [100.097797, 13.406856], [100.018733, 12.307001], [99.478921, 10.846367], [99.153772, 9.963061], [99.222399, 9.239255], [99.873832, 9.207862], [100.279647, 8.295153], [100.459274, 7.429573], [101.017328, 6.856869], [101.623079, 6.740622], [102.141187, 6.221636], [101.814282, 5.810808], [101.154219, 5.691384], [101.075516, 6.204867], [100.259596, 6.642825], [100.085757, 6.464489], [99.690691, 6.848213], [99.519642, 7.343454], [98.988253, 7.907993], [98.503786, 8.382305], [98.339662, 7.794512], [98.150009, 8.350007], [98.25915, 8.973923], [98.553551, 9.93296], [99.038121, 10.960546], [99.587286, 11.892763], [99.196354, 12.804748], [99.212012, 13.269294], [99.097755, 13.827503], [98.430819, 14.622028], [98.192074, 15.123703], [98.537376, 15.308497], [98.903348, 16.177824], [98.493761, 16.837836], [97.859123, 17.567946], [97.375896, 18.445438], [97.797783, 18.62708], [98.253724, 19.708203], [98.959676, 19.752981], [99.543309, 20.186598], [100.115988, 20.41785], [100.548881, 20.109238], [100.606294, 19.508344], [101.282015, 19.462585], [101.035931, 18.408928], [101.059548, 17.512497], [102.113592, 18.109102], [102.413005, 17.932782], [102.998706, 17.961695], [103.200192, 18.309632], [103.956477, 18.240954], [104.716947, 17.428859], [104.779321, 16.441865], [105.589039, 15.570316], [105.544338, 14.723934], [105.218777, 14.273212]]]}, "properties": {"name": "Thailand"}, "id": "THA"}, {"type": "Feature", "geometry": {"type": "Polygon", "coordinates": [[[74.980002, 37.41999], [73.948696, 37.421566], [73.260056, 37.495257], [72.63689, 37.047558], [72.193041, 36.948288], [71.844638, 36.738171], [71.448693, 37.065645], [71.541918, 37.905774], [71.239404, 37.953265], [71.348131, 38.258905], [70.806821, 38.486282], [70.376304, 38.138396], [70.270574, 37.735165], [70.116578, 37.588223], [69.518785, 37.608997], [69.196273, 37.151144], [68.859446, 37.344336], [68.135562, 37.023115], [67.83, 37.144994], [68.392033, 38.157025], [68.176025, 38.901553], [67.44222, 39.140144], [67.701429, 39.580478], [68.536416, 39.533453], [69.011633, 40.086158], [69.329495, 40.727824], [70.666622, 40.960213], [70.45816, 40.496495], [70.601407, 40.218527], [71.014198, 40.244366], [70.648019, 39.935754], [69.55961, 40.103211], [69.464887, 39.526683], [70.549162, 39.604198], [71.784694, 39.279463], [73.675379, 39.431237], [73.928852, 38.505815], [74.257514, 38.606507], [74.864816, 38.378846], [74.829986, 37.990007], [74.980002, 37.41999]]]}, "properties": {"name": "Tajikistan"}, "id": "TJK"}, {"type": "Feature", "geometry": {"type": "Polygon", "coordinates": [[[66.518607, 37.362784], [66.217385, 37.39379], [65.745631, 37.661164], [65.588948, 37.305217], [64.746105, 37.111818], [64.546479, 36.312073], [63.982896, 36.007957], [63.193538, 35.857166], [62.984662, 35.404041], [62.230651, 35.270664], [61.210817, 35.650072], [61.123071, 36.491597], [60.377638, 36.527383], [59.234762, 37.412988], [58.436154, 37.522309], [57.330434, 38.029229], [56.619366, 38.121394], [56.180375, 37.935127], [55.511578, 37.964117], [54.800304, 37.392421], [53.921598, 37.198918], [53.735511, 37.906136], [53.880929, 38.952093], [53.101028, 39.290574], [53.357808, 39.975286], [52.693973, 40.033629], [52.915251, 40.876523], [53.858139, 40.631034], [54.736845, 40.951015], [54.008311, 41.551211], [53.721713, 42.123191], [52.91675, 41.868117], [52.814689, 41.135371], [52.50246, 41.783316], [52.944293, 42.116034], [54.079418, 42.324109], [54.755345, 42.043971], [55.455251, 41.259859], [55.968191, 41.308642], [57.096391, 41.32231], [56.932215, 41.826026], [57.78653, 42.170553], [58.629011, 42.751551], [59.976422, 42.223082], [60.083341, 41.425146], [60.465953, 41.220327], [61.547179, 41.26637], [61.882714, 41.084857], [62.37426, 40.053886], [63.518015, 39.363257], [64.170223, 38.892407], [65.215999, 38.402695], [66.54615, 37.974685], [66.518607, 37.362784]]]}, "properties": {"name": "Turkmenistan"}, "id": "TKM"}, {"type": "Feature", "geometry": {"type": "Polygon", "coordinates": [[[125.08852, -9.393173], [125.07002, -9.089987], [124.968682, -8.89279], [125.086246, -8.656887], [125.947072, -8.432095], [126.644704, -8.398247], [126.957243, -8.273345], [127.335928, -8.397317], [126.967992, -8.668256], [125.925885, -9.106007], [125.08852, -9.393173]]]}, "properties": {"name": "East Timor"}, "id": "TLS"}, {"type": "Feature", "geometry": {"type": "Polygon", "coordinates": [[[-61.68, 10.76], [-61.105, 10.89], [-60.895, 10.855], [-60.935, 10.11], [-61.77, 10], [-61.95, 10.09], [-61.66, 10.365], [-61.68, 10.76]]]}, "properties": {"name": "Trinidad and Tobago"}, "id": "TTO"}, {"type": "Feature", "geometry": {"type": "Polygon", "coordinates": [[[9.48214, 30.307556], [9.055603, 32.102692], [8.439103, 32.506285], [8.430473, 32.748337], [7.612642, 33.344115], [7.524482, 34.097376], [8.140981, 34.655146], [8.376368, 35.479876], [8.217824, 36.433177], [8.420964, 36.946427], [9.509994, 37.349994], [10.210002, 37.230002], [10.18065, 36.724038], [11.028867, 37.092103], [11.100026, 36.899996], [10.600005, 36.41], [10.593287, 35.947444], [10.939519, 35.698984], [10.807847, 34.833507], [10.149593, 34.330773], [10.339659, 33.785742], [10.856836, 33.76874], [11.108501, 33.293343], [11.488787, 33.136996], [11.432253, 32.368903], [10.94479, 32.081815], [10.636901, 31.761421], [9.950225, 31.37607], [10.056575, 30.961831], [9.970017, 30.539325], [9.48214, 30.307556]]]}, "properties": {"name": "Tunisia"}, "id": "TUN"}, {"type": "Feature", "geometry": {"type": "MultiPolygon", "coordinates": [[[[43.582746, 41.092143], [43.752658, 40.740201], [43.656436, 40.253564], [44.400009, 40.005], [44.79399, 39.713003], [44.109225, 39.428136], [44.421403, 38.281281], [44.225756, 37.971584], [44.77267, 37.17045], [44.7726769395924, 37.170437223870536], [44.293452, 37.001514], [43.942259, 37.256228], [42.779126, 37.385264], [42.349591, 37.229873], [41.212089, 37.074352], [40.673259, 37.091276], [39.52258, 36.716054], [38.699891, 36.712927], [38.167727, 36.90121], [37.066761, 36.623036], [36.739494, 36.81752], [36.685389, 36.259699], [36.41755, 36.040617], [36.149763, 35.821535], [35.782085, 36.274995], [36.160822, 36.650606], [35.550936, 36.565443], [34.714553, 36.795532], [34.026895, 36.21996], [32.509158, 36.107564], [31.699595, 36.644275], [30.621625, 36.677865], [30.391096, 36.262981], [29.699976, 36.144357], [28.732903, 36.676831], [27.641187, 36.658822], [27.048768, 37.653361], [26.318218, 38.208133], [26.8047, 38.98576], [26.170785, 39.463612], [27.28002, 40.420014], [28.819978, 40.460011], [29.240004, 41.219991], [31.145934, 41.087622], [32.347979, 41.736264], [33.513283, 42.01896], [35.167704, 42.040225], [36.913127, 41.335358], [38.347665, 40.948586], [39.512607, 41.102763], [40.373433, 41.013673], [41.554084, 41.535656], [42.619549, 41.583173], [43.582746, 41.092143]]], [[[26.117042, 41.826905], [27.135739, 42.141485], [27.99672, 42.007359], [28.115525, 41.622886], [28.988443, 41.299934], [28.806438, 41.054962], [27.619017, 40.999823], [27.192377, 40.690566], [26.358009, 40.151994], [26.043351, 40.617754], [26.056942, 40.824123], [26.294602, 40.936261], [26.604196, 41.562115], [26.117042, 41.826905]]]]}, "properties": {"name": "Turkey"}, "id": "TUR"}, {"type": "Feature", "geometry": {"type": "Polygon", "coordinates": [[[121.777818, 24.394274], [121.175632, 22.790857], [120.74708, 21.970571], [120.220083, 22.814861], [120.106189, 23.556263], [120.69468, 24.538451], [121.495044, 25.295459], [121.951244, 24.997596], [121.777818, 24.394274]]]}, "properties": {"name": "Taiwan"}, "id": "TWN"}, {"type": "Feature", "geometry": {"type": "Polygon", "coordinates": [[[30.469673719645275, -2.4138552588224256], [30.46967, -2.41383], [30.758309, -2.28725], [30.816135, -1.698914], [30.419105, -1.134659], [30.76986, -1.01455], [31.86617, -1.02736], [33.903711, -0.95], [34.07262, -1.05982], [37.69869, -3.09699], [37.7669, -3.67712], [39.20222, -4.67677], [38.74054, -5.90895], [38.79977, -6.47566], [39.44, -6.84], [39.47, -7.1], [39.19469, -7.7039], [39.25203, -8.00781], [39.18652, -8.48551], [39.53574, -9.11237], [39.9496, -10.0984], [40.31658643025367, -10.317097872684482], [40.31659, -10.3171], [39.521, -10.89688], [38.427557, -11.285202], [37.82764, -11.26879], [37.47129, -11.56876], [36.775151, -11.594537], [36.514082, -11.720938], [35.312398, -11.439146], [34.559989, -11.52002], [34.28, -10.16], [33.940838, -9.693674], [33.73972, -9.41715], [32.759375, -9.230599], [32.191865, -8.930359], [31.556348, -8.762049], [31.157751, -8.594579], [30.740008902010747, -8.34000542491818], [30.740015, -8.340007], [30.199997, -7.079981], [29.620032, -6.520015], [29.419993, -5.939999], [29.519987, -5.419979], [29.339998, -4.499983], [29.753512, -4.452389], [30.11632, -4.09012], [30.50554, -3.56858], [30.75224, -3.35931], [30.74301, -3.03431], [30.52766, -2.80762], [30.469673719645275, -2.4138552588224256]]]}, "properties": {"name": "United Republic of Tanzania"}, "id": "TZA"}, {"type": "Feature", "geometry": {"type": "Polygon", "coordinates": [[[29.579466, -1.341313], [29.587838, -0.587406], [29.819503, -0.20531], [29.875779, 0.59738], [30.086154, 1.062313], [30.468508, 1.583805], [30.85267, 1.849396], [31.174149, 2.204465], [30.773347, 2.339883], [30.83386, 3.509166], [30.833852503694974, 3.5091716585284063], [31.24556, 3.7819], [31.88145, 3.55827], [32.68642, 3.79232], [33.39, 3.79], [34.005, 4.249885], [34.47913, 3.5556], [34.59607, 3.05374], [35.03599, 1.90584], [34.6721, 1.17694], [34.18, 0.515], [33.893569, 0.109814], [33.903711, -0.95], [31.86617, -1.02736], [30.76986, -1.01455], [30.419105, -1.134659], [29.821519, -1.443322], [29.579466, -1.341313]]]}, "properties": {"name": "Uganda"}, "id": "UGA"}, {"type": "Feature", "geometry": {"type": "Polygon", "coordinates": [[[23.527071, 51.578454], [24.005078, 51.617444], [24.553106, 51.888461], [25.327788, 51.910656], [26.337959, 51.832289], [27.454066, 51.592303], [28.241615, 51.572227], [28.617613, 51.427714], [28.992835, 51.602044], [29.254938, 51.368234], [30.157364, 51.416138], [30.555117, 51.319503], [30.619454, 51.822806], [30.927549, 52.042353], [31.785992186245153, 52.101677598227724], [32.15944, 52.06125], [32.412058, 52.288695], [32.715761, 52.238465], [33.7527, 52.335075], [34.391731, 51.768882], [34.141978, 51.566413], [34.224816, 51.255993], [35.022183, 51.207572], [35.37791, 50.77394], [35.356116, 50.577197], [36.626168, 50.225591], [37.39346, 50.383953], [38.010631, 49.915662], [38.594988, 49.926462], [40.06904, 49.60105], [40.080789, 49.30743], [39.67465, 48.78382], [39.89562, 48.23241], [39.738278, 47.898937], [38.77057, 47.82562], [38.255112, 47.5464], [38.223538, 47.10219], [37.425137, 47.022221], [36.759855, 46.6987], [35.823685, 46.645964], [34.962342, 46.273197], [35.020788, 45.651219], [35.510009, 45.409993], [36.529998, 45.46999], [36.334713, 45.113216], [35.239999, 44.939996], [33.882511, 44.361479], [33.326421, 44.564877], [33.546924, 45.034771], [32.454174, 45.327466], [32.630804, 45.519186], [33.588162, 45.851569], [33.298567, 46.080598], [31.74414, 46.333348], [31.675307, 46.706245], [30.748749, 46.5831], [30.377609, 46.03241], [29.603289, 45.293308], [29.149725, 45.464925], [28.679779, 45.304031], [28.233554, 45.488283], [28.485269, 45.596907], [28.659987, 45.939987], [28.933717, 46.25883], [28.862972, 46.437889], [29.072107, 46.517678], [29.170654, 46.379262], [29.759972, 46.349988], [30.024659, 46.423937], [29.83821, 46.525326], [29.908852, 46.674361], [29.559674, 46.928583], [29.415135, 47.346645], [29.050868, 47.510227], [29.122698, 47.849095], [28.670891, 48.118149], [28.259547, 48.155562], [27.522537, 48.467119], [26.857824, 48.368211], [26.619337, 48.220726], [26.19745, 48.220881], [25.945941, 47.987149], [25.207743, 47.891056], [24.866317, 47.737526], [24.402056, 47.981878], [23.760958, 47.985598], [23.142236, 48.096341], [22.710531, 47.882194], [22.64082, 48.15024], [22.085608, 48.422264], [22.280842, 48.825392], [22.558138, 49.085738], [22.776419, 49.027395], [22.51845, 49.476774], [23.426508, 50.308506], [23.922757, 50.424881], [24.029986, 50.705407], [23.527071, 51.578454]]]}, "properties": {"name": "Ukraine"}, "id": "UKR"}, {"type": "Feature", "geometry": {"type": "Polygon", "coordinates": [[[-58.427074, -33.909454], [-58.349611, -33.263189], [-58.132648, -33.040567], [-58.14244, -32.044504], [-57.874937, -31.016556], [-57.625133, -30.216295], [-56.976026, -30.109686], [-55.973245, -30.883076], [-55.60151, -30.853879], [-54.572452, -31.494511], [-53.787952, -32.047243], [-53.209589, -32.727666], [-53.650544, -33.202004], [-53.373662, -33.768378], [-53.806426, -34.396815], [-54.935866, -34.952647], [-55.67409, -34.752659], [-56.215297, -34.859836], [-57.139685, -34.430456], [-57.817861, -34.462547], [-58.427074, -33.909454]]]}, "properties": {"name": "Uruguay"}, "id": "URY"}, {"type": "Feature", "geometry": {"type": "MultiPolygon", "coordinates": [[[[-122.84, 49], [-120, 49], [-117.03121, 49], [-116.04818, 49], [-113, 49], [-110.05, 49], [-107.05, 49], [-104.04826, 48.99986], [-100.65, 49], [-97.22872, 49.0007], [-95.15907, 49], [-95.15609, 49.38425], [-94.81758, 49.38905], [-94.64, 48.84], [-94.32914, 48.67074], [-93.63087, 48.60926], [-92.61, 48.45], [-91.64, 48.14], [-90.83, 48.27], [-89.6, 48.01], [-89.272917, 48.019808], [-88.378114, 48.302918], [-87.439793, 47.94], [-86.461991, 47.553338], [-85.652363, 47.220219], [-84.87608, 46.900083], [-84.779238, 46.637102], [-84.543749, 46.538684], [-84.6049, 46.4396], [-84.3367, 46.40877], [-84.14212, 46.512226], [-84.091851, 46.275419], [-83.890765, 46.116927], [-83.616131, 46.116927], [-83.469551, 45.994686], [-83.592851, 45.816894], [-82.550925, 45.347517], [-82.337763, 44.44], [-82.137642, 43.571088], [-82.43, 42.98], [-82.9, 42.43], [-83.12, 42.08], [-83.142, 41.975681], [-83.02981, 41.832796], [-82.690089, 41.675105], [-82.439278, 41.675105], [-81.277747, 42.209026], [-80.247448, 42.3662], [-78.939362, 42.863611], [-78.92, 42.965], [-79.01, 43.27], [-79.171674, 43.466339], [-78.72028, 43.625089], [-77.737885, 43.629056], [-76.820034, 43.628784], [-76.5, 44.018459], [-76.375, 44.09631], [-75.31821, 44.81645], [-74.867, 45.00048], [-73.34783, 45.00738], [-71.50506, 45.0082], [-71.405, 45.255], [-71.08482, 45.30524], [-70.66, 45.46], [-70.305, 45.915], [-69.99997, 46.69307], [-69.237216, 47.447781], [-68.905, 47.185], [-68.23444, 47.35486], [-67.79046, 47.06636], [-67.79134, 45.70281], [-67.13741, 45.13753], [-66.96466, 44.8097], [-68.03252, 44.3252], [-69.06, 43.98], [-70.11617, 43.68405], [-70.645476, 43.090238], [-70.81489, 42.8653], [-70.825, 42.335], [-70.495, 41.805], [-70.08, 41.78], [-70.185, 42.145], [-69.88497, 41.92283], [-69.96503, 41.63717], [-70.64, 41.475], [-71.12039, 41.49445], [-71.86, 41.32], [-72.295, 41.27], [-72.87643, 41.22065], [-73.71, 40.931102], [-72.24126, 41.11948], [-71.945, 40.93], [-73.345, 40.63], [-73.982, 40.628], [-73.952325, 40.75075], [-74.25671, 40.47351], [-73.96244, 40.42763], [-74.17838, 39.70926], [-74.90604, 38.93954], [-74.98041, 39.1964], [-75.20002, 39.24845], [-75.52805, 39.4985], [-75.32, 38.96], [-75.071835, 38.782032], [-75.05673, 38.40412], [-75.37747, 38.01551], [-75.94023, 37.21689], [-76.03127, 37.2566], [-75.72205, 37.93705], [-76.23287, 38.319215], [-76.35, 39.15], [-76.542725, 38.717615], [-76.32933, 38.08326], [-76.989998, 38.239992], [-76.30162, 37.917945], [-76.25874, 36.9664], [-75.9718, 36.89726], [-75.86804, 36.55125], [-75.72749, 35.55074], [-76.36318, 34.80854], [-77.397635, 34.51201], [-78.05496, 33.92547], [-78.55435, 33.86133], [-79.06067, 33.49395], [-79.20357, 33.15839], [-80.301325, 32.509355], [-80.86498, 32.0333], [-81.33629, 31.44049], [-81.49042, 30.72999], [-81.31371, 30.03552], [-80.98, 29.18], [-80.535585, 28.47213], [-80.53, 28.04], [-80.056539, 26.88], [-80.088015, 26.205765], [-80.13156, 25.816775], [-80.38103, 25.20616], [-80.68, 25.08], [-81.17213, 25.20126], [-81.33, 25.64], [-81.71, 25.87], [-82.24, 26.73], [-82.70515, 27.49504], [-82.85526, 27.88624], [-82.65, 28.55], [-82.93, 29.1], [-83.70959, 29.93656], [-84.1, 30.09], [-85.10882, 29.63615], [-85.28784, 29.68612], [-85.7731, 30.15261], [-86.4, 30.4], [-87.53036, 30.27433], [-88.41782, 30.3849], [-89.18049, 30.31598], [-89.593831, 30.159994], [-89.413735, 29.89419], [-89.43, 29.48864], [-89.21767, 29.29108], [-89.40823, 29.15961], [-89.77928, 29.30714], [-90.15463, 29.11743], [-90.880225, 29.148535], [-91.626785, 29.677], [-92.49906, 29.5523], [-93.22637, 29.78375], [-93.84842, 29.71363], [-94.69, 29.48], [-95.60026, 28.73863], [-96.59404, 28.30748], [-97.14, 27.83], [-97.37, 27.38], [-97.38, 26.69], [-97.33, 26.21], [-97.14, 25.87], [-97.53, 25.84], [-98.24, 26.06], [-99.02, 26.37], [-99.3, 26.84], [-99.52, 27.54], [-100.11, 28.11], [-100.45584, 28.69612], [-100.9576, 29.38071], [-101.6624, 29.7793], [-102.48, 29.76], [-103.11, 28.97], [-103.94, 29.27], [-104.45697, 29.57196], [-104.70575, 30.12173], [-105.03737, 30.64402], [-105.63159, 31.08383], [-106.1429, 31.39995], [-106.50759, 31.75452], [-108.24, 31.754854], [-108.24194, 31.34222], [-109.035, 31.34194], [-111.02361, 31.33472], [-113.30498, 32.03914], [-114.815, 32.52528], [-114.72139, 32.72083], [-115.99135, 32.61239], [-117.12776, 32.53534], [-117.295938, 33.046225], [-117.944, 33.621236], [-118.410602, 33.740909], [-118.519895, 34.027782], [-119.081, 34.078], [-119.438841, 34.348477], [-120.36778, 34.44711], [-120.62286, 34.60855], [-120.74433, 35.15686], [-121.71457, 36.16153], [-122.54747, 37.55176], [-122.51201, 37.78339], [-122.95319, 38.11371], [-123.7272, 38.95166], [-123.86517, 39.76699], [-124.39807, 40.3132], [-124.17886, 41.14202], [-124.2137, 41.99964], [-124.53284, 42.76599], [-124.14214, 43.70838], [-124.020535, 44.615895], [-123.89893, 45.52341], [-124.079635, 46.86475], [-124.39567, 47.72017], [-124.68721, 48.184433], [-124.566101, 48.379715], [-123.12, 48.04], [-122.58736, 47.096], [-122.34, 47.36], [-122.5, 48.18], [-122.84, 49]]], [[[-140.9860000007956, 69.71199954565792], [-140.9925, 66.00003], [-140.99778, 60.30639], [-140.013, 60.27682], [-139.039, 60], [-138.34089, 59.56211], [-137.4525, 58.905], [-136.47972, 59.46389], [-135.47583, 59.78778], [-134.945, 59.27056], [-134.27111, 58.86111], [-133.35556, 58.41028], [-132.73042, 57.69289], [-131.70781, 56.55212], [-130.00778, 55.91583], [-129.98, 55.285], [-130.53611, 54.80278], [-130.53610893020584, 54.80275392768934], [-130.53611, 54.802753], [-131.085818, 55.178906], [-131.967211, 55.497776], [-132.250011, 56.369996], [-133.539181, 57.178887], [-134.078063, 58.123068], [-135.038211, 58.187715], [-136.628062, 58.212209], [-137.800006, 58.499995], [-139.867787, 59.537762], [-140.825274, 59.727517], [-142.574444, 60.084447], [-143.958881, 59.99918], [-145.925557, 60.45861], [-147.114374, 60.884656], [-148.224306, 60.672989], [-148.018066, 59.978329], [-148.570823, 59.914173], [-149.727858, 59.705658], [-150.608243, 59.368211], [-151.716393, 59.155821], [-151.859433, 59.744984], [-151.409719, 60.725803], [-150.346941, 61.033588], [-150.621111, 61.284425], [-151.895839, 60.727198], [-152.57833, 60.061657], [-154.019172, 59.350279], [-153.287511, 58.864728], [-154.232492, 58.146374], [-155.307491, 57.727795], [-156.308335, 57.422774], [-156.556097, 56.979985], [-158.117217, 56.463608], [-158.433321, 55.994154], [-159.603327, 55.566686], [-160.28972, 55.643581], [-161.223048, 55.364735], [-162.237766, 55.024187], [-163.069447, 54.689737], [-164.785569, 54.404173], [-164.942226, 54.572225], [-163.84834, 55.039431], [-162.870001, 55.348043], [-161.804175, 55.894986], [-160.563605, 56.008055], [-160.07056, 56.418055], [-158.684443, 57.016675], [-158.461097, 57.216921], [-157.72277, 57.570001], [-157.550274, 58.328326], [-157.041675, 58.918885], [-158.194731, 58.615802], [-158.517218, 58.787781], [-159.058606, 58.424186], [-159.711667, 58.93139], [-159.981289, 58.572549], [-160.355271, 59.071123], [-161.355003, 58.670838], [-161.968894, 58.671665], [-162.054987, 59.266925], [-161.874171, 59.633621], [-162.518059, 59.989724], [-163.818341, 59.798056], [-164.662218, 60.267484], [-165.346388, 60.507496], [-165.350832, 61.073895], [-166.121379, 61.500019], [-165.734452, 62.074997], [-164.919179, 62.633076], [-164.562508, 63.146378], [-163.753332, 63.219449], [-163.067224, 63.059459], [-162.260555, 63.541936], [-161.53445, 63.455817], [-160.772507, 63.766108], [-160.958335, 64.222799], [-161.518068, 64.402788], [-160.777778, 64.788604], [-161.391926, 64.777235], [-162.45305, 64.559445], [-162.757786, 64.338605], [-163.546394, 64.55916], [-164.96083, 64.446945], [-166.425288, 64.686672], [-166.845004, 65.088896], [-168.11056, 65.669997], [-166.705271, 66.088318], [-164.47471, 66.57666], [-163.652512, 66.57666], [-163.788602, 66.077207], [-161.677774, 66.11612], [-162.489715, 66.735565], [-163.719717, 67.116395], [-164.430991, 67.616338], [-165.390287, 68.042772], [-166.764441, 68.358877], [-166.204707, 68.883031], [-164.430811, 68.915535], [-163.168614, 69.371115], [-162.930566, 69.858062], [-161.908897, 70.33333], [-160.934797, 70.44769], [-159.039176, 70.891642], [-158.119723, 70.824721], [-156.580825, 71.357764], [-155.06779, 71.147776], [-154.344165, 70.696409], [-153.900006, 70.889989], [-152.210006, 70.829992], [-152.270002, 70.600006], [-150.739992, 70.430017], [-149.720003, 70.53001], [-147.613362, 70.214035], [-145.68999, 70.12001], [-144.920011, 69.989992], [-143.589446, 70.152514], [-142.07251, 69.851938], [-140.9860000007956, 69.71199954565792]]], [[[-155.54211, 19.08348], [-155.68817, 18.91619], [-155.93665, 19.05939], [-155.90806, 19.33888], [-156.07347, 19.70294], [-156.02368, 19.81422], [-155.85008, 19.97729], [-155.91907, 20.17395], [-155.86108, 20.26721], [-155.78505, 20.2487], [-155.40214, 20.07975], [-155.22452, 19.99302], [-155.06226, 19.8591], [-154.80741, 19.50871], [-154.83147, 19.45328], [-155.22217, 19.23972], [-155.54211, 19.08348]]], [[[-156.07926, 20.64397], [-156.41445, 20.57241], [-156.58673, 20.783], [-156.70167, 20.8643], [-156.71055, 20.92676], [-156.61258, 21.01249], [-156.25711, 20.91745], [-155.99566, 20.76404], [-156.07926, 20.64397]]], [[[-156.75824, 21.17684], [-156.78933, 21.06873], [-157.32521, 21.09777], [-157.25027, 21.21958], [-156.75824, 21.17684]]], [[[-157.65283, 21.32217], [-157.70703, 21.26442], [-157.7786, 21.27729], [-158.12667, 21.31244], [-158.2538, 21.53919], [-158.29265, 21.57912], [-158.0252, 21.71696], [-157.94161, 21.65272], [-157.65283, 21.32217]]], [[[-159.34512, 21.982], [-159.46372, 21.88299], [-159.80051, 22.06533], [-159.74877, 22.1382], [-159.5962, 22.23618], [-159.36569, 22.21494], [-159.34512, 21.982]]], [[[-153.006314, 57.115842], [-154.00509, 56.734677], [-154.516403, 56.992749], [-154.670993, 57.461196], [-153.76278, 57.816575], [-153.228729, 57.968968], [-152.564791, 57.901427], [-152.141147, 57.591059], [-153.006314, 57.115842]]], [[[-165.579164, 59.909987], [-166.19277, 59.754441], [-166.848337, 59.941406], [-167.455277, 60.213069], [-166.467792, 60.38417], [-165.67443, 60.293607], [-165.579164, 59.909987]]], [[[-171.731657, 63.782515], [-171.114434, 63.592191], [-170.491112, 63.694975], [-169.682505, 63.431116], [-168.689439, 63.297506], [-168.771941, 63.188598], [-169.52944, 62.976931], [-170.290556, 63.194438], [-170.671386, 63.375822], [-171.553063, 63.317789], [-171.791111, 63.405846], [-171.731657, 63.782515]]]]}, "properties": {"name": "USA"}, "id": "USA"}, {"type": "Feature", "geometry": {"type": "Polygon", "coordinates": [[[67.83, 37.144994], [67.075782, 37.356144], [66.518607, 37.362784], [66.54615, 37.974685], [65.215999, 38.402695], [64.170223, 38.892407], [63.518015, 39.363257], [62.37426, 40.053886], [61.882714, 41.084857], [61.547179, 41.26637], [60.465953, 41.220327], [60.083341, 41.425146], [59.976422, 42.223082], [58.629011, 42.751551], [57.78653, 42.170553], [56.932215, 41.826026], [57.096391, 41.32231], [55.968191, 41.308642], [55.928917, 44.995858], [58.503127, 45.586804], [58.689989, 45.500014], [60.239972, 44.784037], [61.05832, 44.405817], [62.0133, 43.504477], [63.185787, 43.650075], [64.900824, 43.728081], [66.098012, 42.99766], [66.023392, 41.994646], [66.510649, 41.987644], [66.714047, 41.168444], [67.985856, 41.135991], [68.259896, 40.662325], [68.632483, 40.668681], [69.070027, 41.384244], [70.388965, 42.081308], [70.962315, 42.266154], [71.259248, 42.167711], [70.420022, 41.519998], [71.157859, 41.143587], [71.870115, 41.3929], [73.055417, 40.866033], [71.774875, 40.145844], [71.014198, 40.244366], [70.601407, 40.218527], [70.45816, 40.496495], [70.666622, 40.960213], [69.329495, 40.727824], [69.011633, 40.086158], [68.536416, 39.533453], [67.701429, 39.580478], [67.44222, 39.140144], [68.176025, 38.901553], [68.392033, 38.157025], [67.83, 37.144994]]]}, "properties": {"name": "Uzbekistan"}, "id": "UZB"}, {"type": "Feature", "geometry": {"type": "Polygon", "coordinates": [[[-60.733574, 5.200277], [-60.601179, 4.918098], [-60.966893, 4.536468], [-62.08543, 4.162124], [-62.804533, 4.006965], [-63.093198, 3.770571], [-63.888343, 4.02053], [-64.628659, 4.148481], [-64.816064, 4.056445], [-64.368494, 3.79721], [-64.408828, 3.126786], [-64.269999, 2.497006], [-63.422867, 2.411068], [-63.368788, 2.2009], [-64.083085, 1.916369], [-64.199306, 1.492855], [-64.611012, 1.328731], [-65.354713, 1.095282], [-65.548267, 0.789254], [-66.325765, 0.724452], [-66.876326, 1.253361], [-67.181294, 2.250638], [-67.447092, 2.600281], [-67.809938, 2.820655], [-67.303173, 3.318454], [-67.337564, 3.542342], [-67.621836, 3.839482], [-67.823012, 4.503937], [-67.744697, 5.221129], [-67.521532, 5.55687], [-67.34144, 6.095468], [-67.695087, 6.267318], [-68.265052, 6.153268], [-68.985319, 6.206805], [-69.38948, 6.099861], [-70.093313, 6.960376], [-70.674234, 7.087785], [-71.960176, 6.991615], [-72.198352, 7.340431], [-72.444487, 7.423785], [-72.479679, 7.632506], [-72.360901, 8.002638], [-72.439862, 8.405275], [-72.660495, 8.625288], [-72.78873, 9.085027], [-73.304952, 9.152], [-73.027604, 9.73677], [-72.905286, 10.450344], [-72.614658, 10.821975], [-72.227575, 11.108702], [-71.973922, 11.608672], [-71.331584, 11.776284], [-71.360006, 11.539994], [-71.94705, 11.423282], [-71.620868, 10.96946], [-71.633064, 10.446494], [-72.074174, 9.865651], [-71.695644, 9.072263], [-71.264559, 9.137195], [-71.039999, 9.859993], [-71.350084, 10.211935], [-71.400623, 10.968969], [-70.155299, 11.375482], [-70.293843, 11.846822], [-69.943245, 12.162307], [-69.5843, 11.459611], [-68.882999, 11.443385], [-68.233271, 10.885744], [-68.194127, 10.554653], [-67.296249, 10.545868], [-66.227864, 10.648627], [-65.655238, 10.200799], [-64.890452, 10.077215], [-64.329479, 10.389599], [-64.318007, 10.641418], [-63.079322, 10.701724], [-61.880946, 10.715625], [-62.730119, 10.420269], [-62.388512, 9.948204], [-61.588767, 9.873067], [-60.830597, 9.38134], [-60.671252, 8.580174], [-60.150096, 8.602757], [-59.758285, 8.367035], [-60.550588, 7.779603], [-60.637973, 7.415], [-60.295668, 7.043911], [-60.543999, 6.856584], [-61.159336, 6.696077], [-61.139415, 6.234297], [-61.410303, 5.959068], [-60.733574, 5.200277]]]}, "properties": {"name": "Venezuela"}, "id": "VEN"}, {"type": "Feature", "geometry": {"type": "Polygon", "coordinates": [[[102.170436, 22.464753], [102.706992, 22.708795], [103.504515, 22.703757], [104.476858, 22.81915], [105.329209, 23.352063], [105.811247, 22.976892], [106.725403, 22.794268], [106.567273, 22.218205], [107.04342, 21.811899], [108.05018, 21.55238], [106.715068, 20.696851], [105.881682, 19.75205], [105.662006, 19.058165], [106.426817, 18.004121], [107.361954, 16.697457], [108.269495, 16.079742], [108.877107, 15.276691], [109.33527, 13.426028], [109.200136, 11.666859], [108.36613, 11.008321], [107.220929, 10.364484], [106.405113, 9.53084], [105.158264, 8.59976], [104.795185, 9.241038], [105.076202, 9.918491], [104.334335, 10.486544], [105.199915, 10.88931], [106.24967, 10.961812], [105.810524, 11.567615], [107.491403, 12.337206], [107.614548, 13.535531], [107.382727, 14.202441], [107.564525, 15.202173], [107.312706, 15.908538], [106.556008, 16.604284], [105.925762, 17.485315], [105.094598, 18.666975], [103.896532, 19.265181], [104.183388, 19.624668], [104.822574, 19.886642], [104.435, 20.758733], [103.203861, 20.766562], [102.754896, 21.675137], [102.170436, 22.464753]]]}, "properties": {"name": "Vietnam"}, "id": "VNM"}, {"type": "Feature", "geometry": {"type": "MultiPolygon", "coordinates": [[[[167.844877, -16.466333], [167.515181, -16.59785], [167.180008, -16.159995], [167.216801, -15.891846], [167.844877, -16.466333]]], [[[167.107712, -14.93392], [167.270028, -15.740021], [167.001207, -15.614602], [166.793158, -15.668811], [166.649859, -15.392704], [166.629137, -14.626497], [167.107712, -14.93392]]]]}, "properties": {"name": "Vanuatu"}, "id": "VUT"}, {"type": "Feature", "geometry": {"type": "Polygon", "coordinates": [[[35.397561, 31.489086], [34.927408, 31.353435], [34.970507, 31.616778], [35.225892, 31.754341], [34.974641, 31.866582], [35.18393, 32.532511], [35.545665, 32.393992], [35.545252, 31.782505], [35.397561, 31.489086]]]}, "properties": {"name": "West Bank"}, "id": "PSE"}, {"type": "Feature", "geometry": {"type": "Polygon", "coordinates": [[[-8.66559, 27.656426], [-8.665124, 27.589479], [-8.6844, 27.395744], [-8.687294, 25.881056], [-11.969419, 25.933353], [-11.937224, 23.374594], [-12.874222, 23.284832], [-13.118754, 22.77122], [-12.929102, 21.327071], [-16.845194, 21.333323], [-17.063423, 20.999752], [-17.020428, 21.42231], [-17.002962, 21.420734], [-14.750955, 21.5006], [-14.630833, 21.86094], [-14.221168, 22.310163], [-13.89111, 23.691009], [-12.500963, 24.770116], [-12.030759, 26.030866], [-11.71822, 26.104092], [-11.392555, 26.883424], [-10.551263, 26.990808], [-10.189424, 26.860945], [-9.735343, 26.860945], [-9.413037, 27.088476], [-8.794884, 27.120696], [-8.817828, 27.656426], [-8.66559, 27.656426]]]}, "properties": {"name": "Western Sahara"}, "id": "WSH"}, {"type": "Feature", "geometry": {"type": "Polygon", "coordinates": [[[52.00001, 19.000003], [52.782184, 17.349742], [53.108573, 16.651051], [52.385206, 16.382411], [52.191729, 15.938433], [52.168165, 15.59742], [51.172515, 15.17525], [49.574576, 14.708767], [48.679231, 14.003202], [48.238947, 13.94809], [47.938914, 14.007233], [47.354454, 13.59222], [46.717076, 13.399699], [45.877593, 13.347764], [45.62505, 13.290946], [45.406459, 13.026905], [45.144356, 12.953938], [44.989533, 12.699587], [44.494576, 12.721653], [44.175113, 12.58595], [43.482959, 12.6368], [43.222871, 13.22095], [43.251448, 13.767584], [43.087944, 14.06263], [42.892245, 14.802249], [42.604873, 15.213335], [42.805015, 15.261963], [42.702438, 15.718886], [42.823671, 15.911742], [42.779332, 16.347891], [43.218375, 16.66689], [43.115798, 17.08844], [43.380794, 17.579987], [43.791519, 17.319977], [44.062613, 17.410359], [45.216651, 17.433329], [45.399999, 17.333335], [46.366659, 17.233315], [46.749994, 17.283338], [47.000005, 16.949999], [47.466695, 17.116682], [48.183344, 18.166669], [49.116672, 18.616668], [52.00001, 19.000003]]]}, "properties": {"name": "Yemen"}, "id": "YEM"}, {"type": "Feature", "geometry": {"type": "Polygon", "coordinates": [[[19.895768, -24.76779], [20.165726, -24.917962], [20.758609, -25.868136], [20.66647, -26.477453], [20.889609, -26.828543], [21.605896, -26.726534], [22.105969, -26.280256], [22.579532, -25.979448], [22.824271, -25.500459], [23.312097, -25.26869], [23.73357, -25.390129], [24.211267, -25.670216], [25.025171, -25.71967], [25.664666, -25.486816], [25.765849, -25.174845], [25.941652, -24.696373], [26.485753, -24.616327], [26.786407, -24.240691], [27.11941, -23.574323], [28.017236, -22.827754], [29.432188, -22.091313], [29.839037, -22.102216], [30.322883, -22.271612], [30.659865, -22.151567], [31.191409, -22.25151], [31.670398, -23.658969], [31.930589, -24.369417], [31.752408, -25.484284], [31.837778, -25.843332], [31.333158, -25.660191], [31.04408, -25.731452], [30.949667, -26.022649], [30.676609, -26.398078], [30.685962, -26.743845], [31.282773, -27.285879], [31.86806, -27.177927], [32.071665, -26.73382], [32.83012, -26.742192], [32.580265, -27.470158], [32.462133, -28.301011], [32.203389, -28.752405], [31.521001, -29.257387], [31.325561, -29.401978], [30.901763, -29.909957], [30.622813, -30.423776], [30.055716, -31.140269], [28.925553, -32.172041], [28.219756, -32.771953], [27.464608, -33.226964], [26.419452, -33.61495], [25.909664, -33.66704], [25.780628, -33.944646], [25.172862, -33.796851], [24.677853, -33.987176], [23.594043, -33.794474], [22.988189, -33.916431], [22.574157, -33.864083], [21.542799, -34.258839], [20.689053, -34.417175], [20.071261, -34.795137], [19.616405, -34.819166], [19.193278, -34.462599], [18.855315, -34.444306], [18.424643, -33.997873], [18.377411, -34.136521], [18.244499, -33.867752], [18.25008, -33.281431], [17.92519, -32.611291], [18.24791, -32.429131], [18.221762, -31.661633], [17.566918, -30.725721], [17.064416, -29.878641], [16.344977, -28.576705], [16.824017, -28.082162], [17.218929, -28.355943], [17.387497, -28.783514], [17.836152, -28.856378], [18.464899, -29.045462], [19.002127, -28.972443], [19.894734, -28.461105], [19.895768, -24.76779]], [[28.978263, -28.955597], [28.5417, -28.647502], [28.074338, -28.851469], [27.532511, -29.242711], [26.999262, -29.875954], [27.749397, -30.645106], [28.107205, -30.545732], [28.291069, -30.226217], [28.8484, -30.070051], [29.018415, -29.743766], [29.325166, -29.257387], [28.978263, -28.955597]]]}, "properties": {"name": "South Africa"}, "id": "ZAF"}, {"type": "Feature", "geometry": {"type": "Polygon", "coordinates": [[[23.215048, -17.523116], [22.562478, -16.898451], [21.887843, -16.08031], [21.933886, -12.898437], [24.016137, -12.911046], [23.930922, -12.565848], [24.079905, -12.191297], [23.904154, -11.722282], [24.017894, -11.237298], [23.912215, -10.926826], [24.257155, -10.951993], [24.314516, -11.262826], [24.78317, -11.238694], [25.418118, -11.330936], [25.75231, -11.784965], [26.553088, -11.92444], [27.16442, -11.608748], [27.388799, -12.132747], [28.155109, -12.272481], [28.523562, -12.698604], [28.934286, -13.248958], [29.699614, -13.257227], [29.616001, -12.178895], [29.341548, -12.360744], [28.642417, -11.971569], [28.372253, -11.793647], [28.49607, -10.789884], [28.673682, -9.605925], [28.449871, -9.164918], [28.734867, -8.526559], [29.002912, -8.407032], [30.346086, -8.238257], [30.740008902010747, -8.34000542491818], [31.157751, -8.594579], [31.556348, -8.762049], [32.191865, -8.930359], [32.759375, -9.230599], [33.231388, -9.676722], [33.485688, -10.525559], [33.31531, -10.79655], [33.114289, -11.607198], [33.306422, -12.435778], [32.991764, -12.783871], [32.688165, -13.712858], [33.214025, -13.97186], [30.179481, -14.796099], [30.274256, -15.507787], [29.516834, -15.644678], [28.947463, -16.043051], [28.825869, -16.389749], [28.467906, -16.4684], [27.598243, -17.290831], [27.044427, -17.938026], [26.706773, -17.961229], [26.381935, -17.846042], [25.264226, -17.73654], [25.084443, -17.661816], [25.07695, -17.578823], [24.682349, -17.353411], [24.033862, -17.295843], [23.215048, -17.523116]]]}, "properties": {"name": "Zambia"}, "id": "ZMB"}, {"type": "Feature", "geometry": {"type": "Polygon", "coordinates": [[[29.432188, -22.091313], [28.794656, -21.639454], [28.02137, -21.485975], [27.727228, -20.851802], [27.724747, -20.499059], [27.296505, -20.39152], [26.164791, -19.293086], [25.850391, -18.714413], [25.649163, -18.536026], [25.264226, -17.73654], [26.381935, -17.846042], [26.706773, -17.961229], [27.044427, -17.938026], [27.598243, -17.290831], [28.467906, -16.4684], [28.825869, -16.389749], [28.947463, -16.043051], [29.516834, -15.644678], [30.274256, -15.507787], [30.338955, -15.880839], [31.173064, -15.860944], [31.636498, -16.07199], [31.852041, -16.319417], [32.328239, -16.392074], [32.847639, -16.713398], [32.849861, -17.979057], [32.654886, -18.67209], [32.611994, -19.419383], [32.772708, -19.715592], [32.659743, -20.30429], [32.508693, -20.395292], [32.244988, -21.116489], [31.191409, -22.25151], [30.659865, -22.151567], [30.322883, -22.271612], [29.839037, -22.102216], [29.432188, -22.091313]]]}, "properties": {"name": "Zimbabwe"}, "id": "ZWE"}]}